{"cards": [{"artist": "Matt Stewart", "availability": ["arena"], "borderColor": "black", "colorIdentity": ["W"], "colors": ["W"], "convertedManaCost": 4.0, "edhrecRank": 1354, "finishes": ["nonfoil", "foil"], "foreignData": [], "frameVersion": "2015", "hasFoil": true, "hasNonFoil": true, "identifiers": {"mtgArenaId": "74983", "mtgjsonV4Id": "2d677ac6-b9f3-5475-9009-3dd22a0674d1", "scryfallId": "94f05268-0d4f-4638-aec3-a85fc339e3a7", "scryfallIllustrationId": "12655b1b-2813-4261-bb3d-db90d3f01d28", "scryfallOracleId": "48a99dce-0aa9-4aac-81df-cec5f94c639d"}, "isOnlineOnly": true, "isReprint": true, "isStarter": true, "keywords": ["Constellation", "Flying", "Lifelink"], "layout": "normal", "legalities": {"brawl": "Legal", "commander": "Legal", "duel": "Legal", "gladiator": "Legal", "historic": "Legal", "historicbrawl": "Legal", "legacy": "Legal", "modern": "Legal", "penny": "Legal", "pioneer": "Legal", "vintage": "Legal"}, "manaCost": "{2}{W}{W}", "manaValue": 4.0, "name": "Archon of Sun's Grace", "number": "3", "power": "3", "printings": ["AJMP", "PRM", "PTHB", "THB"], "purchaseUrls": {}, "rarity": "rare", "rulings": [{"date": "2020-01-24", "text": "Multiple instances of lifelink on the same creature are redundant."}, {"date": "2020-01-24", "text": "A constellation ability triggers whenever an enchantment enters the battlefield under your control for any reason. Enchantments with other card types, such as enchantment creatures, will also cause constellation abilities to trigger."}, {"date": "2020-01-24", "text": "An Aura spell that has an illegal target when it tries to resolve doesn’t resolve and is instead put into its owner’s graveyard. It doesn’t enter the battlefield, so constellation abilities don’t trigger."}], "setCode": "AJMP", "subtypes": ["Archon"], "supertypes": [], "text": "Flying, lifelink\nPegasus creatures you control have lifelink.\nConstellation — Whenever an enchantment enters the battlefield under your control, create a 2/2 white Pegasus creature token with flying.", "toughness": "4", "type": "Creature — Archon", "types": ["Creature"], "uuid": "379d9293-7e5c-5f93-b4f8-69c5feebc2c8"}, {"artist": "Willian Murai", "availability": ["arena"], "borderColor": "black", "colorIdentity": ["W"], "colors": ["W"], "convertedManaCost": 3.0, "edhrecRank": 966, "finishes": ["nonfoil", "foil"], "foreignData": [], "frameVersion": "2015", "hasFoil": true, "hasNonFoil": true, "identifiers": {"mtgArenaId": "74986", "mtgjsonV4Id": "5ba222eb-48c9-5c42-a250-dd80566c2a22", "scryfallId": "ca112bae-6ac5-4cdf-9e8c-1b99f7396995", "scryfallIllustrationId": "ba37f7c0-17fd-45a2-a788-37c737416c0f", "scryfallOracleId": "f28b21a6-f7ce-437a-8c5b-0423cb55cefb"}, "isOnlineOnly": true, "isReprint": true, "isStarter": true, "layout": "normal", "legalities": {"brawl": "Legal", "commander": "Legal", "duel": "Legal", "gladiator": "Legal", "historic": "Legal", "historicbrawl": "Legal", "legacy": "Legal", "modern": "Legal", "penny": "Legal", "pioneer": "Legal", "vintage": "Legal"}, "manaCost": "{2}{W}", "manaValue": 3.0, "name": "Banishing Light", "number": "4", "printings": ["AJMP", "C15", "CM2", "F14", "JOU", "KHC", "PRM", "THB", "TSR", "ZNC"], "purchaseUrls": {}, "rarity": "uncommon", "rulings": [{"date": "2021-03-19", "text": "If Banishing Light leaves the battlefield before its triggered ability resolves, the target permanent won’t be exiled."}, {"date": "2021-03-19", "text": "Auras attached to the exiled permanent will be put into their owners’ graveyards. Any Equipment will become unattached and remain on the battlefield. Any counters on the exiled permanent will cease to exist. When the card returns to the battlefield, it will be a new object with no connection to the card that was exiled."}, {"date": "2021-03-19", "text": "If a token is exiled this way, it will cease to exist and won’t return to the battlefield."}, {"date": "2021-03-19", "text": "If an Aura is exiled this way, its owner chooses what it will enchant as it returns to the battlefield. An Aura put onto the battlefield this way doesn’t target anything (so it could be attached to a permanent with shroud, for example), but the Aura’s enchant ability restricts what it can be attached to. If the Aura can’t legally be attached to anything, it remains in exile for the rest of the game."}], "setCode": "AJMP", "subtypes": [], "supertypes": [], "text": "When Banishing Light enters the battlefield, exile target nonland permanent an opponent controls until Banishing Light leaves the battlefield.", "type": "Enchantment", "types": ["Enchantment"], "uuid": "653b0945-ff71-5f86-a450-da1bffd48aef"}, {"artist": "Colin Boyer", "availability": ["arena"], "borderColor": "black", "colorIdentity": ["U"], "colors": ["U"], "convertedManaCost": 3.0, "edhrecRank": 1692, "finishes": ["nonfoil", "foil"], "foreignData": [], "frameVersion": "2015", "hasFoil": true, "hasNonFoil": true, "identifiers": {"mtgArenaId": "74987", "mtgjsonV4Id": "6fc70293-e8dd-5d7f-be15-de6eda58a3d6", "scryfallId": "b77adc93-9d3c-423c-9432-cee70a78ddb6", "scryfallIllustrationId": "7398c08d-1cce-4364-b01a-edd63810c8bb", "scryfallOracleId": "c7530ecd-e22f-41e7-a76b-de32809901c8"}, "isOnlineOnly": true, "isReprint": true, "isStarter": true, "layout": "normal", "leadershipSkills": {"brawl": false, "commander": true, "oathbreaker": false}, "legalities": {"brawl": "Legal", "commander": "Legal", "duel": "Legal", "gladiator": "Legal", "historic": "Legal", "historicbrawl": "Legal", "legacy": "Legal", "modern": "Legal", "penny": "Legal", "pioneer": "Legal", "vintage": "Legal"}, "manaCost": "{X}{U}{U}{U}", "manaValue": 3.0, "name": "Gadwick, the Wizened", "number": "48", "power": "3", "printings": ["AJMP", "ELD", "PELD"], "purchaseUrls": {}, "rarity": "rare", "rulings": [{"date": "2019-10-04", "text": "If Gadwick enters the battlefield without being cast, or if it was cast for a cost other than its mana cost, the value of X for its first ability is 0."}, {"date": "2019-10-04", "text": "Gadwick’s second ability resolves before the spell that caused it to trigger. It resolves even if that spell is countered."}, {"date": "2019-10-04", "text": "Gadwick’s triggered ability won’t trigger when you cast it because it’s not on the battlefield yet."}], "setCode": "AJMP", "subtypes": ["Human", "Wizard"], "supertypes": ["Legendary"], "text": "When Gadwick, the Wizened enters the battlefield, draw X cards.\nWhenever you cast a blue spell, tap target nonland permanent an opponent controls.", "toughness": "3", "type": "Legendary Creature — Human Wizard", "types": ["Creature"], "uuid": "6a355983-5989-5ab0-abbd-ad499b2ba169"}, {"artist": "Aleksi Briclot", "availability": ["arena"], "borderColor": "black", "colorIdentity": ["B"], "colors": ["B"], "convertedManaCost": 6.0, "edhrecRank": 4402, "finishes": ["nonfoil", "foil"], "foreignData": [], "frameVersion": "2015", "hasFoil": true, "hasNonFoil": true, "identifiers": {"mtgArenaId": "74993", "mtgjsonV4Id": "c9e32a38-6357-59dc-add4-957d561542d4", "scryfallId": "0d02db50-315a-4b15-b9bd-7feb20e3bae0", "scryfallIllustrationId": "c0d362e8-b93c-4c5f-ab99-21fc4a09dab9", "scryfallOracleId": "527e4eec-0983-46a9-a4f7-451080200aea"}, "isOnlineOnly": true, "isReprint": true, "isStarter": true, "keywords": ["Flying"], "layout": "normal", "legalities": {"commander": "Legal", "duel": "Legal", "gladiator": "Legal", "historic": "Legal", "historicbrawl": "Legal", "legacy": "Legal", "modern": "Legal", "penny": "Legal", "vintage": "Legal"}, "manaCost": "{4}{B}{B}", "manaValue": 6.0, "name": "Carnifex Demon", "number": "57", "power": "6", "printings": ["AJMP", "SOM"], "purchaseUrls": {}, "rarity": "rare", "rulings": [{"date": "2011-01-01", "text": "As Carnifex Demon’s last ability resolves, you’ll put a -1/-1 counter on each creature on the battlefield — including creatures you control — except for that Carnifex Demon."}], "setCode": "AJMP", "subtypes": ["Phyrexian", "Demon"], "supertypes": [], "text": "Flying\nCarnifex Demon enters the battlefield with two -1/-1 counters on it.\n{B}, Remove a -1/-1 counter from Carnifex Demon: Put a -1/-1 counter on each other creature.", "toughness": "6", "type": "Creature — Phyrexian Demon", "types": ["Creature"], "uuid": "1bd9df32-b1d7-5763-ba00-c71dc97e19a7"}, {"artist": "Eric Deschamps", "availability": ["arena"], "borderColor": "black", "colorIdentity": ["U"], "colors": ["U"], "convertedManaCost": 5.0, "edhrecRank": 12838, "finishes": ["nonfoil", "foil"], "foreignData": [], "frameVersion": "2015", "hasFoil": true, "hasNonFoil": true, "identifiers": {"mtgArenaId": "74989", "mtgjsonV4Id": "e746d1f1-c2f7-5581-805f-cc57c4d5c519", "scryfallId": "0afc34d3-a37a-4adf-b7a4-6bfaffed8925", "scryfallIllustrationId": "36f347f7-ebd9-4599-90ad-a14bd48dd999", "scryfallOracleId": "826c5feb-9e82-49e0-bc6f-6c29004f8151"}, "isOnlineOnly": true, "isReprint": true, "isStarter": true, "keywords": ["Mill"], "layout": "normal", "legalities": {"commander": "Legal", "duel": "Legal", "gladiator": "Legal", "historic": "Legal", "historicbrawl": "Legal", "legacy": "Legal", "modern": "Legal", "pioneer": "Legal", "vintage": "Legal"}, "manaCost": "{3}{U}{U}", "manaValue": 5.0, "name": "Weight of Memory", "number": "74", "printings": ["AJMP", "DOM"], "purchaseUrls": {}, "rarity": "uncommon", "rulings": [], "setCode": "AJMP", "subtypes": [], "supertypes": [], "text": "Draw three cards. Target player mills three cards.", "type": "Sorcery", "types": ["Sorcery"], "uuid": "460de799-d149-5bfe-a515-9d7d9e925346"}, {"artist": "Lake Hurwitz", "availability": ["arena"], "borderColor": "black", "colorIdentity": ["B"], "colors": ["B"], "convertedManaCost": 5.0, "edhrecRank": 6614, "finishes": ["nonfoil", "foil"], "foreignData": [], "frameVersion": "2015", "hasFoil": true, "hasNonFoil": true, "identifiers": {"mtgArenaId": "74990", "mtgjsonV4Id": "441084a0-8418-5093-9040-f9d6aaec4f27", "scryfallId": "82839c0f-3e71-4c7d-af3d-dace06e4d94b", "scryfallIllustrationId": "c1b87dfc-6696-4b91-99fa-14c144aacd92", "scryfallOracleId": "62cca25f-3bf7-4b67-97d5-280bf2544722"}, "isOnlineOnly": true, "isReprint": true, "isStarter": true, "layout": "normal", "legalities": {"commander": "Legal", "duel": "Legal", "gladiator": "Legal", "historic": "Legal", "historicbrawl": "Legal", "legacy": "Legal", "modern": "Legal", "penny": "Legal", "pioneer": "Legal", "vintage": "Legal"}, "manaCost": "{4}{B}", "manaValue": 5.0, "name": "Bond of Revival", "number": "80", "printings": ["AJMP", "WAR"], "purchaseUrls": {}, "rarity": "uncommon", "rulings": [], "setCode": "AJMP", "subtypes": [], "supertypes": [], "text": "Return target creature card from your graveyard to the battlefield. It gains haste until your next turn.", "type": "Sorcery", "types": ["Sorcery"], "uuid": "2d981994-5f87-5ef8-8be1-8d67935b76d7"}, {"artist": "Dmitry Burmak", "availability": ["arena"], "borderColor": "black", "colorIdentity": ["B"], "colors": ["B"], "convertedManaCost": 3.0, "edhrecRank": 8946, "finishes": ["nonfoil", "foil"], "foreignData": [], "frameVersion": "2015", "hasFoil": true, "hasNonFoil": true, "identifiers": {"mtgArenaId": "74991", "mtgjsonV4Id": "02c84482-b9f7-5be0-a518-7b52f632b319", "scryfallId": "ba315deb-d5a9-4013-b6ef-e4efe652e569", "scryfallIllustrationId": "166e0d3f-6993-40d7-b3d9-a7b4db3c7696", "scryfallOracleId": "5905c55a-f1d1-4021-a9af-f85b02ae21f3"}, "isOnlineOnly": true, "isReprint": true, "isStarter": true, "layout": "normal", "legalities": {"commander": "Legal", "duel": "Legal", "gladiator": "Legal", "historic": "Legal", "historicbrawl": "Legal", "legacy": "Legal", "modern": "Legal", "pauper": "Legal", "paupercommander": "Legal", "penny": "Legal", "pioneer": "Legal", "vintage": "Legal"}, "manaCost": "{2}{B}", "manaValue": 3.0, "name": "Audacious Thief", "number": "84", "power": "2", "printings": ["AJMP", "M20"], "purchaseUrls": {}, "rarity": "common", "rulings": [], "setCode": "AJMP", "subtypes": ["Human", "Rogue"], "supertypes": [], "text": "Whenever Audacious Thief attacks, you draw a card and you lose 1 life.", "toughness": "2", "type": "Creature — Human Rogue", "types": ["Creature"], "uuid": "fc0666f9-194e-5050-8ef0-e40bd438967a"}, {"artist": "John Avon", "availability": ["arena"], "borderColor": "black", "colorIdentity": ["R"], "colors": ["R"], "convertedManaCost": 1.0, "edhrecRank": 12304, "finishes": ["nonfoil", "foil"], "foreignData": [], "frameVersion": "2015", "hasFoil": true, "hasNonFoil": true, "identifiers": {"mtgArenaId": "74996", "mtgjsonV4Id": "1792b703-51eb-5525-bfc2-91ca5458f74d", "scryfallId": "826e3183-9e72-478f-a5f3-a28bf7aad014", "scryfallIllustrationId": "c4c56c4a-e1a4-4abc-9984-2d515e479c8f", "scryfallOracleId": "d07b4bb6-0c8d-44ea-a5b3-eeb6e36f3631"}, "isOnlineOnly": true, "isReprint": true, "isStarter": true, "keywords": ["Haste", "Trample"], "layout": "normal", "legalities": {"commander": "Legal", "duel": "Legal", "gladiator": "Legal", "historic": "Legal", "historicbrawl": "Legal", "legacy": "Legal", "modern": "Legal", "penny": "Legal", "vintage": "Legal"}, "manaCost": "{X}{R}", "manaValue": 1.0, "name": "Lightning Serpent", "number": "88", "power": "2", "printings": ["AJMP", "CSP"], "purchaseUrls": {}, "rarity": "rare", "rulings": [{"date": "2006-07-15", "text": "If Lightning Serpent enters the battlefield without X being paid because an effect puts it onto the battlefield or an effect lets you cast it without paying its mana cost, then X is 0."}], "setCode": "AJMP", "subtypes": ["Elemental", "Serpent"], "supertypes": [], "text": "Trample, haste\nLightning Serpent enters the battlefield with X +1/+0 counters on it.\nAt the beginning of the end step, sacrifice Lightning Serpent.", "toughness": "1", "type": "Creature — Elemental Serpent", "types": ["Creature"], "uuid": "5d2f1772-d94b-5223-bdef-fcff904c0097"}, {"artist": "Matt Stewart", "availability": ["arena"], "borderColor": "black", "colorIdentity": ["R"], "colors": ["R"], "convertedManaCost": 4.0, "edhrecRank": 2632, "finishes": ["nonfoil", "foil"], "foreignData": [], "frameVersion": "2015", "hasFoil": true, "hasNonFoil": true, "identifiers": {"mtgArenaId": "74999", "mtgjsonV4Id": "db948ecf-b6df-5118-a1a9-22bd47c7e276", "scryfallId": "9ea86c57-896f-405a-9eed-e567a8646982", "scryfallIllustrationId": "09babc77-c8ad-43e8-8f55-872d9024c50e", "scryfallOracleId": "f19d06af-6caf-41d8-8d0a-d5d50bd67900"}, "isOnlineOnly": true, "isReprint": true, "isStarter": true, "layout": "normal", "legalities": {"commander": "Legal", "duel": "Legal", "gladiator": "Legal", "historic": "Legal", "historicbrawl": "Legal", "legacy": "Legal", "modern": "Legal", "paupercommander": "Restricted", "penny": "Legal", "pioneer": "Legal", "vintage": "Legal"}, "manaCost": "{3}{R}", "manaValue": 4.0, "name": "Fanatic of Mogis", "number": "121", "power": "4", "printings": ["AJMP", "THS"], "purchaseUrls": {}, "rarity": "uncommon", "rulings": [{"date": "2013-09-15", "text": "Numeric mana symbols ({0}, {1}, and so on) in mana costs of permanents you control don’t count toward your devotion to any color."}, {"date": "2013-09-15", "text": "Mana symbols in the text boxes of permanents you control don’t count toward your devotion to any color."}, {"date": "2013-09-15", "text": "Hybrid mana symbols, monocolored hybrid mana symbols, and Phyrexian mana symbols do count toward your devotion to their color(s)."}, {"date": "2013-09-15", "text": "If an activated ability or triggered ability has an effect that depends on your devotion to a color, you count the number of mana symbols of that color among the mana costs of permanents you control as the ability resolves. The permanent with that ability will be counted if it’s still on the battlefield at that time."}], "setCode": "AJMP", "subtypes": ["Minotaur", "Shaman"], "supertypes": [], "text": "When Fanatic of Mogis enters the battlefield, it deals damage to each opponent equal to your devotion to red. (Each {R} in the mana costs of permanents you control counts toward your devotion to red.)", "toughness": "2", "type": "Creature — Minotaur Shaman", "types": ["Creature"], "uuid": "b6ceec74-2a06-5d48-a89f-f72ec5ec420b"}, {"artist": "John Thacker", "availability": ["arena"], "borderColor": "black", "colorIdentity": ["B"], "colors": ["B"], "convertedManaCost": 3.0, "edhrecRank": 961, "finishes": ["nonfoil", "foil"], "foreignData": [], "frameVersion": "2015", "hasFoil": true, "hasNonFoil": true, "identifiers": {"mtgArenaId": "74994", "mtgjsonV4Id": "dbe17611-436b-54fa-8cb6-1abe20e085c7", "scryfallId": "b90e9037-87e0-4ad6-a4e4-c5f55a60007c", "scryfallIllustrationId": "d9206a12-1441-429e-b1f9-1dc329df2a9b", "scryfallOracleId": "3adbd963-e85d-4569-963a-4472594f06f9"}, "isOnlineOnly": true, "isReprint": true, "isStarter": true, "keywords": ["Escape", "Scry"], "layout": "normal", "legalities": {"brawl": "Legal", "commander": "Legal", "duel": "Legal", "gladiator": "Legal", "historic": "Legal", "historicbrawl": "Legal", "legacy": "Legal", "modern": "Legal", "pioneer": "Legal", "vintage": "Legal"}, "manaCost": "{2}{B}", "manaValue": 3.0, "name": "Woe Strider", "number": "123", "power": "3", "printings": ["AJMP", "PRM", "PTHB", "THB"], "purchaseUrls": {}, "rarity": "rare", "rulings": [{"date": "2020-01-24", "text": "Escape’s permission doesn’t change when you may cast the spell from your graveyard."}, {"date": "2020-01-24", "text": "To determine the total cost of a spell, start with the mana cost or alternative cost you’re paying (such as an escape cost), add any cost increases, then apply any cost reductions. The converted mana cost of the spell remains unchanged, no matter what the total cost to cast it was and no matter whether an alternative cost was paid."}, {"date": "2020-01-24", "text": "After an escaped spell resolves, it returns to its owner’s graveyard if it’s not a permanent spell. If it is a permanent spell, it enters the battlefield and will return to its owner’s graveyard if it dies later. Perhaps it will escape again—good underworld security is so hard to come by these days."}, {"date": "2020-01-24", "text": "If a card has multiple abilities giving you permission to cast it, such as two escape abilities or an escape ability and a flashback ability, you choose which one to apply. The others have no effect."}, {"date": "2020-01-24", "text": "If you cast a spell with its escape permission, you can’t choose to apply any other alternative costs or to cast it without paying its mana cost. If it has any additional costs, you must pay those."}, {"date": "2020-01-24", "text": "If a card with escape is put into your graveyard during your turn, you’ll be able to cast it right away if it’s legal to do so, before an opponent can take any actions."}, {"date": "2020-01-24", "text": "Once you begin casting a spell with escape, it immediately moves to the stack. Players can’t take any other actions until you’re done casting the spell."}], "setCode": "AJMP", "subtypes": ["Horror"], "supertypes": [], "text": "When Woe Strider enters the battlefield, create a 0/1 white Goat creature token.\nSacrifice another creature: Scry 1.\nEscape—{3}{B}{B}, Exile four other cards from your graveyard. (You may cast this card from your graveyard for its escape cost.)\nWoe Strider escapes with two +1/+1 counters on it.", "toughness": "2", "type": "Creature — Horror", "types": ["Creature"], "uuid": "2515cdce-b164-543a-99ab-53bc25c44295"}, {"artist": "David Palumbo", "availability": ["arena"], "borderColor": "black", "colorIdentity": ["R"], "colors": ["R"], "convertedManaCost": 2.0, "edhrecRank": 6666, "finishes": ["nonfoil", "foil"], "foreignData": [], "frameVersion": "2015", "hasFoil": true, "hasNonFoil": true, "identifiers": {"mtgArenaId": "74998", "mtgjsonV4Id": "ee816893-b2f7-5ca9-a113-fec753bddb8f", "scryfallId": "29dd3491-453c-4fd3-9942-a2dbf1a7595e", "scryfallIllustrationId": "ea3182ff-8576-4703-9b8d-27fd56d474ea", "scryfallOracleId": "836bd011-2da5-443a-a814-19a664b98a1a"}, "isOnlineOnly": true, "isReprint": true, "isStarter": true, "layout": "normal", "legalities": {"commander": "Legal", "duel": "Legal", "gladiator": "Legal", "historic": "Legal", "historicbrawl": "Legal", "legacy": "Legal", "modern": "Legal", "vintage": "Legal"}, "manaCost": "{1}{R}", "manaValue": 2.0, "name": "Goblin Oriflamme", "number": "130", "printings": ["AJMP", "MB1", "MH1"], "purchaseUrls": {}, "rarity": "uncommon", "rulings": [], "setCode": "AJMP", "subtypes": [], "supertypes": [], "text": "Attacking creatures you control get +1/+0.", "type": "Enchantment", "types": ["Enchantment"], "uuid": "ac8a15ef-4704-5c1f-b94c-5a7061a74a64"}, {"artist": "Volkan Baǵa", "availability": ["arena"], "borderColor": "black", "colorIdentity": ["B"], "colors": ["B"], "convertedManaCost": 3.0, "edhrecRank": 1698, "finishes": ["nonfoil", "foil"], "foreignData": [], "frameVersion": "2015", "hasFoil": true, "hasNonFoil": true, "identifiers": {"mtgArenaId": "74992", "mtgjsonV4Id": "ec8957ae-52b3-51b5-adae-8ea4c02546e2", "scryfallId": "1c8cf693-d46e-41d0-ba4d-1cbb5b092857", "scryfallIllustrationId": "efc793dd-4caf-463d-a352-8b3c1757a7f1", "scryfallOracleId": "155422a0-a0cd-4399-8ed9-fa68ac2c80a6"}, "isOnlineOnly": true, "isReprint": true, "isStarter": true, "layout": "normal", "legalities": {"commander": "Legal", "duel": "Legal", "gladiator": "Legal", "historic": "Legal", "historicbrawl": "Legal", "legacy": "Legal", "modern": "Legal", "penny": "Legal", "premodern": "Legal", "vintage": "Legal"}, "manaCost": "{2}{B}", "manaValue": 3.0, "name": "Doomed Necromancer", "number": "137", "power": "2", "printings": ["10E", "2XM", "AFC", "AJMP", "C19", "ONS", "WC03"], "purchaseUrls": {}, "rarity": "rare", "rulings": [{"date": "2020-08-07", "text": "Because targets are chosen before costs are paid, Doomed Necromancer can’t be the target of its own ability."}], "setCode": "AJMP", "subtypes": ["Human", "Cleric", "Mercenary"], "supertypes": [], "text": "{B}, {T}, Sacrifice Doomed Necromancer: Return target creature card from your graveyard to the battlefield.", "toughness": "2", "type": "Creature — Human Cleric Mercenary", "types": ["Creature"], "uuid": "5dcce957-18f4-5034-b880-c164498e1ce1"}, {"artist": "Eric Velhagen", "availability": ["arena"], "borderColor": "black", "colorIdentity": ["R"], "colors": ["R"], "convertedManaCost": 2.0, "edhrecRank": 7919, "finishes": ["nonfoil", "foil"], "flavorText": "As the blaze raced towards her, Syr Ameril closed her eyes and pictured Castle Ardenvale so her last thoughts would be of home.", "foreignData": [], "frameVersion": "2015", "hasFoil": true, "hasNonFoil": true, "identifiers": {"mtgArenaId": "74997", "mtgjsonV4Id": "7a3d04bf-9bc6-5fbf-8f96-05eedde9f29e", "scryfallId": "b7bcefc6-5233-4506-96f2-228d565c2628", "scryfallIllustrationId": "a1c915a4-6736-4d68-a6e4-6d594f98adf2", "scryfallOracleId": "d14f313c-fea6-49c4-8197-5b74ee584a6b"}, "isOnlineOnly": true, "isReprint": true, "isStarter": true, "layout": "normal", "legalities": {"brawl": "Legal", "commander": "Legal", "duel": "Legal", "gladiator": "Legal", "historic": "Legal", "historicbrawl": "Legal", "legacy": "Legal", "modern": "Legal", "pauper": "Legal", "paupercommander": "Legal", "penny": "Legal", "pioneer": "Legal", "vintage": "Legal"}, "manaCost": "{1}{R}", "manaValue": 2.0, "name": "Scorching Dragonfire", "number": "139", "printings": ["AJMP", "ELD", "M21"], "purchaseUrls": {}, "rarity": "common", "rulings": [{"date": "2019-10-04", "text": "Scorching Dragonfire’s replacement effect will exile the target creature or planeswalker if it would die this turn for any reason, not just due to lethal damage. It applies to the target creature or planeswalker even if Scorching Dragonfire deals no damage to it (most likely due to a prevention effect)."}, {"date": "2020-06-23", "text": "Scorching Dragonfire’s replacement effect will exile the target creature or planeswalker if it would die this turn for any reason, not just due to lethal damage."}], "setCode": "AJMP", "subtypes": [], "supertypes": [], "text": "Scorching Dragonfire deals 3 damage to target creature or planeswalker. If that creature or planeswalker would die this turn, exile it instead.", "type": "Instant", "types": ["Instant"], "uuid": "e45ff0a0-f5b9-5dbd-a8bb-748a2f825116"}, {"artist": "G-host Lee", "availability": ["arena"], "borderColor": "black", "colorIdentity": ["G"], "colors": ["G"], "convertedManaCost": 1.0, "edhrecRank": 3484, "finishes": ["nonfoil", "foil"], "foreignData": [], "frameVersion": "2015", "hasFoil": true, "hasNonFoil": true, "identifiers": {"mtgArenaId": "75002", "mtgjsonV4Id": "b73fa783-5746-55dc-bfb4-e56978effbb2", "scryfallId": "a5efc702-0a58-495a-b041-3cf4a3c63605", "scryfallIllustrationId": "b0cad95b-2dfa-432a-af28-7cf48223239a", "scryfallOracleId": "b3c12848-528d-4005-878f-4f950a07240a"}, "isOnlineOnly": true, "isReprint": true, "isStarter": true, "keywords": ["Fight"], "layout": "normal", "legalities": {"commander": "Legal", "duel": "Legal", "gladiator": "Legal", "historic": "Legal", "historicbrawl": "Legal", "legacy": "Legal", "modern": "Legal", "pauper": "Legal", "paupercommander": "Legal", "penny": "Legal", "pioneer": "Legal", "vintage": "Legal"}, "manaCost": "{G}", "manaValue": 1.0, "name": "Prey Upon", "number": "143", "printings": ["AER", "AJMP", "CN2", "DDL", "E02", "EMN", "GRN", "ISD", "M13", "MB1", "UMA"], "purchaseUrls": {}, "rarity": "common", "rulings": [{"date": "2018-12-07", "text": "If either target is an illegal target as Prey Upon resolves, no creature will deal or be dealt damage."}], "setCode": "AJMP", "subtypes": [], "supertypes": [], "text": "Target creature you control fights target creature you don't control. (Each deals damage equal to its power to the other.)", "type": "Sorcery", "types": ["Sorcery"], "uuid": "f628854f-93da-5a31-9fd2-385ba436de5b"}, {"artist": "Adam Paquette", "availability": ["arena"], "borderColor": "black", "colorIdentity": ["R"], "colors": ["R"], "convertedManaCost": 2.0, "edhrecRank": 4006, "finishes": ["nonfoil", "foil"], "foreignData": [], "frameVersion": "2015", "hasFoil": true, "hasNonFoil": true, "identifiers": {"mtgArenaId": "74995", "mtgjsonV4Id": "a4bf8b8d-f890-5242-b7c0-f200cefd1c07", "scryfallId": "b23d6985-f3ee-409c-8a81-05d2d84e2da4", "scryfallIllustrationId": "a2c7a008-b897-4f90-92cb-bfa6bb35b6b4", "scryfallOracleId": "f34b9bc4-7bfe-47fd-ba23-4eeeb46026eb"}, "isOnlineOnly": true, "isReprint": true, "isStarter": true, "layout": "normal", "legalities": {"commander": "Legal", "duel": "Legal", "gladiator": "Legal", "historic": "Legal", "historicbrawl": "Legal", "legacy": "Legal", "modern": "Legal", "pauper": "Legal", "paupercommander": "Legal", "penny": "Legal", "pioneer": "Legal", "vintage": "Legal"}, "manaCost": "{1}{R}", "manaValue": 2.0, "name": "Lightning Strike", "number": "152", "printings": ["AJMP", "GN2", "M15", "M19", "THS", "XLN"], "purchaseUrls": {}, "rarity": "uncommon", "rulings": [], "setCode": "AJMP", "subtypes": [], "supertypes": [], "text": "Lightning Strike deals 3 damage to any target.", "type": "Instant", "types": ["Instant"], "uuid": "886d8e8f-c448-5cf2-8f8d-a644d5844f36"}, {"artist": "Matt Stewart", "availability": ["arena"], "borderColor": "black", "colorIdentity": ["G"], "colors": ["G"], "convertedManaCost": 2.0, "edhrecRank": 2484, "finishes": ["nonfoil", "foil"], "foreignData": [], "frameVersion": "2015", "hasFoil": true, "hasNonFoil": true, "identifiers": {"mtgArenaId": "75001", "mtgjsonV4Id": "002db892-93ec-50d6-b8a9-206cd612892e", "scryfallId": "382fb8a8-8298-4383-9304-6db9c6711f3d", "scryfallIllustrationId": "b008ea3c-97ed-45b2-a5f7-1ec43ef66bd5", "scryfallOracleId": "828fe0c0-e280-4a8b-9e49-68cb34c2da97"}, "isOnlineOnly": true, "isReprint": true, "isStarter": true, "keywords": ["Proliferate"], "layout": "normal", "legalities": {"commander": "Legal", "duel": "Legal", "gladiator": "Legal", "historic": "Legal", "historicbrawl": "Legal", "legacy": "Legal", "modern": "Legal", "pauper": "Legal", "paupercommander": "Legal", "pioneer": "Legal", "vintage": "Legal"}, "manaCost": "{1}{G}", "manaValue": 2.0, "name": "Pollenbright Druid", "number": "173", "power": "1", "printings": ["AJMP", "WAR"], "purchaseUrls": {}, "rarity": "common", "rulings": [{"date": "2019-05-03", "text": "You may choose Pollenbright Druid as the target of its own ability."}, {"date": "2021-03-19", "text": "If a permanent has +1/+1 counters and -1/-1 counters on it, they’re removed in pairs as a state-based action so that the permanent has only one of those kinds of counters on it."}, {"date": "2021-03-19", "text": "To proliferate, you can choose any permanent that has a counter, including ones controlled by opponents. You can’t choose cards in any zone other than the battlefield, even if they have counters on them."}, {"date": "2021-03-19", "text": "You don’t have to choose every permanent or player that has a counter, only the ones you want to add another counter to. Since “any number” includes zero, you don’t have to choose any permanents at all, and you don’t have to choose any players at all."}, {"date": "2021-03-19", "text": "Players can respond to a spell or ability whose effect includes proliferating. Once that spell or ability starts to resolve, however, and its controller chooses which permanents and players will get new counters, it’s too late for anyone to respond."}], "setCode": "AJMP", "subtypes": ["Elf", "Druid"], "supertypes": [], "text": "When Pollenbright Druid enters the battlefield, choose one —\n• Put a +1/+1 counter on target creature.\n• Proliferate. (Choose any number of permanents and/or players, then give each another counter of each kind already there.)", "toughness": "1", "type": "Creature — Elf Druid", "types": ["Creature"], "uuid": "2113df45-0f9f-56fb-b2d4-30bf6db3578c"}, {"artist": "Greg Opalinski", "availability": ["arena"], "borderColor": "black", "colorIdentity": ["G"], "colors": ["G"], "convertedManaCost": 2.0, "edhrecRank": 6628, "finishes": ["nonfoil", "foil"], "foreignData": [], "frameVersion": "2015", "hasFoil": true, "hasNonFoil": true, "identifiers": {"mtgArenaId": "75000", "mtgjsonV4Id": "87c25978-3fe8-5860-a75f-fe0a5d68da3f", "scryfallId": "4368b8d6-6310-44cc-81f0-bf1af6d361b2", "scryfallIllustrationId": "7d734760-4eb4-4b3a-bc3f-e7ac555b91d1", "scryfallOracleId": "5c43c1d7-1899-45c1-992b-443873890d78"}, "isOnlineOnly": true, "isReprint": true, "isStarter": true, "layout": "normal", "legalities": {"commander": "Legal", "duel": "Legal", "gladiator": "Legal", "historic": "Legal", "historicbrawl": "Legal", "legacy": "Legal", "modern": "Legal", "paupercommander": "Restricted", "pioneer": "Legal", "vintage": "Legal"}, "manaCost": "{1}{G}", "manaValue": 2.0, "name": "Dryad Greenseeker", "number": "178", "power": "1", "printings": ["AJMP", "M19"], "purchaseUrls": {}, "rarity": "uncommon", "rulings": [{"date": "2018-07-13", "text": "If the top card of your library isn’t a land card, or if you choose not to reveal it, it remains on top of your library."}], "setCode": "AJMP", "subtypes": ["Dryad"], "supertypes": [], "text": "{T}: Look at the top card of your library. If it's a land card, you may reveal it and put it into your hand.", "toughness": "3", "type": "Creature — Dryad", "types": ["Creature"], "uuid": "8114dbae-032e-519e-8f2d-c809fc44bcb1"}, {"artist": "Magali Villeneuve", "availability": ["arena"], "borderColor": "black", "colorIdentity": ["W"], "colors": ["W"], "convertedManaCost": 6.0, "edhrecRank": 4704, "finishes": ["nonfoil", "foil"], "foreignData": [], "frameVersion": "2015", "hasFoil": true, "hasNonFoil": true, "identifiers": {"mtgArenaId": "74984", "mtgjsonV4Id": "9bf49036-ea2a-52e3-95f1-9c5834e1b1ed", "scryfallId": "cb0775d6-fa85-40e4-9834-b8b68c038e49", "scryfallIllustrationId": "4a63fa3f-11e0-4a1e-a30a-3980d48bc21e", "scryfallOracleId": "c50cd7e7-8d53-44af-ac96-3e104587bdb3"}, "isOnlineOnly": true, "isReprint": true, "isStarter": true, "keywords": ["Flying", "Vigilance"], "layout": "normal", "legalities": {"commander": "Legal", "duel": "Legal", "gladiator": "Legal", "historic": "Legal", "historicbrawl": "Legal", "legacy": "Legal", "modern": "Legal", "pioneer": "Legal", "vintage": "Legal"}, "manaCost": "{4}{W}{W}", "manaValue": 6.0, "name": "Serra's Guardian", "number": "310", "power": "5", "printings": ["AJMP", "M19", "M20"], "purchaseUrls": {}, "rarity": "rare", "rulings": [{"date": "2019-07-12", "text": "A creature losing vigilance after it has attacked (most likely because Serra’s Guardian leaves the battlefield) won’t cause it to become tapped."}], "setCode": "AJMP", "subtypes": ["Angel"], "supertypes": [], "text": "Flying (This creature can't be blocked except by creatures with flying or reach.)\nVigilance (Attacking doesn't cause this creature to tap.)\nOther creatures you control have vigilance.", "toughness": "5", "type": "Creature — Angel", "types": ["Creature"], "uuid": "e6695797-3c7b-5003-bffe-b88b5488cb1b"}], "code": "AJMP", "isFoilOnly": false, "isOnlineOnly": true, "keyruneCode": "JMP", "name": "Jumpstart Arena Exclusives", "parentCode": "JMP", "releaseDate": "2020-07-17", "tokens": [], "totalSetSize": 18, "translations": {}, "type": "starter"}