{"cards": [{"artist": "Bastien L. Deharme", "availability": ["paper"], "borderColor": "black", "colorIdentity": ["B"], "colors": ["B"], "convertedManaCost": 3.0, "edhrecRank": 1776, "faceConvertedManaCost": 3.0, "faceManaValue": 3.0, "faceName": "Liliana, Heretical Healer", "finishes": ["nonfoil", "foil"], "foreignData": [], "frameVersion": "2015", "hasFoil": true, "hasNonFoil": true, "identifiers": {"mtgjsonV4Id": "f7994944-5658-5ce2-bed5-c0baa61b8d44", "scryfallId": "d8b718d8-fca3-4b3e-9448-6067c8656a9a", "scryfallIllustrationId": "f64241a6-66b1-472f-be34-b0ecaa93d9d9", "scryfallOracleId": "b96a8ad2-3d86-459b-a34f-19c9dc07c3c4", "tcgplayerProductId": "247521"}, "isReprint": true, "isStarter": true, "keywords": ["Lifelink"], "layout": "transform", "leadershipSkills": {"brawl": false, "commander": true, "oathbreaker": false}, "legalities": {"commander": "Legal", "duel": "Legal", "legacy": "Legal", "modern": "Legal", "pioneer": "Legal", "vintage": "Legal"}, "manaCost": "{1}{B}{B}", "manaValue": 3.0, "name": "Liliana, Heretical Healer // Liliana, Defiant Necromancer", "number": "1", "otherFaceIds": ["e3785fe2-f726-57ff-beb1-39c25e69bb78"], "power": "2", "printings": ["CC2", "ORI", "PORI", "PS15", "V17"], "purchaseUrls": {"tcgplayer": "https://mtgjson.com/links/de1d4a9a958ff276"}, "rarity": "mythic", "rulings": [{"date": "2015-06-22", "text": "The back face of a double-faced card (in the case of Magic Origins, the planeswalker face) can’t be cast."}, {"date": "2015-06-22", "text": "A double-faced card enters the battlefield with its front face up by default, unless a spell or ability instructs you to put it onto the battlefield transformed, in which case it enters with its back face up."}, {"date": "2015-06-22", "text": "A Magic Origins planeswalker that enters the battlefield because of the ability of its front face will enter with loyalty counters as normal."}, {"date": "2015-06-22", "text": "In some rare cases, a spell or ability may cause one of these five cards to transform while it’s a creature (front face up) on the battlefield. If this happens, the resulting planeswalker won’t have any loyalty counters on it and will subsequently be put into its owner’s graveyard."}, {"date": "2015-06-22", "text": "You can activate one of the planeswalker’s loyalty abilities the turn it enters the battlefield. However, you may do so only during one of your main phases when the stack is empty. For example, if the planeswalker enters the battlefield during combat, there will be an opportunity for your opponent to remove it before you can activate one of its abilities."}, {"date": "2015-06-22", "text": "If a double-faced card is manifested, it will be put onto the battlefield face down (this is also true if it’s put onto the battlefield face down some other way). Note that “face down” is not synonymous with “with its back face up.” A manifested double-faced card is a 2/2 creature with no name, mana cost, creature types, or abilities. While face down, it can’t transform. If the front face of a manifested double-faced card is a creature card, you can turn it face up by paying its mana cost. If you do, its front face will be up. A double-faced card on the battlefield can’t be turned face down."}, {"date": "2015-06-22", "text": "If multiple nontoken creatures you control die, then Liliana, Heretical Healer’s ability will trigger that many times. However, since Liliana can be exiled and returned to the battlefield only once, only the first ability to resolve will create a Zombie token. The other abilities will resolve but won’t do anything."}, {"date": "2015-06-22", "text": "When Liliana, Defiant Necromancer’s first ability resolves, first you choose a card to discard, then each other player in turn order chooses a card to discard, then all those cards are discarded simultaneously. No one sees what the other players are discarding before deciding which card to discard."}, {"date": "2015-06-22", "text": "Each face of a double-faced card has its own set of characteristics: name, types, subtypes, power and toughness, loyalty, abilities, and so on. While a double-faced card is on the battlefield, consider only the characteristics of the face that’s currently up. The other set of characteristics is ignored. While a double-faced card isn’t on the battlefield, consider only the characteristics of its front face."}, {"date": "2015-06-22", "text": "The converted mana cost of a double-faced card not on the battlefield is the converted mana cost of its front face."}, {"date": "2016-04-08", "text": "The back face of a double-faced card doesn’t have a mana cost. A double-faced permanent with its back face up has a converted mana cost equal to the converted mana cost of its front face. Each back face has a color indicator that defines its color."}, {"date": "2016-07-13", "text": "For more information on double-faced cards, see the Shadows over Innistrad mechanics article (http://magic.wizards.com/en/articles/archive/feature/shadows-over-innistrad-mechanics)."}, {"date": "2017-09-29", "text": "You can control two of this permanent, one front-face up and the other back-face up, at the same time."}], "setCode": "CC2", "side": "a", "subtypes": ["Human", "Cleric"], "supertypes": ["Legendary"], "text": "Lifelink\nWhenever another nontoken creature you control dies, exile Liliana, Heretical Healer, then return her to the battlefield transformed under her owner's control. If you do, create a 2/2 black Zombie creature token.", "toughness": "3", "type": "Legendary Creature — Human Cleric", "types": ["Creature"], "uuid": "4cb193a3-1c5a-5fce-9a75-47218734d919"}, {"artist": "Bastien L. Deharme", "availability": ["paper"], "borderColor": "black", "colorIdentity": ["B"], "colorIndicator": ["B"], "colors": ["B"], "convertedManaCost": 3.0, "edhrecRank": 1776, "faceConvertedManaCost": 0.0, "faceManaValue": 0.0, "faceName": "Liliana, Defiant Necromancer", "finishes": ["nonfoil", "foil"], "foreignData": [], "frameVersion": "2015", "hasFoil": true, "hasNonFoil": true, "identifiers": {"mtgjsonV4Id": "4cdb5251-a588-5b29-a865-67c9704ab8e0", "scryfallId": "d8b718d8-fca3-4b3e-9448-6067c8656a9a", "scryfallIllustrationId": "01861cb9-cbba-494c-ac5b-a07873cdfc06", "scryfallOracleId": "b96a8ad2-3d86-459b-a34f-19c9dc07c3c4", "tcgplayerProductId": "247521"}, "isReprint": true, "isStarter": true, "layout": "transform", "leadershipSkills": {"brawl": false, "commander": false, "oathbreaker": true}, "legalities": {"commander": "Legal", "duel": "Legal", "legacy": "Legal", "modern": "Legal", "pioneer": "Legal", "vintage": "Legal"}, "loyalty": "3", "manaValue": 3.0, "name": "Liliana, Heretical Healer // Liliana, Defiant Necromancer", "number": "1", "otherFaceIds": ["4cb193a3-1c5a-5fce-9a75-47218734d919"], "printings": ["CC2", "ORI", "PORI", "PS15", "V17"], "purchaseUrls": {"tcgplayer": "https://mtgjson.com/links/e08dcebb9807e83a"}, "rarity": "mythic", "rulings": [{"date": "2015-06-22", "text": "The back face of a double-faced card (in the case of Magic Origins, the planeswalker face) can’t be cast."}, {"date": "2015-06-22", "text": "A double-faced card enters the battlefield with its front face up by default, unless a spell or ability instructs you to put it onto the battlefield transformed, in which case it enters with its back face up."}, {"date": "2015-06-22", "text": "A Magic Origins planeswalker that enters the battlefield because of the ability of its front face will enter with loyalty counters as normal."}, {"date": "2015-06-22", "text": "In some rare cases, a spell or ability may cause one of these five cards to transform while it’s a creature (front face up) on the battlefield. If this happens, the resulting planeswalker won’t have any loyalty counters on it and will subsequently be put into its owner’s graveyard."}, {"date": "2015-06-22", "text": "You can activate one of the planeswalker’s loyalty abilities the turn it enters the battlefield. However, you may do so only during one of your main phases when the stack is empty. For example, if the planeswalker enters the battlefield during combat, there will be an opportunity for your opponent to remove it before you can activate one of its abilities."}, {"date": "2015-06-22", "text": "If a double-faced card is manifested, it will be put onto the battlefield face down (this is also true if it’s put onto the battlefield face down some other way). Note that “face down” is not synonymous with “with its back face up.” A manifested double-faced card is a 2/2 creature with no name, mana cost, creature types, or abilities. While face down, it can’t transform. If the front face of a manifested double-faced card is a creature card, you can turn it face up by paying its mana cost. If you do, its front face will be up. A double-faced card on the battlefield can’t be turned face down."}, {"date": "2015-06-22", "text": "If multiple nontoken creatures you control die, then Liliana, Heretical Healer’s ability will trigger that many times. However, since Liliana can be exiled and returned to the battlefield only once, only the first ability to resolve will create a Zombie token. The other abilities will resolve but won’t do anything."}, {"date": "2015-06-22", "text": "When Liliana, Defiant Necromancer’s first ability resolves, first you choose a card to discard, then each other player in turn order chooses a card to discard, then all those cards are discarded simultaneously. No one sees what the other players are discarding before deciding which card to discard."}, {"date": "2015-06-22", "text": "Each face of a double-faced card has its own set of characteristics: name, types, subtypes, power and toughness, loyalty, abilities, and so on. While a double-faced card is on the battlefield, consider only the characteristics of the face that’s currently up. The other set of characteristics is ignored. While a double-faced card isn’t on the battlefield, consider only the characteristics of its front face."}, {"date": "2015-06-22", "text": "The converted mana cost of a double-faced card not on the battlefield is the converted mana cost of its front face."}, {"date": "2016-04-08", "text": "The back face of a double-faced card doesn’t have a mana cost. A double-faced permanent with its back face up has a converted mana cost equal to the converted mana cost of its front face. Each back face has a color indicator that defines its color."}, {"date": "2016-07-13", "text": "For more information on double-faced cards, see the Shadows over Innistrad mechanics article (http://magic.wizards.com/en/articles/archive/feature/shadows-over-innistrad-mechanics)."}, {"date": "2017-09-29", "text": "You can control two of this permanent, one front-face up and the other back-face up, at the same time."}], "setCode": "CC2", "side": "b", "subtypes": ["Liliana"], "supertypes": ["Legendary"], "text": "[+2]: Each player discards a card.\n[−X]: Return target nonlegendary creature card with mana value X from your graveyard to the battlefield.\n[−8]: You get an emblem with \"Whenever a creature dies, return it to the battlefield under your control at the beginning of the next end step.\"", "type": "Legendary Planeswalker — Liliana", "types": ["Planeswalker"], "uuid": "e3785fe2-f726-57ff-beb1-39c25e69bb78"}, {"artist": "Aaron J. Riley", "availability": ["paper"], "borderColor": "black", "colorIdentity": ["B"], "colors": ["B"], "convertedManaCost": 5.0, "edhrecRank": 2346, "finishes": ["nonfoil", "foil"], "flavorText": "\"Come now, dear brother. If you wanted rules, you should have called it a _game_, not a _war_.\"\n—Gisa, to Geralf", "foreignData": [], "frameEffects": ["legendary"], "frameVersion": "2015", "hasFoil": true, "hasNonFoil": true, "identifiers": {"mtgjsonV4Id": "9cc7bdc9-80bb-577f-9fe5-9d655b438132", "scryfallId": "779e3944-4342-4151-9963-87e8d41fd2ff", "scryfallIllustrationId": "e6051299-666b-4e5b-b58c-125235afa370", "scryfallOracleId": "0dd894cb-1968-471c-af08-ea7ec5ce8428", "tcgplayerProductId": "247522"}, "isReprint": true, "isStarter": true, "layout": "normal", "leadershipSkills": {"brawl": false, "commander": true, "oathbreaker": false}, "legalities": {"commander": "Legal", "duel": "Legal", "gladiator": "Legal", "historic": "Legal", "historicbrawl": "Legal", "legacy": "Legal", "vintage": "Legal"}, "manaCost": "{3}{B}{B}", "manaValue": 5.0, "name": "Ghoulcaller Gisa", "number": "2", "power": "3", "printings": ["C14", "CC2", "JMP"], "purchaseUrls": {"tcgplayer": "https://mtgjson.com/links/be92c5c164007540"}, "rarity": "mythic", "rulings": [], "setCode": "CC2", "subtypes": ["Human", "Wizard"], "supertypes": ["Legendary"], "text": "{B}, {T}, Sacrifice another creature: Create X 2/2 black Zombie creature tokens, where X is the sacrificed creature's power.", "toughness": "4", "type": "Legendary Creature — Human Wizard", "types": ["Creature"], "uuid": "effa8437-9528-5168-82a4-4b3fd8ef23a5"}, {"artist": "Caroline Gariba", "availability": ["paper"], "borderColor": "black", "colorIdentity": ["B"], "colors": ["B"], "convertedManaCost": 3.0, "edhrecRank": 1883, "finishes": ["nonfoil", "foil"], "flavorText": "Her writhing, boneless movements are unsettling to humans, but hypnotic to her serpent brood.", "foreignData": [], "frameVersion": "2015", "hasFoil": true, "hasNonFoil": true, "identifiers": {"mtgjsonV4Id": "046faf50-3e3a-5dbe-ae04-de6012b2d6fb", "scryfallId": "0ef8d3a2-5c6b-41e2-aa7d-81e4a5d04421", "scryfallIllustrationId": "c64165b8-7772-4d46-b95d-32c5bbdd3ab0", "scryfallOracleId": "55eca80c-dcd8-4c2f-aa0f-fb0aec7b80f7", "tcgplayerProductId": "247523"}, "isReprint": true, "isStarter": true, "layout": "normal", "legalities": {"commander": "Legal", "duel": "Legal", "legacy": "Legal", "vintage": "Legal"}, "manaCost": "{2}{B}", "manaValue": 3.0, "name": "Ophiomancer", "number": "3", "power": "2", "printings": ["C13", "CC2"], "purchaseUrls": {"tcgplayer": "https://mtgjson.com/links/cb171e76c896c159"}, "rarity": "rare", "rulings": [{"date": "2013-10-17", "text": "Ophiomancer’s ability checks if you control a Snake at the beginning of each upkeep. If you do, the ability won’t trigger."}, {"date": "2013-10-17", "text": "If the ability does trigger, but you control a Snake when it tries to resolve, the ability will do nothing. No Snake token will be created."}, {"date": "2013-10-17", "text": "Ophiomancer’s ability considers any creature you control with the creature type Snake, not just the tokens Ophiomancer creates."}], "setCode": "CC2", "subtypes": ["Human", "Shaman"], "supertypes": [], "text": "At the beginning of each upkeep, if you control no Snakes, create a 1/1 black Snake creature token with deathtouch.", "toughness": "2", "type": "Creature — Human Shaman", "types": ["Creature"], "uuid": "b5315f12-8287-5538-b9c4-4fe7e9d5c8a8"}, {"artist": "Vincent Proce", "availability": ["paper"], "borderColor": "black", "colorIdentity": ["B"], "colors": ["B"], "convertedManaCost": 3.0, "edhrecRank": 109, "finishes": ["nonfoil", "foil"], "flavorText": "A whisper of authority rises over a cacophony of grinding machines.", "foreignData": [], "frameVersion": "2015", "hasFoil": true, "hasNonFoil": true, "identifiers": {"mtgjsonV4Id": "c94d00a9-b245-505d-a7d3-ddc07ba84fc8", "scryfallId": "b4142d3b-9c17-4a26-949e-3fc3e600fd1c", "scryfallIllustrationId": "a7236fa1-820b-4c67-b27c-1bbb79491f2e", "scryfallOracleId": "ee579a32-a048-4335-b966-231ba731cdea", "tcgplayerProductId": "247524"}, "isReprint": true, "isStarter": true, "layout": "normal", "legalities": {"commander": "Legal", "duel": "Legal", "gladiator": "Legal", "historic": "Legal", "historicbrawl": "Legal", "legacy": "Legal", "modern": "Legal", "premodern": "Legal", "vintage": "Legal"}, "manaCost": "{1}{B}{B}", "manaValue": 3.0, "name": "Phyrexian Arena", "number": "4", "printings": ["8ED", "9ED", "APC", "C15", "CC2", "CN2", "DDE", "HA1", "HOP", "MB1", "TD0", "WC01"], "purchaseUrls": {"tcgplayer": "https://mtgjson.com/links/81515ad2e16a46e1"}, "rarity": "rare", "rulings": [], "setCode": "CC2", "subtypes": [], "supertypes": [], "text": "At the beginning of your upkeep, you draw a card and you lose 1 life.", "type": "Enchantment", "types": ["Enchantment"], "uuid": "cebab3f4-a8e4-59be-bd32-67b276489033"}, {"artist": "Nils Hamm", "availability": ["paper"], "borderColor": "black", "colorIdentity": ["B"], "colors": ["B"], "convertedManaCost": 1.0, "edhrecRank": 187, "finishes": ["nonfoil", "foil"], "flavorText": "\"Death is a small price to pay for immortality.\"\n—Baron Sengir", "foreignData": [], "frameVersion": "2015", "hasFoil": true, "hasNonFoil": true, "identifiers": {"mtgjsonV4Id": "c30be705-7e1b-5a30-901a-98f9971b7d1b", "scryfallId": "d27c6aaa-289e-451e-8fde-97a044c53fc4", "scryfallIllustrationId": "60d41d20-7439-497d-84a0-e70b7858b95a", "scryfallOracleId": "a044474a-cd72-4e9d-bd8d-a08f2de9cdc0", "tcgplayerProductId": "247525"}, "isReprint": true, "isStarter": true, "layout": "normal", "legalities": {"commander": "Legal", "duel": "Legal", "legacy": "Legal", "penny": "Legal", "premodern": "Legal", "vintage": "Legal"}, "manaCost": "{B}", "manaValue": 1.0, "name": "Reanimate", "number": "5", "printings": ["ARC", "BRB", "CC2", "F04", "JMP", "PD3", "PRM", "PUMA", "TMP", "TPR", "UMA", "VMA"], "purchaseUrls": {"tcgplayer": "https://mtgjson.com/links/b1af81749a20449f"}, "rarity": "rare", "rulings": [{"date": "2018-12-07", "text": "If a card in a player’s graveyard has {X} in its mana cost, X is considered to be 0."}, {"date": "2018-12-07", "text": "The amount of life you lose is determined by the converted mana cost of the card in your graveyard, not the creature once it’s on the battlefield."}, {"date": "2018-12-07", "text": "You lose life after the creature is already on the battlefield. Any abilities it has that interact with loss of life, such as that of Platinum Emperion, apply to that loss of life."}, {"date": "2018-12-07", "text": "If any abilities trigger on the creature entering the battlefield, those abilities resolve after you lose life. If losing life results in you losing the game, those abilities won’t resolve."}, {"date": "2018-12-07", "text": "In a multiplayer game, if a player leaves the game, all cards that player owns leave as well. If you leave the game, the creature you control from Reanimate is exiled."}], "setCode": "CC2", "subtypes": [], "supertypes": [], "text": "Put target creature card from a graveyard onto the battlefield under your control. You lose life equal to its mana value.", "type": "Sorcery", "types": ["Sorcery"], "uuid": "95526bd3-b1c5-5704-a541-3bac1d00799e"}, {"artist": "Yeong-Hao Han", "availability": ["paper"], "borderColor": "black", "colorIdentity": ["B"], "colors": ["B"], "convertedManaCost": 3.0, "edhrecRank": 108, "finishes": ["nonfoil", "foil"], "flavorText": "\"I am greater than rain and nourishment. I am glistening oil and perfection.\"\n—Yawgmoth", "foreignData": [], "frameVersion": "2015", "hasFoil": true, "hasNonFoil": true, "identifiers": {"mtgjsonV4Id": "eb41a768-7bb3-535a-9ee9-786d7879d3b8", "scryfallId": "db34617f-b04f-4b65-84cf-5c5be1eb7226", "scryfallIllustrationId": "021a968d-5be5-4847-b9e1-2a558cd4d049", "scryfallOracleId": "afaef788-34d1-460b-b884-9d7ae6ddeb18", "tcgplayerProductId": "247526"}, "isReprint": true, "isStarter": true, "layout": "normal", "legalities": {"commander": "Legal", "duel": "Legal", "legacy": "Legal", "vintage": "Legal"}, "manaCost": "{2}{B}", "manaValue": 3.0, "name": "Toxic Deluge", "number": "6", "printings": ["2XM", "C13", "CC2", "EMA", "PRM", "PZ1"], "purchaseUrls": {"tcgplayer": "https://mtgjson.com/links/f67c105260bc3fe2"}, "rarity": "rare", "rulings": [{"date": "2016-06-08", "text": "The payment of life is an additional cost. You lose the life even if Toxic Deluge is countered."}, {"date": "2016-06-08", "text": "If you cast Toxic Deluge without paying its mana cost, you’ll still choose a value for X and pay X life. This is because it doesn’t have {X} in its mana cost."}, {"date": "2016-06-08", "text": "All creatures on the battlefield when Toxic Deluge resolves are affected. Ones that enter the battlefield or become creatures later in the turn are not."}], "setCode": "CC2", "subtypes": [], "supertypes": [], "text": "As an additional cost to cast this spell, pay X life.\nAll creatures get -X/-X until end of turn.", "type": "Sorcery", "types": ["Sorcery"], "uuid": "12e5b93e-2042-5a73-b9af-22b4af637186"}, {"artist": "Yeong-Hao Han", "availability": ["paper"], "borderColor": "black", "colorIdentity": [], "colors": [], "convertedManaCost": 1.0, "edhrecRank": 1, "finishes": ["nonfoil", "foil"], "flavorText": "Deep within the forsaken cavern, a new shadow emerged to devour the light.", "foreignData": [], "frameVersion": "2015", "hasFoil": true, "hasNonFoil": true, "identifiers": {"mtgjsonV4Id": "327882ba-a11e-5fd8-b071-1834630b1658", "scryfallId": "acce65cc-9093-45a6-8c86-97edce545050", "scryfallIllustrationId": "1e9aada2-656e-46ed-9a3d-c4410b917aee", "scryfallOracleId": "6ad8011d-3471-4369-9d68-b264cc027487", "tcgplayerProductId": "247528"}, "isReprint": true, "isStarter": true, "layout": "normal", "legalities": {"commander": "Legal", "duel": "Banned", "legacy": "Banned", "vintage": "Restricted"}, "manaCost": "{1}", "manaValue": 1.0, "name": "Sol Ring", "number": "7", "printings": ["2ED", "3ED", "AFC", "C13", "C14", "C15", "C16", "C17", "C18", "C19", "C20", "C21", "CC1", "CC2", "CED", "CEI", "CM2", "CMA", "CMD", "CMR", "FBB", "G05", "KHC", "LEA", "LEB", "MB1", "ME4", "MIC", "MPS", "PF19", "PRM", "PZ1", "SLD", "SUM", "V10", "VMA", "ZNC"], "purchaseUrls": {"tcgplayer": "https://mtgjson.com/links/7e543fb7b11560b2"}, "rarity": "rare", "rulings": [], "setCode": "CC2", "subtypes": [], "supertypes": [], "text": "{T}: Add {C}{C}.", "type": "Artifact", "types": ["Artifact"], "uuid": "c57a0dff-d056-5f28-9914-6f5766ee6b7c"}, {"artist": "Julian Kok Joon Wen", "availability": ["paper"], "borderColor": "black", "colorIdentity": [], "colors": [], "convertedManaCost": 0.0, "edhrecRank": 2, "finishes": ["nonfoil", "foil"], "flavorText": "\"It's a bit much, I know, but it reminds my visitors who really holds the power here.\"\n—Davriel Cane", "foreignData": [], "frameVersion": "2015", "hasFoil": true, "hasNonFoil": true, "identifiers": {"mtgjsonV4Id": "bb6f26ed-39eb-5f87-8eb8-e881e0c714bf", "scryfallId": "5d09a20e-ee6e-44f3-9e86-d35c10e00844", "scryfallIllustrationId": "3fd1d646-69b3-4a9b-b0c3-06212acffe71", "scryfallOracleId": "0895c9b7-ae7d-4bb3-af17-3b75deb50a25", "tcgplayerProductId": "247533"}, "isReprint": true, "isStarter": true, "layout": "normal", "legalities": {"brawl": "Legal", "commander": "Legal", "duel": "Legal", "gladiator": "Legal", "historic": "Legal", "historicbrawl": "Legal", "legacy": "Legal", "modern": "Legal", "pauper": "Legal", "paupercommander": "Legal", "pioneer": "Legal", "vintage": "Legal"}, "manaValue": 0.0, "name": "Command Tower", "number": "8", "printings": ["AFC", "C13", "C15", "C16", "C17", "C18", "C19", "C20", "C21", "CC1", "CC2", "CM1", "CM2", "CMA", "CMD", "CMR", "ELD", "J12", "KHC", "MIC", "PRM", "PZ1", "ZNC"], "purchaseUrls": {"tcgplayer": "https://mtgjson.com/links/1317738d1c44648c"}, "rarity": "rare", "rulings": [{"date": "2020-11-10", "text": "If you have two commanders, the ability adds one mana of any color in their combined color identities."}, {"date": "2020-11-10", "text": "If your commander is a card that has no colors in its color identity, Command Tower’s ability produces no mana. It doesn’t produce {C}."}, {"date": "2020-11-10", "text": "If you don’t have a commander, Command Tower’s ability produces no mana."}], "setCode": "CC2", "subtypes": [], "supertypes": [], "text": "{T}: Add one mana of any color in your commander's color identity.", "type": "Land", "types": ["Land"], "uuid": "0bd7bca4-2839-5824-a392-c38178dc16b3"}], "code": "CC2", "isFoilOnly": false, "isOnlineOnly": false, "isPartialPreview": true, "keyruneCode": "CC2", "name": "Commander Collection: Black", "releaseDate": "2021-12-31", "sealedProduct": [{"identifiers": {"tcgplayerProductId": "247519"}, "name": "Commander Collection Black", "purchaseUrls": {"tcgplayer": "https://mtgjson.com/links/4ec6c9d1b8e97018"}, "releaseDate": "2021-12-31", "uuid": "6c80781e-ace0-5bfe-a6cb-9cbb605da004"}, {"identifiers": {"tcgplayerProductId": "247520"}, "name": "Commander Collection Black Premium", "purchaseUrls": {"tcgplayer": "https://mtgjson.com/links/7da3b210eddf0485"}, "releaseDate": "2021-12-31", "uuid": "6fb3525c-a97d-5d3d-aab5-5031a60bc763"}], "tcgplayerGroupId": 2905, "tokens": [{"artist": "Caroline Gariba", "availability": ["paper"], "borderColor": "black", "colorIdentity": ["B"], "colors": ["B"], "faceName": "Snake", "finishes": ["nonfoil", "foil"], "frameVersion": "2015", "hasFoil": true, "hasNonFoil": true, "identifiers": {"mtgjsonV4Id": "921ba257-b55e-5fa0-a45e-402befc2b72a", "scryfallId": "13e4832d-8530-4b85-b738-51d0c18f28ec", "scryfallIllustrationId": "8384c377-2989-4c65-9814-c777c5a645d0", "scryfallOracleId": "814a99c8-0b64-4492-8c9f-088915a970a6"}, "keywords": ["Deathtouch"], "layout": "token", "name": "Snake // Zombie", "number": "9", "power": "1", "reverseRelated": [], "setCode": "CC2", "side": "a", "subtypes": ["Snake"], "supertypes": [], "text": "Deathtouch", "toughness": "1", "type": "Token Creature — Snake", "types": ["Token", "Creature"], "uuid": "4b3f0527-7e70-5d24-a8e4-6e7ae3b0ec35"}, {"artist": "Xavier Ribeiro", "availability": ["paper"], "borderColor": "black", "colorIdentity": ["B"], "colors": ["B"], "faceName": "Zombie", "finishes": ["nonfoil", "foil"], "frameVersion": "2015", "hasFoil": true, "hasNonFoil": true, "identifiers": {"mtgjsonV4Id": "9219935f-946e-5a56-90bd-916e255f8cfa", "scryfallId": "13e4832d-8530-4b85-b738-51d0c18f28ec", "scryfallIllustrationId": "881e4722-e8bf-443d-9b6b-8cf23657e8df", "scryfallOracleId": "814a99c8-0b64-4492-8c9f-088915a970a6"}, "layout": "token", "name": "Snake // Zombie", "number": "9", "power": "2", "reverseRelated": [], "setCode": "CC2", "side": "b", "subtypes": ["Zombie"], "supertypes": [], "toughness": "2", "type": "Token Creature — Zombie", "types": ["Token", "Creature"], "uuid": "72cbd16d-49b7-5095-bddf-a65d7fe995ed"}], "totalSetSize": 9, "translations": {}, "type": "from_the_vault"}
