{"cards": [{"artist": "Svetlin Velinov", "availability": ["paper"], "borderColor": "black", "colorIdentity": ["B"], "colors": ["B"], "convertedManaCost": 9.0, "edhrecRank": 12434, "finishes": ["foil"], "foreignData": [], "frameVersion": "2015", "hasFoil": true, "hasNonFoil": false, "identifiers": {"mcmId": "271571", "mtgjsonV4Id": "22208266-a753-5397-a847-f0d6fb1f66b9", "scryfallId": "f27fb4a1-cf88-45e3-90bc-aa146f7c4ffa", "scryfallIllustrationId": "cb191080-c565-4a9d-aa64-f07765732df3", "scryfallOracleId": "bb714bc6-9f32-42f6-9064-f28a383675b5", "tcgplayerProductId": "95332"}, "isReprint": true, "isStarter": true, "keywords": ["Delve", "Flying"], "layout": "normal", "legalities": {"commander": "Legal", "duel": "Legal", "legacy": "Legal", "modern": "Legal", "penny": "Legal", "pioneer": "Legal", "vintage": "Legal"}, "manaCost": "{7}{B}{B}", "manaValue": 9.0, "name": "Necropolis Fiend", "number": "1", "power": "4", "printings": ["CP2", "KTK", "PKTK", "PRM"], "purchaseUrls": {"tcgplayer": "https://mtgjson.com/links/e98b18f4a4075f7c"}, "rarity": "rare", "rulings": [{"date": "2014-09-20", "text": "The rules for delve have changed slightly since it was last in an expansion. Previously, delve reduced the cost to cast a spell. Under the current rules, you exile cards from your graveyard at the same time you pay the spell’s cost. Exiling a card this way is simply another way to pay that cost."}, {"date": "2014-09-20", "text": "Delve doesn’t change a spell’s mana cost or converted mana cost. For example, Dead Drop’s converted mana cost is 10 even if you exiled three cards to cast it."}, {"date": "2014-09-20", "text": "You can’t exile cards to pay for the colored mana requirements of a spell with delve."}, {"date": "2014-09-20", "text": "You can’t exile more cards than the generic mana requirement of a spell with delve. For example, you can’t exile more than nine cards from your graveyard to cast Dead Drop."}, {"date": "2014-09-20", "text": "Because delve isn’t an alternative cost, it can be used in conjunction with alternative costs."}], "setCode": "CP2", "subtypes": ["Demon"], "supertypes": [], "text": "Delve (Each card you exile from your graveyard while casting this spell pays for {1}.)\nFlying\n{X}, {T}, Exile X cards from your graveyard: Target creature gets -X/-X until end of turn.", "toughness": "5", "type": "Creature — Demon", "types": ["Creature"], "uuid": "8f25f00c-1e65-592f-a5d7-90014fefecee", "watermark": "sultai"}, {"artist": "Johannes Voss", "availability": ["paper"], "borderColor": "black", "colorIdentity": ["B"], "colors": ["B"], "convertedManaCost": 3.0, "edhrecRank": 851, "finishes": ["foil"], "flavorText": "Destiny exalts a chosen few, but even heroes break.", "foreignData": [], "frameVersion": "2015", "hasFoil": true, "hasNonFoil": false, "identifiers": {"mcmId": "271572", "mtgjsonV4Id": "ad675f12-55c1-5166-85ec-ca3eb516bb7f", "scryfallId": "64aa5cbd-98e9-46fc-8de4-64eab7afc90f", "scryfallIllustrationId": "6e874ccf-92d2-45b5-9f26-512298e74dc7", "scryfallOracleId": "03df6a57-37c9-46d3-83b3-4a6240100714", "tcgplayerProductId": "95334"}, "isReprint": true, "isStarter": true, "layout": "normal", "legalities": {"commander": "Legal", "duel": "Legal", "legacy": "Legal", "modern": "Legal", "penny": "Legal", "pioneer": "Legal", "vintage": "Legal"}, "manaCost": "{1}{B}{B}", "manaValue": 3.0, "name": "Hero's Downfall", "number": "2", "printings": ["CP2", "PRM", "SLD", "THS"], "purchaseUrls": {"tcgplayer": "https://mtgjson.com/links/dabfcc125fad72ac"}, "rarity": "rare", "rulings": [], "setCode": "CP2", "subtypes": [], "supertypes": [], "text": "Destroy target creature or planeswalker.", "type": "Instant", "types": ["Instant"], "uuid": "8afe4fc8-7a80-5a33-82aa-2cdb4669887c"}, {"artist": "Karl Kopinski", "availability": ["paper"], "borderColor": "black", "colorIdentity": ["B", "G", "U"], "colors": ["B", "G", "U"], "convertedManaCost": 3.0, "edhrecRank": 3756, "finishes": ["foil"], "foreignData": [], "frameVersion": "2015", "hasFoil": true, "hasNonFoil": false, "identifiers": {"mcmId": "271573", "mtgjsonV4Id": "bae68e3e-abb3-5c71-8324-b7a0b8d4868e", "scryfallId": "32f4c02f-9a64-45b5-8c2e-d34b0ff3e54b", "scryfallIllustrationId": "b86eeeda-42c7-4f77-9e09-3e330efa7bdb", "scryfallOracleId": "06e92ab3-c781-4f32-9ada-09a388047067", "tcgplayerProductId": "95333"}, "isReprint": true, "isStarter": true, "layout": "normal", "legalities": {"commander": "Legal", "duel": "Legal", "legacy": "Legal", "modern": "Legal", "penny": "Legal", "pioneer": "Legal", "vintage": "Legal"}, "manaCost": "{B}{G}{U}", "manaValue": 3.0, "name": "Sultai Ascendancy", "number": "3", "printings": ["CP2", "KTK", "PKTK", "PRM"], "purchaseUrls": {"tcgplayer": "https://mtgjson.com/links/5fd59ea419b81c6e"}, "rarity": "rare", "rulings": [], "setCode": "CP2", "subtypes": [], "supertypes": [], "text": "At the beginning of your upkeep, look at the top two cards of your library. Put any number of them into your graveyard and the rest back on top of your library in any order.", "type": "Enchantment", "types": ["Enchantment"], "uuid": "89016a44-464e-55fe-a6e5-cdfa92740adb", "watermark": "sultai"}, {"artist": "Jeff Simpson", "availability": ["paper"], "borderColor": "black", "colorIdentity": ["B", "G"], "colors": ["B", "G"], "convertedManaCost": 4.0, "edhrecRank": 6769, "finishes": ["foil"], "foreignData": [], "frameVersion": "2015", "hasFoil": true, "hasNonFoil": false, "identifiers": {"mcmId": "271574", "mtgjsonV4Id": "2f19c9fb-d869-5cf2-b58f-78f943fd3fc1", "scryfallId": "cdce5fb1-319b-4b70-aa75-a9434eb0cc4c", "scryfallIllustrationId": "08786582-03f9-42db-b67a-54e0f73fafb6", "scryfallOracleId": "10494ce1-7a38-44ae-9881-a83e44daaf7b", "tcgplayerProductId": "95335"}, "isReprint": true, "isStarter": true, "keywords": ["Scry"], "layout": "normal", "legalities": {"commander": "Legal", "duel": "Legal", "legacy": "Legal", "modern": "Legal", "penny": "Legal", "pioneer": "Legal", "vintage": "Legal"}, "manaCost": "{2}{B}{G}", "manaValue": 4.0, "name": "Reaper of the Wilds", "number": "4", "power": "4", "printings": ["CP2", "DDM", "PRM", "THS"], "purchaseUrls": {"tcgplayer": "https://mtgjson.com/links/a7ff2888659a031c"}, "rarity": "rare", "rulings": [{"date": "2013-09-15", "text": "Reaper of the Wilds’s first ability triggers separately for each creature. For example, if five creatures die at the same time, you’ll scry 1 five times. You won’t scry 5."}, {"date": "2013-09-15", "text": "If Reaper of the Wilds dies at the same time as another creature, its ability will trigger for that other creature."}, {"date": "2013-09-15", "text": "When you scry, you may put all the cards you look at back on top of your library, you may put all of those cards on the bottom of your library, or you may put some of those cards on top and the rest of them on the bottom."}, {"date": "2013-09-15", "text": "You choose how to order cards returned to your library after scrying no matter where you put them."}, {"date": "2013-09-15", "text": "You perform the actions stated on a card in sequence. For some spells and abilities, that means you’ll scry last. For others, that means you’ll scry and then perform other actions."}, {"date": "2013-09-15", "text": "Scry appears on some spells and abilities with one or more targets. If all of the spell or ability’s targets are illegal when it tries to resolve, it won’t resolve and none of its effects will happen. You won’t scry."}], "setCode": "CP2", "subtypes": ["Gorgon"], "supertypes": [], "text": "Whenever another creature dies, scry 1. (Look at the top card of your library. You may put that card on the bottom of your library.)\n{B}: Reaper of the Wilds gains deathtouch until end of turn.\n{1}{G}: Reaper of the Wilds gains hexproof until end of turn.", "toughness": "5", "type": "Creature — Gorgon", "types": ["Creature"], "uuid": "5169e828-7ddd-5401-b549-8ecf9be78d83"}, {"artist": "Marco Nelor", "availability": ["paper"], "borderColor": "black", "colorIdentity": ["B"], "colors": ["B"], "convertedManaCost": 4.0, "edhrecRank": 638, "finishes": ["foil"], "foreignData": [], "frameEffects": ["nyxtouched"], "frameVersion": "2015", "hasFoil": true, "hasNonFoil": false, "identifiers": {"mcmId": "271575", "mtgjsonV4Id": "e2adf238-d5d9-50a8-9a45-4f05403b43de", "scryfallId": "a67b5770-3b52-4f43-9db3-71224c9bebd2", "scryfallIllustrationId": "846e4381-8a0c-4535-962d-86369723aceb", "scryfallOracleId": "53987a39-c18c-4c13-b1ea-fd1b2a369f9e", "tcgplayerProductId": "95337"}, "isReprint": true, "isStarter": true, "layout": "normal", "legalities": {"commander": "Legal", "duel": "Legal", "legacy": "Legal", "modern": "Legal", "penny": "Legal", "pioneer": "Legal", "vintage": "Legal"}, "manaCost": "{2}{B}{B}", "manaValue": 4.0, "name": "Whip of Erebos", "number": "5", "printings": ["CP2", "PRM", "THS"], "purchaseUrls": {"tcgplayer": "https://mtgjson.com/links/0dc34daabb78bfa6"}, "rarity": "rare", "rulings": [{"date": "2013-09-15", "text": "At the beginning of the next end step, the creature returned to the battlefield with Whip of Erebos is exiled. This is a delayed triggered ability. If the ability is countered, the creature will stay on the battlefield and the delayed trigger won’t trigger again. However, the replacement effect will still exile the creature when it eventually leaves the battlefield."}, {"date": "2013-09-15", "text": "Whip of Erebos grants haste to the creature that’s returned to the battlefield. However, neither of the “exile” abilities is granted to that creature. If that creature loses all its abilities, it will still be exiled at the beginning of the end step, and if it would leave the battlefield, it is still exiled instead."}, {"date": "2013-09-15", "text": "If a creature returned to the battlefield with Whip of Erebos would leave the battlefield for any reason, it’s exiled instead. However, if that creature is already being exiled, then the replacement effect won’t apply. If the spell or ability that exiles it later returns it to the battlefield (as Chained to the Rocks might, for example), the creature card will return to the battlefield as a new object with no relation to its previous existence. The effects from Whip of Erebos will no longer apply to it."}, {"date": "2013-09-15", "text": "The exiled creature is never put into the graveyard. Any abilities the creature has that trigger when it dies won’t trigger."}], "setCode": "CP2", "subtypes": [], "supertypes": ["Legendary"], "text": "Creatures you control have lifelink.\n{2}{B}{B}, {T}: Return target creature card from your graveyard to the battlefield. It gains haste. Exile it at the beginning of the next end step. If it would leave the battlefield, exile it instead of putting it anywhere else. Activate only as a sorcery.", "type": "Legendary Enchantment Artifact", "types": ["Enchantment", "Artifact"], "uuid": "dbdf1e6d-b05a-532e-8350-6dfb19c925f0"}, {"artist": "Slawomir Maniak", "availability": ["paper"], "borderColor": "black", "colorIdentity": ["G"], "colors": ["G"], "convertedManaCost": 3.0, "edhrecRank": 409, "finishes": ["foil"], "foreignData": [], "frameEffects": ["nyxtouched"], "frameVersion": "2015", "hasFoil": true, "hasNonFoil": false, "identifiers": {"mcmId": "271576", "mtgjsonV4Id": "90a0a1d5-9a15-527d-9d30-0eb98a468d65", "scryfallId": "e8383d6a-0f26-4afe-88e0-9b14c8e9122d", "scryfallIllustrationId": "f5596093-a1b7-428e-966f-35d6ef1f99fc", "scryfallOracleId": "46779609-4fa7-4fd2-b5b4-7d4d749339e6", "tcgplayerProductId": "95336"}, "isReprint": true, "isStarter": true, "layout": "normal", "legalities": {"commander": "Legal", "duel": "Legal", "legacy": "Legal", "modern": "Legal", "pioneer": "Legal", "vintage": "Legal"}, "manaCost": "{1}{G}{G}", "manaValue": 3.0, "name": "Courser of Kruphix", "number": "6", "power": "2", "printings": ["A25", "BNG", "CP2", "MB1", "PRM", "TSR"], "purchaseUrls": {"tcgplayer": "https://mtgjson.com/links/ee21a2a0de3957fc"}, "rarity": "rare", "rulings": [{"date": "2021-03-19", "text": "If the top card of your library changes while you’re casting a spell, playing a land, or activating an ability, you don’t reveal the new top card until you finish doing so. This means that if you play a land from the top of your library, you can’t look at the next one until you’ve handled any replacement effects that modify that land entering the battlefield, such as that of Vesuva."}, {"date": "2021-03-19", "text": "While playing with the top card of your library revealed, if you draw multiple cards, reveal each one before you draw it. If you put multiple cards on top of your library at once, reveal only the one new top card."}, {"date": "2021-03-19", "text": "Courser of Kruphix doesn’t change when you can play lands. You can do so only during your main phase when you have priority and the stack is empty."}, {"date": "2021-03-19", "text": "Playing a land from the top of your library counts as your land play for the turn. Once you play a land during your turn, you won’t be able to play an additional land from the top of your library unless another effect (such as that of Azusa, Lost but Seeking) allows you to."}], "setCode": "CP2", "subtypes": ["Centaur"], "supertypes": [], "text": "Play with the top card of your library revealed.\nYou may play lands from the top of your library.\nWhenever a land enters the battlefield under your control, you gain 1 life.", "toughness": "4", "type": "Enchantment Creature — Centaur", "types": ["Enchantment", "Creature"], "uuid": "21beeb79-a0e0-5809-94df-25e44b45220f"}], "code": "CP2", "isFoilOnly": true, "isOnlineOnly": false, "keyruneCode": "PMEI", "name": "Fate Reforged Clash Pack", "parentCode": "FRF", "releaseDate": "2015-01-23", "tokens": [], "totalSetSize": 6, "translations": {}, "type": "starter"}
