{"cards": [{"artist": "Titus Lunter", "availability": ["mtgo", "paper"], "borderColor": "black", "colorIdentity": ["U", "W"], "colors": [], "convertedManaCost": 0.0, "edhrecRank": 185, "finishes": ["foil"], "foreignData": [], "frameVersion": "2015", "hasFoil": true, "hasNonFoil": false, "identifiers": {"mcmId": "284399", "mcmMetaId": "220616", "mtgjsonV4Id": "5dac611a-855b-52f2-b974-71fa83043871", "mtgoFoilId": "58888", "mtgoId": "58887", "multiverseId": "405105", "scryfallId": "c6bc665f-fb17-43e1-b93b-6a7b168759eb", "scryfallIllustrationId": "4e805468-f3d0-4e60-92ab-41323b367de1", "scryfallOracleId": "5330e24a-8568-446e-840a-594cd08bd1bc", "tcgplayerProductId": "104377"}, "isReprint": true, "layout": "normal", "legalities": {"commander": "Legal", "duel": "Legal", "legacy": "Legal", "modern": "Legal", "pioneer": "Legal", "vintage": "Legal"}, "manaValue": 0.0, "name": "Prairie Stream", "number": "1", "originalText": "Prairie Stream enters the battlefield tapped unless you control two or more basic lands.", "originalType": "Land — Plains Island", "printings": ["AFC", "BFZ", "C19", "C20", "EXP", "PBFZ", "PSS1"], "purchaseUrls": {"cardmarket": "https://mtgjson.com/links/49453fb34b83afc7", "tcgplayer": "https://mtgjson.com/links/6deb3c215b4c58b0"}, "rarity": "mythic", "rulings": [{"date": "2015-08-25", "text": "Even though these lands have basic land types, they are not basic lands because “basic” doesn’t appear on their type line. Notably, controlling two or more of them won’t allow others to enter the battlefield untapped."}, {"date": "2015-08-25", "text": "However, because these cards have basic land types, effects that specify a basic land type without also specifying that the land be basic can affect them. For example, a spell or ability that reads “Destroy target Forest” can target Canopy Vista, while one that reads “Destroy target basic Forest” cannot."}, {"date": "2015-08-25", "text": "If one of these lands enters the battlefield at the same time as any number of basic lands, those other lands are not counted when determining if this land enters the battlefield tapped or untapped."}], "setCode": "EXP", "subtypes": ["Plains", "Island"], "supertypes": [], "text": "({T}: Add {W} or {U}.)\nPrairie Stream enters the battlefield tapped unless you control two or more basic lands.", "type": "Land — Plains Island", "types": ["Land"], "uuid": "65ec5e78-d1ec-5da4-9968-32758802627f"}, {"artist": "Titus Lunter", "availability": ["mtgo", "paper"], "borderColor": "black", "colorIdentity": ["B", "U"], "colors": [], "convertedManaCost": 0.0, "edhrecRank": 157, "finishes": ["foil"], "foreignData": [], "frameVersion": "2015", "hasFoil": true, "hasNonFoil": false, "identifiers": {"mcmId": "284400", "mcmMetaId": "220617", "mtgjsonV4Id": "dfed9900-2d7c-56e8-9eab-c4915517d9b1", "mtgoFoilId": "58882", "mtgoId": "58881", "multiverseId": "405111", "scryfallId": "6d93da43-cc05-4542-b4cb-d27ebcb79012", "scryfallIllustrationId": "dc1ac6c1-e03f-460a-bd66-374f7789fe90", "scryfallOracleId": "cd2c90ac-2b04-461c-92f3-939871b6b6a3", "tcgplayerProductId": "104373"}, "isReprint": true, "layout": "normal", "legalities": {"commander": "Legal", "duel": "Legal", "legacy": "Legal", "modern": "Legal", "penny": "Legal", "pioneer": "Legal", "vintage": "Legal"}, "manaValue": 0.0, "name": "Sunken Hollow", "number": "2", "originalText": "Sunken Hollow enters the battlefield tapped unless you control two or more basic lands.", "originalType": "Land — Island Swamp", "printings": ["AFC", "BFZ", "C19", "C20", "EXP", "MIC", "PBFZ", "PSS1"], "purchaseUrls": {"cardmarket": "https://mtgjson.com/links/3b1afb45c522dabd", "tcgplayer": "https://mtgjson.com/links/1611ffcddae0bed2"}, "rarity": "mythic", "rulings": [{"date": "2015-08-25", "text": "Even though these lands have basic land types, they are not basic lands because “basic” doesn’t appear on their type line. Notably, controlling two or more of them won’t allow others to enter the battlefield untapped."}, {"date": "2015-08-25", "text": "However, because these cards have basic land types, effects that specify a basic land type without also specifying that the land be basic can affect them. For example, a spell or ability that reads “Destroy target Forest” can target Canopy Vista, while one that reads “Destroy target basic Forest” cannot."}, {"date": "2015-08-25", "text": "If one of these lands enters the battlefield at the same time as any number of basic lands, those other lands are not counted when determining if this land enters the battlefield tapped or untapped."}], "setCode": "EXP", "subtypes": ["Island", "Swamp"], "supertypes": [], "text": "({T}: Add {U} or {B}.)\nSunken Hollow enters the battlefield tapped unless you control two or more basic lands.", "type": "Land — Island Swamp", "types": ["Land"], "uuid": "7c771761-9f48-540d-807a-02771dda9e8c"}, {"artist": "Titus Lunter", "availability": ["mtgo", "paper"], "borderColor": "black", "colorIdentity": ["B", "R"], "colors": [], "convertedManaCost": 0.0, "edhrecRank": 250, "finishes": ["foil"], "foreignData": [], "frameVersion": "2015", "hasFoil": true, "hasNonFoil": false, "identifiers": {"mcmId": "284401", "mcmMetaId": "220618", "mtgjsonV4Id": "a32d7f89-669d-5691-a8cb-402ba4674d3c", "mtgoFoilId": "58886", "mtgoId": "58885", "multiverseId": "405108", "scryfallId": "2c9814b3-d4fe-4823-b310-ab284dc9b9be", "scryfallIllustrationId": "3276e39d-f8d0-4152-9af7-5fca0123329b", "scryfallOracleId": "390f1b56-264e-4336-83be-dc1fe79bfdcf", "tcgplayerProductId": "104374"}, "isReprint": true, "layout": "normal", "legalities": {"commander": "Legal", "duel": "Legal", "legacy": "Legal", "modern": "Legal", "pioneer": "Legal", "vintage": "Legal"}, "manaValue": 0.0, "name": "Smoldering Marsh", "number": "3", "originalText": "Smoldering Marsh enters the battlefield tapped unless you control two or more basic lands.", "originalType": "Land — Swamp Mountain", "printings": ["AFC", "BFZ", "C20", "EXP", "PBFZ", "PSS1"], "purchaseUrls": {"cardmarket": "https://mtgjson.com/links/b94a80676e5bf81e", "tcgplayer": "https://mtgjson.com/links/b85825d1e27fd065"}, "rarity": "mythic", "rulings": [{"date": "2015-08-25", "text": "Even though these lands have basic land types, they are not basic lands because “basic” doesn’t appear on their type line. Notably, controlling two or more of them won’t allow others to enter the battlefield untapped."}, {"date": "2015-08-25", "text": "However, because these cards have basic land types, effects that specify a basic land type without also specifying that the land be basic can affect them. For example, a spell or ability that reads “Destroy target Forest” can target Canopy Vista, while one that reads “Destroy target basic Forest” cannot."}, {"date": "2015-08-25", "text": "If one of these lands enters the battlefield at the same time as any number of basic lands, those other lands are not counted when determining if this land enters the battlefield tapped or untapped."}], "setCode": "EXP", "subtypes": ["Swamp", "Mountain"], "supertypes": [], "text": "({T}: Add {B} or {R}.)\nSmoldering Marsh enters the battlefield tapped unless you control two or more basic lands.", "type": "Land — Swamp Mountain", "types": ["Land"], "uuid": "1b72f024-47d2-541f-9890-ca7e7a825ccf"}, {"artist": "Titus Lunter", "availability": ["mtgo", "paper"], "borderColor": "black", "colorIdentity": ["G", "R"], "colors": [], "convertedManaCost": 0.0, "edhrecRank": 147, "finishes": ["foil"], "foreignData": [], "frameVersion": "2015", "hasFoil": true, "hasNonFoil": false, "identifiers": {"mcmId": "284402", "mcmMetaId": "220619", "mtgjsonV4Id": "ec8d91b3-5993-5697-bf3f-ce8efd163dff", "mtgoFoilId": "58884", "mtgoId": "58883", "multiverseId": "405097", "scryfallId": "1b5d2e9c-dd93-49ae-9a03-77c13c5ec298", "scryfallIllustrationId": "1119cc36-5145-4498-a01d-470c52f58881", "scryfallOracleId": "dfac0258-e148-4d7d-8ded-fc2466d9caa6", "tcgplayerProductId": "104375"}, "isReprint": true, "layout": "normal", "legalities": {"commander": "Legal", "duel": "Legal", "legacy": "Legal", "modern": "Legal", "pioneer": "Legal", "vintage": "Legal"}, "manaValue": 0.0, "name": "Cinder Glade", "number": "4", "originalText": "Cinder Glade enters the battlefield tapped unless you control two or more basic lands.", "originalType": "Land — Mountain Forest", "printings": ["AFC", "BFZ", "C19", "C20", "EXP", "PBFZ", "PSS1"], "purchaseUrls": {"cardmarket": "https://mtgjson.com/links/39e7434f5d2ef9f8", "tcgplayer": "https://mtgjson.com/links/a93e73a6034787be"}, "rarity": "mythic", "rulings": [{"date": "2015-08-25", "text": "Even though these lands have basic land types, they are not basic lands because “basic” doesn’t appear on their type line. Notably, controlling two or more of them won’t allow others to enter the battlefield untapped."}, {"date": "2015-08-25", "text": "However, because these cards have basic land types, effects that specify a basic land type without also specifying that the land be basic can affect them. For example, a spell or ability that reads “Destroy target Forest” can target Canopy Vista, while one that reads “Destroy target basic Forest” cannot."}, {"date": "2015-08-25", "text": "If one of these lands enters the battlefield at the same time as any number of basic lands, those other lands are not counted when determining if this land enters the battlefield tapped or untapped."}], "setCode": "EXP", "subtypes": ["Mountain", "Forest"], "supertypes": [], "text": "({T}: Add {R} or {G}.)\nCinder Glade enters the battlefield tapped unless you control two or more basic lands.", "type": "Land — Mountain Forest", "types": ["Land"], "uuid": "80fd296c-4faa-5828-a1ab-4611adce4ddb"}, {"artist": "Titus Lunter", "availability": ["mtgo", "paper"], "borderColor": "black", "colorIdentity": ["G", "W"], "colors": [], "convertedManaCost": 0.0, "edhrecRank": 206, "finishes": ["foil"], "foreignData": [], "frameVersion": "2015", "hasFoil": true, "hasNonFoil": false, "identifiers": {"mcmId": "284403", "mcmMetaId": "220620", "mtgjsonV4Id": "4c67c872-2f60-5fb7-8bb4-8067f206bf97", "mtgoFoilId": "58880", "mtgoId": "58879", "multiverseId": "405096", "scryfallId": "3125bf61-f1b8-4b97-96bc-2d2a3a32adbd", "scryfallIllustrationId": "f24024c9-679b-4dec-8c4b-daf33034a3a9", "scryfallOracleId": "dcb7e046-f01b-497c-88e5-57794eb30ce5", "tcgplayerProductId": "104376"}, "isReprint": true, "layout": "normal", "legalities": {"commander": "Legal", "duel": "Legal", "legacy": "Legal", "modern": "Legal", "pioneer": "Legal", "vintage": "Legal"}, "manaValue": 0.0, "name": "Canopy Vista", "number": "5", "originalText": "Canopy Vista enters the battlefield tapped unless you control two or more basic lands.", "originalType": "Land — Forest Plains", "printings": ["AFC", "BFZ", "C20", "EXP", "MIC", "PBFZ", "PSS1"], "purchaseUrls": {"cardmarket": "https://mtgjson.com/links/15be56538f602bdb", "tcgplayer": "https://mtgjson.com/links/c2279e735171b9ec"}, "rarity": "mythic", "rulings": [{"date": "2015-08-25", "text": "Even though these lands have basic land types, they are not basic lands because “basic” doesn’t appear on their type line. Notably, controlling two or more of them won’t allow others to enter the battlefield untapped."}, {"date": "2015-08-25", "text": "However, because these cards have basic land types, effects that specify a basic land type without also specifying that the land be basic can affect them. For example, a spell or ability that reads “Destroy target Forest” can target Canopy Vista, while one that reads “Destroy target basic Forest” cannot."}, {"date": "2015-08-25", "text": "If one of these lands enters the battlefield at the same time as any number of basic lands, those other lands are not counted when determining if this land enters the battlefield tapped or untapped."}], "setCode": "EXP", "subtypes": ["Forest", "Plains"], "supertypes": [], "text": "({T}: Add {G} or {W}.)\nCanopy Vista enters the battlefield tapped unless you control two or more basic lands.", "type": "Land — Forest Plains", "types": ["Land"], "uuid": "686e380a-e405-5ae9-81a6-9faf1096787f"}, {"artist": "Min Yum", "availability": ["mtgo", "paper"], "borderColor": "black", "colorIdentity": ["U", "W"], "colors": [], "convertedManaCost": 0.0, "edhrecRank": 60, "finishes": ["foil"], "foreignData": [], "frameVersion": "2015", "hasFoil": true, "hasNonFoil": false, "identifiers": {"mcmId": "284404", "mcmMetaId": "7595", "mtgjsonV4Id": "094e7b6f-616b-5647-a650-1616b49a917e", "mtgoFoilId": "58858", "mtgoId": "58857", "multiverseId": "405100", "scryfallId": "3eef85b2-3e5f-45e1-b669-ad152e55fa6d", "scryfallIllustrationId": "46b16c64-1dfb-45f1-b5ed-b49ef3f2d0ff", "scryfallOracleId": "f1750962-a87c-49f6-b731-02ae971ac6ea", "tcgplayerProductId": "104372"}, "isReprint": true, "layout": "normal", "legalities": {"commander": "Legal", "duel": "Legal", "gladiator": "Legal", "historic": "Legal", "historicbrawl": "Legal", "legacy": "Legal", "modern": "Legal", "pioneer": "Legal", "vintage": "Legal"}, "manaValue": 0.0, "name": "Hallowed Fountain", "number": "6", "originalText": "As Hallowed Fountain enters the battlefield, you may pay 2 life. If you don't, Hallowed Fountain enters the battlefield tapped.", "originalType": "Land — Plains Island", "printings": ["DIS", "EXP", "PRM", "PRNA", "RNA", "RTR", "SLD"], "purchaseUrls": {"cardmarket": "https://mtgjson.com/links/8dc56aaacfb7f726", "tcgplayer": "https://mtgjson.com/links/d074cd1b7a45c5ec"}, "rarity": "mythic", "rulings": [{"date": "2018-10-05", "text": "Unlike most dual lands, this land has two basic land types. It’s not basic, so cards such as District Guide can’t find it, but it does have the appropriate land types for effects such as that of Drowned Catacomb (from the Ixalan set)."}, {"date": "2018-10-05", "text": "If an effect puts this land onto the battlefield tapped, you may pay 2 life, but it still enters tapped."}], "setCode": "EXP", "subtypes": ["Plains", "Island"], "supertypes": [], "text": "({T}: Add {W} or {U}.)\nAs Hallowed Fountain enters the battlefield, you may pay 2 life. If you don't, it enters the battlefield tapped.", "type": "Land — Plains Island", "types": ["Land"], "uuid": "54eb9d94-d946-56c4-8b86-8dd8ae33d98a"}, {"artist": "Min Yum", "availability": ["mtgo", "paper"], "borderColor": "black", "colorIdentity": ["B", "U"], "colors": [], "convertedManaCost": 0.0, "edhrecRank": 44, "finishes": ["foil"], "foreignData": [], "frameVersion": "2015", "hasFoil": true, "hasNonFoil": false, "identifiers": {"mcmId": "284405", "mcmMetaId": "8146", "mtgjsonV4Id": "e788572d-8b6c-5078-99b0-8b5004520fa8", "mtgoFoilId": "58860", "mtgoId": "58859", "multiverseId": "405114", "scryfallId": "af6d2e24-9467-4aa6-8841-7716d051edf7", "scryfallIllustrationId": "c83a0131-3114-4bb3-aaf7-8b843f2e124b", "scryfallOracleId": "fc9ec820-4245-4a96-b009-5308a818ca58", "tcgplayerProductId": "105557"}, "isReprint": true, "layout": "normal", "legalities": {"commander": "Legal", "duel": "Legal", "gladiator": "Legal", "historic": "Legal", "historicbrawl": "Legal", "legacy": "Legal", "modern": "Legal", "pioneer": "Legal", "vintage": "Legal"}, "manaValue": 0.0, "name": "Watery Grave", "number": "7", "originalText": "As Watery Grave enters the battlefield, you may pay 2 life. If you don't, Watery Grave enters the battlefield tapped.", "originalType": "Land — Island Swamp", "printings": ["EXP", "GRN", "GTC", "PGRN", "PRM", "RAV", "SLD"], "purchaseUrls": {"cardmarket": "https://mtgjson.com/links/e00b9d9ca79b614f", "tcgplayer": "https://mtgjson.com/links/0079334ca995efe4"}, "rarity": "mythic", "rulings": [{"date": "2018-10-05", "text": "Unlike most dual lands, this land has two basic land types. It’s not basic, so cards such as District Guide can’t find it, but it does have the appropriate land types for effects such as that of Drowned Catacomb (from the Ixalan set)."}, {"date": "2018-10-05", "text": "If an effect puts this land onto the battlefield tapped, you may pay 2 life, but it still enters tapped."}], "setCode": "EXP", "subtypes": ["Island", "Swamp"], "supertypes": [], "text": "({T}: Add {U} or {B}.)\nAs Watery Grave enters the battlefield, you may pay 2 life. If you don't, it enters the battlefield tapped.", "type": "Land — Island Swamp", "types": ["Land"], "uuid": "c211b145-b69c-5845-ae14-384d2f995713"}, {"artist": "Min Yum", "availability": ["mtgo", "paper"], "borderColor": "black", "colorIdentity": ["B", "R"], "colors": [], "convertedManaCost": 0.0, "edhrecRank": 69, "finishes": ["foil"], "foreignData": [], "frameVersion": "2015", "hasFoil": true, "hasNonFoil": false, "identifiers": {"mcmId": "284406", "mcmMetaId": "7551", "mtgjsonV4Id": "36274a9e-b9b7-5c23-a3b4-9beec94f25c2", "mtgoFoilId": "58862", "mtgoId": "58861", "multiverseId": "405093", "scryfallId": "399f4d04-65ee-478d-9184-d33bb355e726", "scryfallIllustrationId": "b5bf6402-494d-422a-9f49-cc718d8b3373", "scryfallOracleId": "43985bbc-a0f6-4812-984e-392bc8562633", "tcgplayerProductId": "105549"}, "isReprint": true, "layout": "normal", "legalities": {"commander": "Legal", "duel": "Legal", "gladiator": "Legal", "historic": "Legal", "historicbrawl": "Legal", "legacy": "Legal", "modern": "Legal", "pioneer": "Legal", "vintage": "Legal"}, "manaValue": 0.0, "name": "Blood Crypt", "number": "8", "originalText": "As Blood Crypt enters the battlefield, you may pay 2 life. If you don't, Blood Crypt enters the battlefield tapped.", "originalType": "Land — Swamp Mountain", "printings": ["DIS", "EXP", "PRM", "PRNA", "RNA", "RTR", "SLD"], "purchaseUrls": {"cardmarket": "https://mtgjson.com/links/0bf61038e22b8a59", "tcgplayer": "https://mtgjson.com/links/bf3e2fd7136c3ff8"}, "rarity": "mythic", "rulings": [{"date": "2018-10-05", "text": "Unlike most dual lands, this land has two basic land types. It’s not basic, so cards such as District Guide can’t find it, but it does have the appropriate land types for effects such as that of Drowned Catacomb (from the Ixalan set)."}, {"date": "2018-10-05", "text": "If an effect puts this land onto the battlefield tapped, you may pay 2 life, but it still enters tapped."}], "setCode": "EXP", "subtypes": ["Swamp", "Mountain"], "supertypes": [], "text": "({T}: Add {B} or {R}.)\nAs Blood Crypt enters the battlefield, you may pay 2 life. If you don't, it enters the battlefield tapped.", "type": "Land — Swamp Mountain", "types": ["Land"], "uuid": "b42a6453-2a3e-5157-b734-4a4dd2683970"}, {"artist": "Min Yum", "availability": ["mtgo", "paper"], "borderColor": "black", "colorIdentity": ["G", "R"], "colors": [], "convertedManaCost": 0.0, "edhrecRank": 68, "finishes": ["foil"], "foreignData": [], "frameVersion": "2015", "hasFoil": true, "hasNonFoil": false, "identifiers": {"mcmId": "284407", "mcmMetaId": "7851", "mtgjsonV4Id": "b23d9dc4-eefb-5cd2-ac13-fce5af0a4a8b", "mtgoFoilId": "58864", "mtgoId": "58863", "multiverseId": "405110", "scryfallId": "4c5e0fa3-63db-4b1e-bc15-dcb0ae80db14", "scryfallIllustrationId": "b9b7b5d5-4078-41b3-97fd-b446cb05fb97", "scryfallOracleId": "16052b52-ade1-406f-a06b-ce7ea607fb63", "tcgplayerProductId": "105556"}, "isReprint": true, "layout": "normal", "legalities": {"commander": "Legal", "duel": "Legal", "gladiator": "Legal", "historic": "Legal", "historicbrawl": "Legal", "legacy": "Legal", "modern": "Legal", "pioneer": "Legal", "vintage": "Legal"}, "manaValue": 0.0, "name": "Stomping Ground", "number": "9", "originalText": "As Stomping Ground enters the battlefield, you may pay 2 life. If you don't, Stomping Ground enters the battlefield tapped.", "originalType": "Land — Mountain Forest", "printings": ["EXP", "GPT", "GTC", "PRM", "PRNA", "RNA", "SLD"], "purchaseUrls": {"cardmarket": "https://mtgjson.com/links/5693b711b8f75e2f", "tcgplayer": "https://mtgjson.com/links/9e83d7f73e0dc4ae"}, "rarity": "mythic", "rulings": [{"date": "2018-10-05", "text": "Unlike most dual lands, this land has two basic land types. It’s not basic, so cards such as District Guide can’t find it, but it does have the appropriate land types for effects such as that of Drowned Catacomb (from the Ixalan set)."}, {"date": "2018-10-05", "text": "If an effect puts this land onto the battlefield tapped, you may pay 2 life, but it still enters tapped."}], "setCode": "EXP", "subtypes": ["Mountain", "Forest"], "supertypes": [], "text": "({T}: Add {R} or {G}.)\nAs Stomping Ground enters the battlefield, you may pay 2 life. If you don't, it enters the battlefield tapped.", "type": "Land — Mountain Forest", "types": ["Land"], "uuid": "78e759a2-4d82-543a-9e1f-ded192a5a703"}, {"artist": "Min Yum", "availability": ["mtgo", "paper"], "borderColor": "black", "colorIdentity": ["G", "W"], "colors": [], "convertedManaCost": 0.0, "edhrecRank": 70, "finishes": ["foil"], "foreignData": [], "frameVersion": "2015", "hasFoil": true, "hasNonFoil": false, "identifiers": {"mcmId": "284408", "mcmMetaId": "8115", "mtgjsonV4Id": "6c4e62f4-33f8-51ae-9edb-05e6e9ef755f", "mtgoFoilId": "58866", "mtgoId": "58865", "multiverseId": "405112", "scryfallId": "b1c846f3-142d-43f0-aa9a-8fd5fbd5ada4", "scryfallIllustrationId": "58f5829f-c714-4c84-b2c6-e5997b27e6fd", "scryfallOracleId": "f413a83d-a40d-434c-b20a-4c707c0527fa", "tcgplayerProductId": "104961"}, "isReprint": true, "layout": "normal", "legalities": {"commander": "Legal", "duel": "Legal", "gladiator": "Legal", "historic": "Legal", "historicbrawl": "Legal", "legacy": "Legal", "modern": "Legal", "pioneer": "Legal", "vintage": "Legal"}, "manaValue": 0.0, "name": "Temple Garden", "number": "10", "originalText": "As Temple Garden enters the battlefield, you may pay 2 life. If you don't, Temple Garden enters the battlefield tapped.", "originalType": "Land — Forest Plains", "printings": ["EXP", "GRN", "PGRN", "PRM", "RAV", "RTR", "SLD"], "purchaseUrls": {"cardmarket": "https://mtgjson.com/links/006c88abdfbd988c", "tcgplayer": "https://mtgjson.com/links/039b5c09633a2645"}, "rarity": "mythic", "rulings": [{"date": "2018-10-05", "text": "Unlike most dual lands, this land has two basic land types. It’s not basic, so cards such as District Guide can’t find it, but it does have the appropriate land types for effects such as that of Drowned Catacomb (from the Ixalan set)."}, {"date": "2018-10-05", "text": "If an effect puts this land onto the battlefield tapped, you may pay 2 life, but it still enters tapped."}], "setCode": "EXP", "subtypes": ["Forest", "Plains"], "supertypes": [], "text": "({T}: Add {G} or {W}.)\nAs Temple Garden enters the battlefield, you may pay 2 life. If you don't, it enters the battlefield tapped.", "type": "Land — Forest Plains", "types": ["Land"], "uuid": "ecd98496-4aa7-5f1e-ae97-2b364577ce40"}, {"artist": "Noah Bradley", "availability": ["mtgo", "paper"], "borderColor": "black", "colorIdentity": ["B", "W"], "colors": [], "convertedManaCost": 0.0, "edhrecRank": 59, "finishes": ["foil"], "foreignData": [], "frameVersion": "2015", "hasFoil": true, "hasNonFoil": false, "identifiers": {"mcmId": "284409", "mcmMetaId": "7761", "mtgjsonV4Id": "e8c80981-95df-5697-add7-5579823e31e8", "mtgoFoilId": "58868", "mtgoId": "58867", "multiverseId": "405099", "scryfallId": "db192c30-d28a-431c-ba46-1e3d9d3da3f4", "scryfallIllustrationId": "ef69e29c-ab1a-4b24-ba79-4f020e69d5ea", "scryfallOracleId": "73864fcc-1bde-4bc0-831e-2b93e546e417", "tcgplayerProductId": "104741"}, "isReprint": true, "layout": "normal", "legalities": {"commander": "Legal", "duel": "Legal", "gladiator": "Legal", "historic": "Legal", "historicbrawl": "Legal", "legacy": "Legal", "modern": "Legal", "pioneer": "Legal", "vintage": "Legal"}, "manaValue": 0.0, "name": "Godless Shrine", "number": "11", "originalText": "As Godless Shrine enters the battlefield, you may pay 2 life. If you don't, Godless Shrine enters the battlefield tapped.", "originalType": "Land — Plains Swamp", "printings": ["EXP", "GPT", "GTC", "PRM", "PRNA", "RNA", "SLD"], "purchaseUrls": {"cardmarket": "https://mtgjson.com/links/4b7b65a8563b1ef6", "tcgplayer": "https://mtgjson.com/links/3beef94f926a664c"}, "rarity": "mythic", "rulings": [{"date": "2018-10-05", "text": "Unlike most dual lands, this land has two basic land types. It’s not basic, so cards such as District Guide can’t find it, but it does have the appropriate land types for effects such as that of Drowned Catacomb (from the Ixalan set)."}, {"date": "2018-10-05", "text": "If an effect puts this land onto the battlefield tapped, you may pay 2 life, but it still enters tapped."}], "setCode": "EXP", "subtypes": ["Plains", "Swamp"], "supertypes": [], "text": "({T}: Add {W} or {B}.)\nAs Godless Shrine enters the battlefield, you may pay 2 life. If you don't, it enters the battlefield tapped.", "type": "Land — Plains Swamp", "types": ["Land"], "uuid": "ef24dde1-3ac3-52e7-8665-81253c304a96"}, {"artist": "Noah Bradley", "availability": ["mtgo", "paper"], "borderColor": "black", "colorIdentity": ["R", "U"], "colors": [], "convertedManaCost": 0.0, "edhrecRank": 58, "finishes": ["foil"], "foreignData": [], "frameVersion": "2015", "hasFoil": true, "hasNonFoil": false, "identifiers": {"mcmId": "284326", "mcmMetaId": "7848", "mtgjsonV4Id": "61683cea-1f07-5380-bd82-53a0a01ae210", "mtgoFoilId": "58870", "mtgoId": "58869", "multiverseId": "405109", "scryfallId": "2349e6aa-5bbf-4250-a19a-321bd308ddcb", "scryfallIllustrationId": "453f9918-56a1-4ee5-8ecc-52e147361187", "scryfallOracleId": "17039058-822d-409f-938c-b727a366ba63", "tcgplayerProductId": "104307"}, "isReprint": true, "layout": "normal", "legalities": {"commander": "Legal", "duel": "Legal", "gladiator": "Legal", "historic": "Legal", "historicbrawl": "Legal", "legacy": "Legal", "modern": "Legal", "pioneer": "Legal", "vintage": "Legal"}, "manaValue": 0.0, "name": "Steam Vents", "number": "12", "originalText": "As Steam Vents enters the battlefield, you may pay 2 life. If you don't, Steam Vents enters the battlefield tapped.", "originalType": "Land — Island Mountain", "printings": ["EXP", "GPT", "GRN", "PGRN", "PRM", "RTR", "SLD"], "purchaseUrls": {"cardmarket": "https://mtgjson.com/links/a938efd85b2118dd", "tcgplayer": "https://mtgjson.com/links/25d7de1d4f5c264f"}, "rarity": "mythic", "rulings": [{"date": "2018-10-05", "text": "If an effect puts this land onto the battlefield tapped, you may pay 2 life, but it still enters tapped."}, {"date": "2018-10-05", "text": "Unlike most dual lands, this land has two basic land types. It’s not basic, so cards such as District Guide can’t find it, but it does have the appropriate land types for effects such as that of Drowned Catacomb (from the Ixalan set)."}], "setCode": "EXP", "subtypes": ["Island", "Mountain"], "supertypes": [], "text": "({T}: Add {U} or {R}.)\nAs Steam Vents enters the battlefield, you may pay 2 life. If you don't, it enters the battlefield tapped.", "type": "Land — Island Mountain", "types": ["Land"], "uuid": "32129418-2499-5932-a7b2-4688fe26addf"}, {"artist": "Noah Bradley", "availability": ["mtgo", "paper"], "borderColor": "black", "colorIdentity": ["B", "G"], "colors": [], "convertedManaCost": 0.0, "edhrecRank": 46, "finishes": ["foil"], "foreignData": [], "frameVersion": "2015", "hasFoil": true, "hasNonFoil": false, "identifiers": {"mcmId": "284410", "mcmMetaId": "8044", "mtgjsonV4Id": "01655fa1-b466-5416-a0ee-1eeb2122c259", "mtgoFoilId": "58872", "mtgoId": "58871", "multiverseId": "405103", "scryfallId": "b92ca85d-eede-4c7f-b491-f555da1c23eb", "scryfallIllustrationId": "98686f5f-bdd2-4f0d-b57a-e5f92fd9d165", "scryfallOracleId": "975ec9a3-6f20-4177-8211-82526e092538", "tcgplayerProductId": "105553"}, "isReprint": true, "layout": "normal", "legalities": {"commander": "Legal", "duel": "Legal", "gladiator": "Legal", "historic": "Legal", "historicbrawl": "Legal", "legacy": "Legal", "modern": "Legal", "pioneer": "Legal", "vintage": "Legal"}, "manaValue": 0.0, "name": "Overgrown Tomb", "number": "13", "originalText": "As Overgrown Tomb enters the battlefield, you may pay 2 life. If you don't, Overgrown Tomb enters the battlefield tapped.", "originalType": "Land — Swamp Forest", "printings": ["EXP", "GRN", "PGRN", "PRM", "RAV", "RTR", "SLD"], "purchaseUrls": {"cardmarket": "https://mtgjson.com/links/924c97866f86a039", "tcgplayer": "https://mtgjson.com/links/0d13152686f15c3d"}, "rarity": "mythic", "rulings": [{"date": "2018-10-05", "text": "Unlike most dual lands, this land has two basic land types. It’s not basic, so cards such as District Guide can’t find it, but it does have the appropriate land types for effects such as that of Drowned Catacomb (from the Ixalan set)."}, {"date": "2018-10-05", "text": "If an effect puts this land onto the battlefield tapped, you may pay 2 life, but it still enters tapped."}], "setCode": "EXP", "subtypes": ["Swamp", "Forest"], "supertypes": [], "text": "({T}: Add {B} or {G}.)\nAs Overgrown Tomb enters the battlefield, you may pay 2 life. If you don't, it enters the battlefield tapped.", "type": "Land — Swamp Forest", "types": ["Land"], "uuid": "2178d49a-a905-5a48-bc3a-b2aea613cf68"}, {"artist": "Noah Bradley", "availability": ["mtgo", "paper"], "borderColor": "black", "colorIdentity": ["R", "W"], "colors": [], "convertedManaCost": 0.0, "edhrecRank": 73, "finishes": ["foil"], "foreignData": [], "frameVersion": "2015", "hasFoil": true, "hasNonFoil": false, "identifiers": {"mcmId": "284411", "mcmMetaId": "8071", "mtgjsonV4Id": "f818b1d2-3dfc-5da3-bd43-b0ad5e74d2de", "mtgoFoilId": "58874", "mtgoId": "58873", "multiverseId": "405106", "scryfallId": "33c519df-c6b1-4e32-92bc-8a67ae5cbaab", "scryfallIllustrationId": "ba1ca30f-6adc-46dc-86ba-51d69b97f04d", "scryfallOracleId": "45181cb8-2090-4471-ba90-e5a8f04d525f", "tcgplayerProductId": "104816"}, "isReprint": true, "layout": "normal", "legalities": {"commander": "Legal", "duel": "Legal", "gladiator": "Legal", "historic": "Legal", "historicbrawl": "Legal", "legacy": "Legal", "modern": "Legal", "pioneer": "Legal", "vintage": "Legal"}, "manaValue": 0.0, "name": "Sacred Foundry", "number": "14", "originalText": "As Sacred Foundry enters the battlefield, you may pay 2 life. If you don't, Sacred Foundry enters the battlefield tapped.", "originalType": "Land — Mountain Plains", "printings": ["EXP", "GRN", "GTC", "PGRN", "PRM", "RAV", "SLD"], "purchaseUrls": {"cardmarket": "https://mtgjson.com/links/34bc5ebf275fbf27", "tcgplayer": "https://mtgjson.com/links/3ad35ba821fbef75"}, "rarity": "mythic", "rulings": [{"date": "2018-10-05", "text": "Unlike most dual lands, this land has two basic land types. It’s not basic, so cards such as District Guide can’t find it, but it does have the appropriate land types for effects such as that of Drowned Catacomb (from the Ixalan set)."}, {"date": "2018-10-05", "text": "If an effect puts this land onto the battlefield tapped, you may pay 2 life, but it still enters tapped."}], "setCode": "EXP", "subtypes": ["Mountain", "Plains"], "supertypes": [], "text": "({T}: Add {R} or {W}.)\nAs Sacred Foundry enters the battlefield, you may pay 2 life. If you don't, it enters the battlefield tapped.", "type": "Land — Mountain Plains", "types": ["Land"], "uuid": "4522d08e-63bb-5f88-b7fa-189dc516297c"}, {"artist": "Noah Bradley", "availability": ["mtgo", "paper"], "borderColor": "black", "colorIdentity": ["G", "U"], "colors": [], "convertedManaCost": 0.0, "edhrecRank": 50, "finishes": ["foil"], "foreignData": [], "frameVersion": "2015", "hasFoil": true, "hasNonFoil": false, "identifiers": {"mcmId": "284412", "mcmMetaId": "7556", "mtgjsonV4Id": "ba0c9b56-2772-57a9-97b4-5a869288faa0", "mtgoFoilId": "58876", "mtgoId": "58875", "multiverseId": "405095", "scryfallId": "045d22eb-b291-4bbe-b468-32bdf8b6eba6", "scryfallIllustrationId": "1af1a961-d066-4975-9573-47fd64ac7843", "scryfallOracleId": "20283c4a-f1f0-42f0-bc08-6da87474426b", "tcgplayerProductId": "105551"}, "isReprint": true, "layout": "normal", "legalities": {"commander": "Legal", "duel": "Legal", "gladiator": "Legal", "historic": "Legal", "historicbrawl": "Legal", "legacy": "Legal", "modern": "Legal", "pioneer": "Legal", "vintage": "Legal"}, "manaValue": 0.0, "name": "Breeding Pool", "number": "15", "originalText": "As Breeding Pool enters the battlefield, you may pay 2 life. If you don't, Breeding Pool enters the battlefield tapped.", "originalType": "Land — Forest Island", "printings": ["DIS", "EXP", "GTC", "PRM", "PRNA", "RNA", "SLD"], "purchaseUrls": {"cardmarket": "https://mtgjson.com/links/ba37252aed2d57ca", "tcgplayer": "https://mtgjson.com/links/d386f0fe253d32d0"}, "rarity": "mythic", "rulings": [{"date": "2018-10-05", "text": "If an effect puts this land onto the battlefield tapped, you may pay 2 life, but it still enters tapped."}, {"date": "2018-10-05", "text": "Unlike most dual lands, this land has two basic land types. It’s not basic, so cards such as District Guide can’t find it, but it does have the appropriate land types for effects such as that of Drowned Catacomb (from the Ixalan set)."}], "setCode": "EXP", "subtypes": ["Forest", "Island"], "supertypes": [], "text": "({T}: Add {G} or {U}.)\nAs Breeding Pool enters the battlefield, you may pay 2 life. If you don't, it enters the battlefield tapped.", "type": "Land — Forest Island", "types": ["Land"], "uuid": "a6c5d8d8-5e6d-51b5-9c46-9d9d20f2d7b8"}, {"artist": "Véronique Meignaud", "availability": ["mtgo", "paper"], "borderColor": "black", "colorIdentity": [], "colors": [], "convertedManaCost": 0.0, "edhrecRank": 43, "finishes": ["foil"], "foreignData": [], "frameVersion": "2015", "hasFoil": true, "hasNonFoil": false, "identifiers": {"mcmId": "284413", "mcmMetaId": "2116", "mtgjsonV4Id": "72989c4b-fb0f-5e44-88af-1278decbf0e6", "mtgoFoilId": "58840", "mtgoId": "58839", "multiverseId": "405098", "scryfallId": "4ca2078c-61c6-4862-a720-2d92435d1140", "scryfallIllustrationId": "516f8f0f-17b8-4443-a882-89f65f26ec70", "scryfallOracleId": "f3c7af78-a77d-4134-82a2-a5ce84285a84", "tcgplayerProductId": "104960"}, "isReprint": true, "layout": "normal", "legalities": {"commander": "Legal", "duel": "Legal", "legacy": "Legal", "modern": "Legal", "pioneer": "Banned", "premodern": "Legal", "vintage": "Legal"}, "manaValue": 0.0, "name": "Flooded Strand", "number": "16", "originalText": "{T}, Pay 1 life, Sacrifice Flooded Strand: Search your library for a Plains or Island card and put it onto the battlefield. Then shuffle your library.", "originalType": "Land", "printings": ["EXP", "G09", "KTK", "ONS", "PNAT", "PRM", "WC03", "WC04", "ZNE"], "purchaseUrls": {"cardmarket": "https://mtgjson.com/links/e4b1f596a792f500", "tcgplayer": "https://mtgjson.com/links/d54fa69f8762fe63"}, "rarity": "mythic", "rulings": [], "setCode": "EXP", "subtypes": [], "supertypes": [], "text": "{T}, Pay 1 life, Sacrifice Flooded Strand: Search your library for a Plains or Island card, put it onto the battlefield, then shuffle.", "type": "Land", "types": ["Land"], "uuid": "3d014c61-b17a-5f67-be66-9039ee063c16"}, {"artist": "Véronique Meignaud", "availability": ["mtgo", "paper"], "borderColor": "black", "colorIdentity": [], "colors": [], "convertedManaCost": 0.0, "edhrecRank": 36, "finishes": ["foil"], "foreignData": [], "frameVersion": "2015", "hasFoil": true, "hasNonFoil": false, "identifiers": {"mcmId": "284414", "mcmMetaId": "4282", "mtgjsonV4Id": "1b8da7b5-03b7-5cb1-884b-5e8ac1b3e1d0", "mtgoFoilId": "58878", "mtgoId": "58877", "multiverseId": "405104", "scryfallId": "cdfac4bf-ffba-43eb-a29c-45c64079e830", "scryfallIllustrationId": "8cedb4a3-e72c-4cf8-aab5-403ea015477e", "scryfallOracleId": "ef86989d-ce80-4e55-aece-7d11710eeffa", "tcgplayerProductId": "105554"}, "isReprint": true, "layout": "normal", "legalities": {"commander": "Legal", "duel": "Legal", "legacy": "Legal", "modern": "Legal", "pioneer": "Banned", "premodern": "Legal", "vintage": "Legal"}, "manaValue": 0.0, "name": "Polluted Delta", "number": "17", "originalText": "{T}, Pay 1 life, Sacrifice Polluted Delta: Search your library for an Island or Swamp card and put it onto the battlefield. Then shuffle your library.", "originalType": "Land", "printings": ["EXP", "G09", "KTK", "ONS", "PRM", "ZNE"], "purchaseUrls": {"cardmarket": "https://mtgjson.com/links/4d22f68295d8c20e", "tcgplayer": "https://mtgjson.com/links/2f939c547457cfdd"}, "rarity": "mythic", "rulings": [], "setCode": "EXP", "subtypes": [], "supertypes": [], "text": "{T}, Pay 1 life, Sacrifice Polluted Delta: Search your library for an Island or Swamp card, put it onto the battlefield, then shuffle.", "type": "Land", "types": ["Land"], "uuid": "5e094ed9-c803-5dd5-8f84-a2a0be4e2daf"}, {"artist": "Véronique Meignaud", "availability": ["mtgo", "paper"], "borderColor": "black", "colorIdentity": [], "colors": [], "convertedManaCost": 0.0, "edhrecRank": 48, "finishes": ["foil"], "foreignData": [], "frameVersion": "2015", "hasFoil": true, "hasNonFoil": false, "identifiers": {"mcmId": "284415", "mcmMetaId": "614", "mtgjsonV4Id": "d6911a3a-5654-56d1-9cca-14bc12380900", "mtgoFoilId": "58842", "mtgoId": "58841", "multiverseId": "405094", "scryfallId": "212f9fbc-ebb9-474a-b3c4-cbde8e69af77", "scryfallIllustrationId": "dd6034fd-3408-44a8-b9d7-a0e23a294eed", "scryfallOracleId": "fc0707c7-d504-4ccf-a0d2-3eb6e26e7a57", "tcgplayerProductId": "105550"}, "isReprint": true, "layout": "normal", "legalities": {"commander": "Legal", "duel": "Legal", "legacy": "Legal", "modern": "Legal", "pioneer": "Banned", "premodern": "Legal", "vintage": "Legal"}, "manaValue": 0.0, "name": "Bloodstained Mire", "number": "18", "originalText": "{T}, Pay 1 life, Sacrifice Bloodstained Mire: Search your library for a Swamp or Mountain card and put it onto the battlefield. Then shuffle your library.", "originalType": "Land", "printings": ["EXP", "G09", "KTK", "ONS", "PRM", "WC03", "ZNE"], "purchaseUrls": {"cardmarket": "https://mtgjson.com/links/8e29a3ffdf6a1128", "tcgplayer": "https://mtgjson.com/links/76206da6e4f1d267"}, "rarity": "mythic", "rulings": [], "setCode": "EXP", "subtypes": [], "supertypes": [], "text": "{T}, Pay 1 life, Sacrifice Bloodstained Mire: Search your library for a Swamp or Mountain card, put it onto the battlefield, then shuffle.", "type": "Land", "types": ["Land"], "uuid": "7f7ab887-d86c-5a2c-8d85-bd2eba5d842b"}, {"artist": "Véronique Meignaud", "availability": ["mtgo", "paper"], "borderColor": "black", "colorIdentity": [], "colors": [], "convertedManaCost": 0.0, "edhrecRank": 47, "finishes": ["foil"], "foreignData": [], "frameVersion": "2015", "hasFoil": true, "hasNonFoil": false, "identifiers": {"mcmId": "284416", "mcmMetaId": "6701", "mtgjsonV4Id": "258cb7e1-6ba9-58d5-96df-e68f49890958", "mtgoFoilId": "58844", "mtgoId": "58843", "multiverseId": "405116", "scryfallId": "fa884399-0046-4203-9d45-0fba1bb44ef0", "scryfallIllustrationId": "7163c13e-2413-4c29-83c2-8cf81f550758", "scryfallOracleId": "6587a463-a108-4854-b6d1-944e89b8c8a4", "tcgplayerProductId": "105560"}, "isReprint": true, "layout": "normal", "legalities": {"commander": "Legal", "duel": "Legal", "legacy": "Legal", "modern": "Legal", "pioneer": "Banned", "premodern": "Legal", "vintage": "Legal"}, "manaValue": 0.0, "name": "Wooded Foothills", "number": "19", "originalText": "{T}, Pay 1 life, Sacrifice Wooded Foothills: Search your library for a Mountain or Forest card and put it onto the battlefield. Then shuffle your library.", "originalType": "Land", "printings": ["EXP", "G09", "KTK", "ONS", "PRM", "ZNE"], "purchaseUrls": {"cardmarket": "https://mtgjson.com/links/fad869515a8a2e18", "tcgplayer": "https://mtgjson.com/links/8c69d0fbbd41450c"}, "rarity": "mythic", "rulings": [], "setCode": "EXP", "subtypes": [], "supertypes": [], "text": "{T}, Pay 1 life, Sacrifice Wooded Foothills: Search your library for a Mountain or Forest card, put it onto the battlefield, then shuffle.", "type": "Land", "types": ["Land"], "uuid": "c7cb59f7-274c-5e66-912d-fcdd0ffb8ffb"}, {"artist": "Véronique Meignaud", "availability": ["mtgo", "paper"], "borderColor": "black", "colorIdentity": [], "colors": [], "convertedManaCost": 0.0, "edhrecRank": 42, "finishes": ["foil"], "foreignData": [], "frameVersion": "2015", "hasFoil": true, "hasNonFoil": false, "identifiers": {"mcmId": "284417", "mcmMetaId": "6653", "mtgjsonV4Id": "3d38eff3-7fd3-58cb-ba2a-4fc3b9392e84", "mtgoFoilId": "58848", "mtgoId": "58847", "multiverseId": "405115", "scryfallId": "4b5fc9ef-724d-4287-8ebc-ada2625e0dfb", "scryfallIllustrationId": "aceb6070-02a9-4a18-b9bf-0fece6a6ddd4", "scryfallOracleId": "29737a60-3ebd-40d9-b935-c4f54b90d45d", "tcgplayerProductId": "105559"}, "isReprint": true, "layout": "normal", "legalities": {"commander": "Legal", "duel": "Legal", "legacy": "Legal", "modern": "Legal", "pioneer": "Banned", "premodern": "Legal", "vintage": "Legal"}, "manaValue": 0.0, "name": "Windswept Heath", "number": "20", "originalText": "{T}, Pay 1 life, Sacrifice Windswept Heath: Search your library for a Forest or Plains card and put it onto the battlefield. Then shuffle your library.", "originalType": "Land", "printings": ["EXP", "G09", "KTK", "ONS", "PRM", "WC04", "ZNE"], "purchaseUrls": {"cardmarket": "https://mtgjson.com/links/371550d45216be32", "tcgplayer": "https://mtgjson.com/links/ae065e3ff6361c9e"}, "rarity": "mythic", "rulings": [], "setCode": "EXP", "subtypes": [], "supertypes": [], "text": "{T}, Pay 1 life, Sacrifice Windswept Heath: Search your library for a Forest or Plains card, put it onto the battlefield, then shuffle.", "type": "Land", "types": ["Land"], "uuid": "9b573ea6-263a-5fea-86b7-f3aacf6803f2"}, {"artist": "Ryan Yee", "availability": ["mtgo", "paper"], "borderColor": "black", "colorIdentity": [], "colors": [], "convertedManaCost": 0.0, "edhrecRank": 67, "finishes": ["foil"], "foreignData": [], "frameVersion": "2015", "hasFoil": true, "hasNonFoil": false, "identifiers": {"mcmId": "284418", "mcmMetaId": "10781", "mtgjsonV4Id": "20178ff3-321e-5085-9545-007799f3d44d", "mtgoFoilId": "58850", "mtgoId": "58849", "multiverseId": "405101", "scryfallId": "ea61e27c-3f55-499a-af31-7c34b91be0f2", "scryfallIllustrationId": "7faec944-3b8a-422e-b250-5596576497c7", "scryfallOracleId": "dab520d0-20b4-4273-ba6b-eb07f85ea433", "tcgplayerProductId": "105552"}, "isReprint": true, "layout": "normal", "legalities": {"commander": "Legal", "duel": "Legal", "legacy": "Legal", "modern": "Legal", "vintage": "Legal"}, "manaValue": 0.0, "name": "Marsh Flats", "number": "21", "originalText": "{T}, Pay 1 life, Sacrifice Marsh Flats: Search your library for a Plains or Swamp card and put it onto the battlefield. Then shuffle your library.", "originalType": "Land", "printings": ["EXP", "MH2", "MM3", "PMH2", "SLU", "ZEN", "ZNE"], "purchaseUrls": {"cardmarket": "https://mtgjson.com/links/c0ec26dc591710f1", "tcgplayer": "https://mtgjson.com/links/db839432141ad8b3"}, "rarity": "mythic", "rulings": [], "setCode": "EXP", "subtypes": [], "supertypes": [], "text": "{T}, Pay 1 life, Sacrifice Marsh Flats: Search your library for a Plains or Swamp card, put it onto the battlefield, then shuffle.", "type": "Land", "types": ["Land"], "uuid": "647fa978-73db-5548-a403-16e47f43234b"}, {"artist": "Ryan Yee", "availability": ["mtgo", "paper"], "borderColor": "black", "colorIdentity": [], "colors": [], "convertedManaCost": 0.0, "edhrecRank": 71, "finishes": ["foil"], "foreignData": [], "frameVersion": "2015", "hasFoil": true, "hasNonFoil": false, "identifiers": {"mcmId": "284419", "mcmMetaId": "10779", "mtgjsonV4Id": "118bca03-a790-5dfe-a1cf-046056288cc8", "mtgoFoilId": "58852", "mtgoId": "58851", "multiverseId": "405107", "scryfallId": "5a985f59-2b4e-416d-8f11-46b9317199c5", "scryfallIllustrationId": "7bfd995b-d460-4bb0-83b6-ec64e5536c3f", "scryfallOracleId": "cb027150-848c-4a66-88ad-e20222304dd8", "tcgplayerProductId": "105555"}, "isReprint": true, "layout": "normal", "legalities": {"commander": "Legal", "duel": "Legal", "legacy": "Legal", "modern": "Legal", "vintage": "Legal"}, "manaValue": 0.0, "name": "Scalding Tarn", "number": "22", "originalText": "{T}, Pay 1 life, Sacrifice Scalding Tarn: Search your library for an Island or Mountain card and put it onto the battlefield. Then shuffle your library.", "originalType": "Land", "printings": ["EXP", "MH2", "MM3", "PMH2", "SLU", "ZEN", "ZNE"], "purchaseUrls": {"cardmarket": "https://mtgjson.com/links/bf84ff24d784069e", "tcgplayer": "https://mtgjson.com/links/83134ba300c58e0c"}, "rarity": "mythic", "rulings": [], "setCode": "EXP", "subtypes": [], "supertypes": [], "text": "{T}, Pay 1 life, Sacrifice Scalding Tarn: Search your library for an Island or Mountain card, put it onto the battlefield, then shuffle.", "type": "Land", "types": ["Land"], "uuid": "22aeaa33-5fd9-50e5-8ab8-330af3e764b8"}, {"artist": "Ryan Yee", "availability": ["mtgo", "paper"], "borderColor": "black", "colorIdentity": [], "colors": [], "convertedManaCost": 0.0, "edhrecRank": 66, "finishes": ["foil"], "foreignData": [], "frameVersion": "2015", "hasFoil": true, "hasNonFoil": false, "identifiers": {"mcmId": "284420", "mcmMetaId": "10796", "mtgjsonV4Id": "31689eb6-42c0-55ad-994a-5c17809f1246", "mtgoFoilId": "58854", "mtgoId": "58853", "multiverseId": "405113", "scryfallId": "2e37ee29-7e51-4577-8354-499cbb772af0", "scryfallIllustrationId": "61f3af21-ecba-4f77-8281-b93b8413e046", "scryfallOracleId": "67d60b24-d429-4ded-90d9-06e49f28c396", "tcgplayerProductId": "105558"}, "isReprint": true, "layout": "normal", "legalities": {"commander": "Legal", "duel": "Legal", "legacy": "Legal", "modern": "Legal", "vintage": "Legal"}, "manaValue": 0.0, "name": "Verdant Catacombs", "number": "23", "originalText": "{T}, Pay 1 life, Sacrifice Verdant Catacombs: Search your library for a Swamp or Forest card and put it onto the battlefield. Then shuffle your library.", "originalType": "Land", "printings": ["EXP", "MH2", "MM3", "PMH2", "SLU", "ZEN", "ZNE"], "purchaseUrls": {"cardmarket": "https://mtgjson.com/links/607013d497e8021e", "tcgplayer": "https://mtgjson.com/links/7267aa0c7e03ef91"}, "rarity": "mythic", "rulings": [], "setCode": "EXP", "subtypes": [], "supertypes": [], "text": "{T}, Pay 1 life, Sacrifice Verdant Catacombs: Search your library for a Swamp or Forest card, put it onto the battlefield, then shuffle.", "type": "Land", "types": ["Land"], "uuid": "fdf99dc4-d87b-514b-8d15-fc21a5d2ba30"}, {"artist": "Ryan Yee", "availability": ["mtgo", "paper"], "borderColor": "black", "colorIdentity": [], "colors": [], "convertedManaCost": 0.0, "edhrecRank": 76, "finishes": ["foil"], "foreignData": [], "frameVersion": "2015", "hasFoil": true, "hasNonFoil": false, "identifiers": {"mcmId": "284325", "mcmMetaId": "10741", "mtgjsonV4Id": "be3b2311-075c-5f68-bb6a-c4893527ba22", "mtgoFoilId": "58856", "mtgoId": "58855", "multiverseId": "405092", "scryfallId": "21a739c8-d7ca-4204-9398-c47fd1d68447", "scryfallIllustrationId": "c6ee7974-cc17-4a4f-ae91-0c7acac27f30", "scryfallOracleId": "c5acf2a5-40f4-433d-a74d-1cb56c521464", "tcgplayerProductId": "104306"}, "isReprint": true, "layout": "normal", "legalities": {"commander": "Legal", "duel": "Legal", "legacy": "Legal", "modern": "Legal", "vintage": "Legal"}, "manaValue": 0.0, "name": "Arid Mesa", "number": "24", "originalText": "{T}, Pay 1 life, Sacrifice Arid Mesa: Search your library for a Mountain or Plains card and put it onto the battlefield. Then shuffle your library.", "originalType": "Land", "printings": ["EXP", "MH2", "MM3", "PMH2", "SLU", "ZEN", "ZNE"], "purchaseUrls": {"cardmarket": "https://mtgjson.com/links/354bd175fcf3321e", "tcgplayer": "https://mtgjson.com/links/738b2c4ea13e07ad"}, "rarity": "mythic", "rulings": [], "setCode": "EXP", "subtypes": [], "supertypes": [], "text": "{T}, Pay 1 life, Sacrifice Arid Mesa: Search your library for a Mountain or Plains card, put it onto the battlefield, then shuffle.", "type": "Land", "types": ["Land"], "uuid": "282cd57c-fb9c-5896-93fa-4c56ea2d672e"}, {"artist": "Ryan Yee", "availability": ["mtgo", "paper"], "borderColor": "black", "colorIdentity": [], "colors": [], "convertedManaCost": 0.0, "edhrecRank": 55, "finishes": ["foil"], "foreignData": [], "frameVersion": "2015", "hasFoil": true, "hasNonFoil": false, "identifiers": {"mcmId": "284421", "mcmMetaId": "10723", "mtgjsonV4Id": "a3e9d8cd-ecda-59a0-8735-0ce35b2060f3", "mtgoFoilId": "58846", "mtgoId": "58845", "multiverseId": "405102", "scryfallId": "1f47bd65-b37c-4b7e-a271-8d67e0c90deb", "scryfallIllustrationId": "ff0fe274-4f3b-4739-839b-5eb8bf558552", "scryfallOracleId": "09dd85aa-47bc-4713-a9b9-8b52ff2285ed", "tcgplayerProductId": "105018"}, "isReprint": true, "layout": "normal", "legalities": {"commander": "Legal", "duel": "Legal", "legacy": "Legal", "modern": "Legal", "vintage": "Legal"}, "manaValue": 0.0, "name": "Misty Rainforest", "number": "25", "originalText": "{T}, Pay 1 life, Sacrifice Misty Rainforest: Search your library for a Forest or Island card and put it onto the battlefield. Then shuffle your library.", "originalType": "Land", "printings": ["EXP", "MH2", "MM3", "PMH2", "SLU", "ZEN", "ZNE"], "purchaseUrls": {"cardmarket": "https://mtgjson.com/links/c52bf946f1846579", "tcgplayer": "https://mtgjson.com/links/14a0b4dfd056b5b9"}, "rarity": "mythic", "rulings": [], "setCode": "EXP", "subtypes": [], "supertypes": [], "text": "{T}, Pay 1 life, Sacrifice Misty Rainforest: Search your library for a Forest or Island card, put it onto the battlefield, then shuffle.", "type": "Land", "types": ["Land"], "uuid": "59c8d3c1-89ad-5bac-a4ab-fddad0ec8260"}, {"artist": "Adam Paquette", "availability": ["mtgo", "paper"], "borderColor": "black", "colorIdentity": ["U", "W"], "colors": [], "convertedManaCost": 0.0, "edhrecRank": 1061, "finishes": ["foil"], "foreignData": [], "frameVersion": "2015", "hasFoil": true, "hasNonFoil": false, "identifiers": {"mcmId": "287020", "mcmMetaId": "9839", "mtgjsonV4Id": "a8112980-0f68-509a-b5a7-a34899d69736", "mtgoFoilId": "59712", "mtgoId": "59711", "multiverseId": "409557", "scryfallId": "2a95a6b0-cd73-4754-a53a-26669bc1440b", "scryfallIllustrationId": "c296e8a8-b867-4e8f-90b0-760512b9f973", "scryfallOracleId": "e9f5feb2-2c1a-46ce-885a-4f378d7d10af", "tcgplayerProductId": "110734"}, "isReprint": true, "layout": "normal", "legalities": {"commander": "Legal", "duel": "Legal", "legacy": "Legal", "modern": "Legal", "vintage": "Legal"}, "manaValue": 0.0, "name": "Mystic Gate", "number": "26", "originalText": "{T}: Add {C} to your mana pool.\n{WU}, {T}: Add {W}{W}, {W}{U}, or {U}{U} to your mana pool.", "originalType": "Land", "printings": ["2XM", "EXP", "SHM"], "purchaseUrls": {"cardmarket": "https://mtgjson.com/links/c433123de7a12b8a", "tcgplayer": "https://mtgjson.com/links/12ddce4da17dab4b"}, "rarity": "mythic", "rulings": [], "setCode": "EXP", "subtypes": [], "supertypes": [], "text": "{T}: Add {C}.\n{W/U}, {T}: Add {W}{W}, {W}{U}, or {U}{U}.", "type": "Land", "types": ["Land"], "uuid": "a2edda43-5e5e-5ddf-b5b6-b46c842bbac9"}, {"artist": "Adam Paquette", "availability": ["mtgo", "paper"], "borderColor": "black", "colorIdentity": ["B", "U"], "colors": [], "convertedManaCost": 0.0, "edhrecRank": 767, "finishes": ["foil"], "foreignData": [], "frameVersion": "2015", "hasFoil": true, "hasNonFoil": false, "identifiers": {"mcmId": "287021", "mcmMetaId": "9841", "mtgjsonV4Id": "3ff6a6e0-55a4-555b-9a1a-088fb41815c4", "mtgoFoilId": "59720", "mtgoId": "59719", "multiverseId": "409558", "scryfallId": "89b2347b-ec4a-4878-aace-5ed392bf4070", "scryfallIllustrationId": "29355e1f-9385-49c8-8b5a-b2c89f5aa3d5", "scryfallOracleId": "e6415ffb-8b7a-41c3-bedf-0d4112b7b795", "tcgplayerProductId": "110737"}, "isReprint": true, "layout": "normal", "legalities": {"commander": "Legal", "duel": "Legal", "legacy": "Legal", "modern": "Legal", "vintage": "Legal"}, "manaValue": 0.0, "name": "Sunken Ruins", "number": "27", "originalText": "{T}: Add {C} to your mana pool.\n{UB}, {T}: Add {U}{U}, {U}{B}, or {B}{B} to your mana pool.", "originalType": "Land", "printings": ["2XM", "EXP", "SHM"], "purchaseUrls": {"cardmarket": "https://mtgjson.com/links/eeac04ed26643fea", "tcgplayer": "https://mtgjson.com/links/35eaa73269dcb83f"}, "rarity": "mythic", "rulings": [], "setCode": "EXP", "subtypes": [], "supertypes": [], "text": "{T}: Add {C}.\n{U/B}, {T}: Add {U}{U}, {U}{B}, or {B}{B}.", "type": "Land", "types": ["Land"], "uuid": "6ef18372-084b-5a20-8403-c58133827520"}, {"artist": "Adam Paquette", "availability": ["mtgo", "paper"], "borderColor": "black", "colorIdentity": ["B", "R"], "colors": [], "convertedManaCost": 0.0, "edhrecRank": 492, "finishes": ["foil"], "foreignData": [], "frameVersion": "2015", "hasFoil": true, "hasNonFoil": false, "identifiers": {"mcmId": "287022", "mcmMetaId": "9096", "mtgjsonV4Id": "385ff3c8-fb7e-5a25-bbb1-13e5a43798d2", "mtgoFoilId": "59722", "mtgoId": "59721", "multiverseId": "409559", "scryfallId": "a3028c5b-2f81-4aee-9455-ebb0bd81ccaa", "scryfallIllustrationId": "6fddf112-5609-4ddc-8a26-84606505a0e8", "scryfallOracleId": "5004b84a-33b7-4f6f-b2c2-7086b9087535", "tcgplayerProductId": "110729"}, "isReprint": true, "layout": "normal", "legalities": {"commander": "Legal", "duel": "Legal", "legacy": "Legal", "modern": "Legal", "vintage": "Legal"}, "manaValue": 0.0, "name": "Graven Cairns", "number": "28", "originalText": "{T}: Add {C} to your mana pool.\n{BR}, {T}: Add {B}{B}, {B}{R}, or {R}{R} to your mana pool.", "originalType": "Land", "printings": ["2XM", "EXP", "FUT", "IMA", "SHM"], "purchaseUrls": {"cardmarket": "https://mtgjson.com/links/a5c1ee09d94a3b49", "tcgplayer": "https://mtgjson.com/links/a61a09f2846a6263"}, "rarity": "mythic", "rulings": [{"date": "2007-05-01", "text": "{B/R}, {T}” is the same as saying “{B}, {T} or {R}, {T}."}], "setCode": "EXP", "subtypes": [], "supertypes": [], "text": "{T}: Add {C}.\n{B/R}, {T}: Add {B}{B}, {B}{R}, or {R}{R}.", "type": "Land", "types": ["Land"], "uuid": "605ac6a3-2994-5527-a02b-4584424e6e35"}, {"artist": "Adam Paquette", "availability": ["mtgo", "paper"], "borderColor": "black", "colorIdentity": ["G", "R"], "colors": [], "convertedManaCost": 0.0, "edhrecRank": 1165, "finishes": ["foil"], "foreignData": [], "frameVersion": "2015", "hasFoil": true, "hasNonFoil": false, "identifiers": {"mcmId": "287023", "mcmMetaId": "9834", "mtgjsonV4Id": "ae5f7829-3a66-5109-b330-bda08c9e6707", "mtgoFoilId": "59716", "mtgoId": "59715", "multiverseId": "409560", "scryfallId": "0139a6b8-e6d2-496a-9e38-16e1a08b5775", "scryfallIllustrationId": "43957e99-e271-401a-8e63-aac4ee792ec0", "scryfallOracleId": "d99a1d9a-7721-4331-bf22-1c6ee0bd825a", "tcgplayerProductId": "110731"}, "isReprint": true, "layout": "normal", "legalities": {"commander": "Legal", "duel": "Legal", "legacy": "Legal", "modern": "Legal", "vintage": "Legal"}, "manaValue": 0.0, "name": "Fire-Lit Thicket", "number": "29", "originalText": "{T}: Add {C} to your mana pool.\n{RG}, {T}: Add {R}{R}, {R}{G}, or {G}{G} to your mana pool.", "originalType": "Land", "printings": ["2XM", "EXP", "PRM", "SHM"], "purchaseUrls": {"cardmarket": "https://mtgjson.com/links/d8665d84772748c9", "tcgplayer": "https://mtgjson.com/links/baf00298111ea002"}, "rarity": "mythic", "rulings": [], "setCode": "EXP", "subtypes": [], "supertypes": [], "text": "{T}: Add {C}.\n{R/G}, {T}: Add {R}{R}, {R}{G}, or {G}{G}.", "type": "Land", "types": ["Land"], "uuid": "645123fa-5ced-53aa-8fbc-c2a5b83bffe0"}, {"artist": "Adam Paquette", "availability": ["mtgo", "paper"], "borderColor": "black", "colorIdentity": ["G", "W"], "colors": [], "convertedManaCost": 0.0, "edhrecRank": 1107, "finishes": ["foil"], "foreignData": [], "frameVersion": "2015", "hasFoil": true, "hasNonFoil": false, "identifiers": {"mcmId": "287024", "mcmMetaId": "9842", "mtgjsonV4Id": "153973af-4665-5666-88a1-6404c2425fd0", "mtgoFoilId": "59718", "mtgoId": "59717", "multiverseId": "409561", "scryfallId": "4927d717-b2c4-46c0-af2c-e507d0c85cdd", "scryfallIllustrationId": "c166b671-eab5-4c51-b0ce-b6deb326551f", "scryfallOracleId": "61b85077-64aa-4bcc-890d-2d88da9543c0", "tcgplayerProductId": "110741"}, "isReprint": true, "layout": "normal", "legalities": {"commander": "Legal", "duel": "Legal", "legacy": "Legal", "modern": "Legal", "vintage": "Legal"}, "manaValue": 0.0, "name": "Wooded Bastion", "number": "30", "originalText": "{T}: Add {C} to your mana pool.\n{RW}, {T}: Add {G}{G}, {G}{W}, or {W}{W} to your mana pool.", "originalType": "Land", "printings": ["2XM", "EXP", "SHM"], "purchaseUrls": {"cardmarket": "https://mtgjson.com/links/b402dcedde8f9af9", "tcgplayer": "https://mtgjson.com/links/ecc59e1eae96732b"}, "rarity": "mythic", "rulings": [], "setCode": "EXP", "subtypes": [], "supertypes": [], "text": "{T}: Add {C}.\n{G/W}, {T}: Add {G}{G}, {G}{W}, or {W}{W}.", "type": "Land", "types": ["Land"], "uuid": "20aee636-3bf8-5cd7-a46c-3391a7136db8"}, {"artist": "Christine Choi", "availability": ["mtgo", "paper"], "borderColor": "black", "colorIdentity": ["B", "W"], "colors": [], "convertedManaCost": 0.0, "edhrecRank": 588, "finishes": ["foil"], "foreignData": [], "frameVersion": "2015", "hasFoil": true, "hasNonFoil": false, "identifiers": {"mcmId": "287025", "mcmMetaId": "10026", "mtgjsonV4Id": "f55236f7-5d44-5f0b-82a4-10bc70b2d8ab", "mtgoFoilId": "59710", "mtgoId": "59709", "multiverseId": "409562", "scryfallId": "37ea1750-ea12-4c10-9306-3d1c9e951e3e", "scryfallIllustrationId": "e458d0af-5d51-463a-b582-21be065ff0dd", "scryfallOracleId": "42bf259d-4bb9-49c3-b4ec-223dca62f4d6", "tcgplayerProductId": "110726"}, "isReprint": true, "layout": "normal", "legalities": {"commander": "Legal", "duel": "Legal", "legacy": "Legal", "modern": "Legal", "vintage": "Legal"}, "manaValue": 0.0, "name": "Fetid Heath", "number": "31", "originalText": "{T}: Add {C} to your mana pool.\n{WB}, {T}: Add {W}{W}, {W}{B}, or {B}{B} to your mana pool.", "originalType": "Land", "printings": ["2XM", "A25", "EVE", "EXP"], "purchaseUrls": {"cardmarket": "https://mtgjson.com/links/561c983f7ba01464", "tcgplayer": "https://mtgjson.com/links/330071637a434fae"}, "rarity": "mythic", "rulings": [], "setCode": "EXP", "subtypes": [], "supertypes": [], "text": "{T}: Add {C}.\n{W/B}, {T}: Add {W}{W}, {W}{B}, or {B}{B}.", "type": "Land", "types": ["Land"], "uuid": "d929d03f-84d3-507e-a596-9b2f082ee34b"}, {"artist": "Christine Choi", "availability": ["mtgo", "paper"], "borderColor": "black", "colorIdentity": ["R", "U"], "colors": [], "convertedManaCost": 0.0, "edhrecRank": 536, "finishes": ["foil"], "foreignData": [], "frameVersion": "2015", "hasFoil": true, "hasNonFoil": false, "identifiers": {"mcmId": "287026", "mcmMetaId": "10025", "mtgjsonV4Id": "9ae637b6-4773-506b-8d43-966585e7f66d", "mtgoFoilId": "59708", "mtgoId": "59707", "multiverseId": "409563", "scryfallId": "5c3b2dd1-3a6a-4c25-a7b5-9ce0aa4db8fe", "scryfallIllustrationId": "c6e665c2-f348-4e56-96ca-ef1f3f73d6a2", "scryfallOracleId": "f1603384-4361-49c9-98aa-7785fc3504c4", "tcgplayerProductId": "110723"}, "isReprint": true, "layout": "normal", "legalities": {"commander": "Legal", "duel": "Legal", "legacy": "Legal", "modern": "Legal", "vintage": "Legal"}, "manaValue": 0.0, "name": "Cascade Bluffs", "number": "32", "originalText": "{T}: Add {C} to your mana pool.\n{UR}, {T}: Add {U}{U}, {U}{R}, or {R}{R} to your mana pool.", "originalType": "Land", "printings": ["2XM", "A25", "EVE", "EXP"], "purchaseUrls": {"cardmarket": "https://mtgjson.com/links/4a48fe6be8a84645", "tcgplayer": "https://mtgjson.com/links/aa05866522d3d42e"}, "rarity": "mythic", "rulings": [], "setCode": "EXP", "subtypes": [], "supertypes": [], "text": "{T}: Add {C}.\n{U/R}, {T}: Add {U}{U}, {U}{R}, or {R}{R}.", "type": "Land", "types": ["Land"], "uuid": "e08f0172-3695-566c-ac2f-67b3cda44c96"}, {"artist": "Christine Choi", "availability": ["mtgo", "paper"], "borderColor": "black", "colorIdentity": ["B", "G"], "colors": [], "convertedManaCost": 0.0, "edhrecRank": 594, "finishes": ["foil"], "foreignData": [], "frameVersion": "2015", "hasFoil": true, "hasNonFoil": false, "identifiers": {"mcmId": "287027", "mcmMetaId": "10030", "mtgjsonV4Id": "6a58e73f-85cc-54f5-8506-34df5dff5694", "mtgoFoilId": "59726", "mtgoId": "59725", "multiverseId": "409564", "scryfallId": "29024ee6-56dd-4bc2-b8c0-1620e1795e56", "scryfallIllustrationId": "34c7fb4b-8fe4-4538-84f0-aab8718a3a13", "scryfallOracleId": "db623754-e078-4030-ba07-818803c348a8", "tcgplayerProductId": "110739"}, "isReprint": true, "layout": "normal", "legalities": {"commander": "Legal", "duel": "Legal", "legacy": "Legal", "modern": "Legal", "vintage": "Legal"}, "manaValue": 0.0, "name": "Twilight Mire", "number": "33", "originalText": "{T}: Add {C} to your mana pool.\n{BG}, {T}: Add {B}{B}, {B}{G}, or {G}{G} to your mana pool.", "originalType": "Land", "printings": ["2XM", "A25", "EVE", "EXP", "PRM"], "purchaseUrls": {"cardmarket": "https://mtgjson.com/links/df5058c5dd26b636", "tcgplayer": "https://mtgjson.com/links/3ff71ea7d7503d6e"}, "rarity": "mythic", "rulings": [], "setCode": "EXP", "subtypes": [], "supertypes": [], "text": "{T}: Add {C}.\n{B/G}, {T}: Add {B}{B}, {B}{G}, or {G}{G}.", "type": "Land", "types": ["Land"], "uuid": "3d533adb-d5ca-526c-bd20-24006b8b9eef"}, {"artist": "Christine Choi", "availability": ["mtgo", "paper"], "borderColor": "black", "colorIdentity": ["R", "W"], "colors": [], "convertedManaCost": 0.0, "edhrecRank": 620, "finishes": ["foil"], "foreignData": [], "frameVersion": "2015", "hasFoil": true, "hasNonFoil": false, "identifiers": {"mcmId": "287028", "mcmMetaId": "10028", "mtgjsonV4Id": "63e9a637-010d-5edd-8bc8-5ba5dcd640aa", "mtgoFoilId": "59714", "mtgoId": "59713", "multiverseId": "409565", "scryfallId": "4441514d-d8e0-480f-ab82-b0064dfa7ac0", "scryfallIllustrationId": "a83f3102-2c90-4919-a9b3-7439bd0f36fd", "scryfallOracleId": "8e7641e1-e814-4d5a-9cb3-71ad2f4ceee8", "tcgplayerProductId": "110735"}, "isReprint": true, "layout": "normal", "legalities": {"commander": "Legal", "duel": "Legal", "legacy": "Legal", "modern": "Legal", "vintage": "Legal"}, "manaValue": 0.0, "name": "Rugged Prairie", "number": "34", "originalText": "{T}: Add {C} to your mana pool.\n{GU}, {T}: Add {R}{R}, {R}{W}, or {W}{W} to your mana pool.", "originalType": "Land", "printings": ["2XM", "A25", "EVE", "EXP"], "purchaseUrls": {"cardmarket": "https://mtgjson.com/links/8a8d1f7c2ce7b18d", "tcgplayer": "https://mtgjson.com/links/39e843ad53500ef4"}, "rarity": "mythic", "rulings": [], "setCode": "EXP", "subtypes": [], "supertypes": [], "text": "{T}: Add {C}.\n{R/W}, {T}: Add {R}{R}, {R}{W}, or {W}{W}.", "type": "Land", "types": ["Land"], "uuid": "4d3ceec2-c288-5efa-84bc-f1057c6e255c"}, {"artist": "Christine Choi", "availability": ["mtgo", "paper"], "borderColor": "black", "colorIdentity": ["G", "U"], "colors": [], "convertedManaCost": 0.0, "edhrecRank": 507, "finishes": ["foil"], "foreignData": [], "frameVersion": "2015", "hasFoil": true, "hasNonFoil": false, "identifiers": {"mcmId": "287029", "mcmMetaId": "10027", "mtgjsonV4Id": "fe073fb7-d84d-541c-a8a1-925fe2173d23", "mtgoFoilId": "59724", "mtgoId": "59723", "multiverseId": "409566", "scryfallId": "063e3c8e-7d5d-4e38-bb9c-3d8f93c27369", "scryfallIllustrationId": "ee2e0867-d267-497b-948a-08afcb6ba53d", "scryfallOracleId": "dc974eb4-72b9-4213-887b-8ee684b93420", "tcgplayerProductId": "110727"}, "isReprint": true, "layout": "normal", "legalities": {"commander": "Legal", "duel": "Legal", "legacy": "Legal", "modern": "Legal", "vintage": "Legal"}, "manaValue": 0.0, "name": "Flooded Grove", "number": "35", "originalText": "{T}: Add {C} to your mana pool.\n{GW}, {T}: Add {G}{G}, {G}{U}, or {U}{U} to your mana pool.", "originalType": "Land", "printings": ["2XM", "A25", "EVE", "EXP"], "purchaseUrls": {"cardmarket": "https://mtgjson.com/links/57fe48f71cbdb8e7", "tcgplayer": "https://mtgjson.com/links/aa0104a913851688"}, "rarity": "mythic", "rulings": [], "setCode": "EXP", "subtypes": [], "supertypes": [], "text": "{T}: Add {C}.\n{G/U}, {T}: Add {G}{G}, {G}{U}, or {U}{U}.", "type": "Land", "types": ["Land"], "uuid": "1de0cbf4-345b-55cb-b794-12784d1a3e9a"}, {"artist": "Howard Lyon", "availability": ["mtgo", "paper"], "borderColor": "black", "colorIdentity": [], "colors": [], "convertedManaCost": 0.0, "edhrecRank": 45, "finishes": ["foil"], "foreignData": [], "frameVersion": "2015", "hasFoil": true, "hasNonFoil": false, "identifiers": {"mcmId": "287030", "mcmMetaId": "172", "mtgjsonV4Id": "f3b917ca-3eac-5abf-9535-fe03bb14b5c6", "mtgoFoilId": "59690", "mtgoId": "59689", "multiverseId": "409567", "scryfallId": "f77d5b90-5ea1-403e-ab85-3040e1da933b", "scryfallIllustrationId": "40fd694b-9f0c-489e-8afe-41805399419c", "scryfallOracleId": "23467047-6dba-4498-b783-1ebc4f74b8c2", "tcgplayerProductId": "110722"}, "isReprint": true, "layout": "normal", "legalities": {"commander": "Legal", "duel": "Banned", "legacy": "Legal", "premodern": "Legal", "vintage": "Legal"}, "manaValue": 0.0, "name": "Ancient Tomb", "number": "36", "originalText": "{T}: Add {C}{C} to your mana pool. Ancient Tomb deals 2 damage to you.", "originalType": "Land", "printings": ["EXP", "PLIST", "PUMA", "TMP", "UMA", "V12", "VMA", "WC99", "ZNE"], "purchaseUrls": {"cardmarket": "https://mtgjson.com/links/4f2f2429e2f39512", "tcgplayer": "https://mtgjson.com/links/6d8cc74571423ea2"}, "rarity": "mythic", "rulings": [], "setCode": "EXP", "subtypes": [], "supertypes": [], "text": "{T}: Add {C}{C}. Ancient Tomb deals 2 damage to you.", "type": "Land", "types": ["Land"], "uuid": "9c5beb29-28c3-520b-b7ec-0ef12a46e567"}, {"artist": "Florian de Gesincourt", "availability": ["mtgo", "paper"], "borderColor": "black", "colorIdentity": [], "colors": [], "convertedManaCost": 0.0, "edhrecRank": 3797, "finishes": ["foil"], "foreignData": [], "frameVersion": "2015", "hasFoil": true, "hasNonFoil": false, "identifiers": {"mcmId": "287031", "mcmMetaId": "1648", "mtgjsonV4Id": "76a5b714-5c4b-5864-b93c-7da6f19d1261", "mtgoFoilId": "59692", "mtgoId": "59691", "multiverseId": "409568", "scryfallId": "b6890de0-37d2-4c0a-8871-778394bfeceb", "scryfallIllustrationId": "b140c24f-02f7-4b7d-b10d-be441bfdb158", "scryfallOracleId": "d3df7128-31dd-4d71-90be-87e2e9ff51b4", "tcgplayerProductId": "110724"}, "isReprint": true, "layout": "normal", "legalities": {"commander": "Legal", "duel": "Legal", "legacy": "Legal", "premodern": "Legal", "vintage": "Legal"}, "manaValue": 0.0, "name": "Dust Bowl", "number": "37", "originalText": "{T}: Add {C} to your mana pool.\n{3}, {T}, Sacrifice a land: Destroy target nonbasic land.", "originalType": "Land", "printings": ["EXP", "MMQ", "WC00"], "purchaseUrls": {"cardmarket": "https://mtgjson.com/links/30874aa4c093980d", "tcgplayer": "https://mtgjson.com/links/adaf522ed83377c4"}, "rarity": "mythic", "rulings": [], "setCode": "EXP", "subtypes": [], "supertypes": [], "text": "{T}: Add {C}.\n{3}, {T}, Sacrifice a land: Destroy target nonbasic land.", "type": "Land", "types": ["Land"], "uuid": "8a9658c0-5d2c-50a5-886a-9f60935469c1"}, {"artist": "James Paick", "availability": ["mtgo", "paper"], "borderColor": "black", "colorIdentity": [], "colors": [], "convertedManaCost": 0.0, "edhrecRank": 2444, "finishes": ["foil"], "foreignData": [], "frameVersion": "2015", "hasFoil": true, "hasNonFoil": false, "identifiers": {"mcmId": "287032", "mcmMetaId": "11015", "mtgjsonV4Id": "15bab47d-a2ed-5b8d-b08f-0829ba082717", "mtgoFoilId": "59688", "mtgoId": "59687", "multiverseId": "409569", "scryfallId": "a49e324f-8727-4ab5-aa76-c3c3c8725602", "scryfallIllustrationId": "0d42afb8-19f6-4f19-9aac-a23e956fd95d", "scryfallOracleId": "10d13ff6-c4d0-4753-8939-a8a90f0e92bb", "tcgplayerProductId": "110725"}, "isReprint": true, "layout": "normal", "legalities": {"commander": "Legal", "duel": "Legal", "legacy": "Legal", "modern": "Banned", "vintage": "Legal"}, "manaValue": 0.0, "name": "Eye of Ugin", "number": "38", "originalText": "Colorless Eldrazi spells you cast cost {2} less to cast.\n{7}, {T}: Search your library for a colorless creature card, reveal it, and put it into your hand. Then shuffle your library.", "originalType": "Legendary Land", "printings": ["EXP", "J20", "MM2", "WWK"], "purchaseUrls": {"cardmarket": "https://mtgjson.com/links/487254ae95412feb", "tcgplayer": "https://mtgjson.com/links/9abb33e01d205724"}, "rarity": "mythic", "rulings": [{"date": "2010-03-01", "text": "Eye of Ugin doesn’t have a mana ability."}, {"date": "2010-03-01", "text": "Eye of Ugin’s second ability lets you find any colorless creature card in your deck, such as an artifact creature card that has no colored mana symbols in its mana cost, or a creature card that’s become colorless due to Mycosynth Lattice."}, {"date": "2013-04-15", "text": "Mistform Ultimus and creatures with changeling are Eldrazi. If they become colorless, possibly due to Mycosynth Lattice, Eye of Ugin would reduce the cost to cast them by {2}."}], "setCode": "EXP", "subtypes": [], "supertypes": ["Legendary"], "text": "Colorless Eldrazi spells you cast cost {2} less to cast.\n{7}, {T}: Search your library for a colorless creature card, reveal it, put it into your hand, then shuffle.", "type": "Legendary Land", "types": ["Land"], "uuid": "2657a25a-7da9-5ead-a49e-3aa3a7e3bbc6"}, {"artist": "Jesper Ejsing", "availability": ["mtgo", "paper"], "borderColor": "black", "colorIdentity": [], "colors": [], "convertedManaCost": 0.0, "edhrecRank": 343, "finishes": ["foil"], "foreignData": [], "frameVersion": "2015", "hasFoil": true, "hasNonFoil": false, "identifiers": {"mcmId": "287033", "mcmMetaId": "6985", "mtgjsonV4Id": "7636f32c-9e48-5c36-a617-0cdd1b32a017", "mtgoFoilId": "59702", "mtgoId": "59701", "multiverseId": "409570", "scryfallId": "c13bea32-5dac-4338-b570-bed58109273d", "scryfallIllustrationId": "8496db5e-2111-458b-bbf7-b5b8bcfc4b36", "scryfallOracleId": "cfd60d1f-9832-4408-b84e-0fd3018b015b", "tcgplayerProductId": "110728"}, "isReprint": true, "layout": "normal", "legalities": {"commander": "Legal", "duel": "Legal", "legacy": "Legal", "modern": "Legal", "vintage": "Legal"}, "manaValue": 0.0, "name": "Forbidden Orchard", "number": "39", "originalText": "{T}: Add one mana of any color to your mana pool.\nWhenever you tap Forbidden Orchard for mana, target opponent puts a 1/1 colorless Spirit creature token onto the battlefield.", "originalType": "Land", "printings": ["C16", "CHK", "EXP", "PRM", "V12"], "purchaseUrls": {"cardmarket": "https://mtgjson.com/links/ad776d16734c2031", "tcgplayer": "https://mtgjson.com/links/0ff46bbef30a85f2"}, "rarity": "mythic", "rulings": [], "setCode": "EXP", "subtypes": [], "supertypes": [], "text": "{T}: Add one mana of any color.\nWhenever you tap Forbidden Orchard for mana, target opponent creates a 1/1 colorless Spirit creature token.", "type": "Land", "types": ["Land"], "uuid": "ce7a818f-f03b-5815-9f16-b1dd797b35f5"}, {"artist": "Florian de Gesincourt", "availability": ["mtgo", "paper"], "borderColor": "black", "colorIdentity": ["G", "W"], "colors": [], "convertedManaCost": 0.0, "edhrecRank": 1616, "finishes": ["foil"], "foreignData": [], "frameVersion": "2015", "hasFoil": true, "hasNonFoil": false, "identifiers": {"mcmId": "287034", "mcmMetaId": "9098", "mtgjsonV4Id": "c715a5d1-8aa6-5789-8831-9549e5371702", "mtgoFoilId": "59698", "mtgoId": "59697", "multiverseId": "409571", "scryfallId": "5d6244ec-8cb1-4d80-a33a-9ddf9e29ff65", "scryfallIllustrationId": "c07799f4-c486-4d2d-a036-dd5c0dd70fd7", "scryfallOracleId": "262a5d83-506c-4781-9bc9-1a2b5d83955c", "tcgplayerProductId": "110730"}, "isReprint": true, "layout": "normal", "legalities": {"commander": "Legal", "duel": "Legal", "legacy": "Legal", "modern": "Legal", "vintage": "Legal"}, "manaValue": 0.0, "name": "Horizon Canopy", "number": "40", "originalText": "{T}, Pay 1 life: Add {G} or {W} to your mana pool.\n{1}, {T}, Sacrifice Horizon Canopy: Draw a card.", "originalType": "Land", "printings": ["EXP", "FUT", "IMA", "ZNE"], "purchaseUrls": {"cardmarket": "https://mtgjson.com/links/28d1e30867965cff", "tcgplayer": "https://mtgjson.com/links/748dfafdef2750a3"}, "rarity": "mythic", "rulings": [], "setCode": "EXP", "subtypes": [], "supertypes": [], "text": "{T}, Pay 1 life: Add {G} or {W}.\n{1}, {T}, Sacrifice Horizon Canopy: Draw a card.", "type": "Land", "types": ["Land"], "uuid": "88e31ab8-8086-5c19-899a-f5592e2be551"}, {"artist": "Jonas De Ro", "availability": ["mtgo", "paper"], "borderColor": "black", "colorIdentity": ["W"], "colors": [], "convertedManaCost": 0.0, "edhrecRank": 2487, "finishes": ["foil"], "foreignData": [], "frameVersion": "2015", "hasFoil": true, "hasNonFoil": false, "identifiers": {"mcmId": "287035", "mcmMetaId": "3122", "mtgjsonV4Id": "14e6c63d-a826-511d-be70-4c9ca5a01b54", "mtgoFoilId": "59704", "mtgoId": "59703", "multiverseId": "409572", "scryfallId": "2519b6a3-d074-4e9b-a57a-559fae5a8531", "scryfallIllustrationId": "342994f6-03e3-4630-a53b-6a6c6da8194c", "scryfallOracleId": "276cece9-f9f2-46e6-ae76-daddaa2fb9ab", "tcgplayerProductId": "110732"}, "isReprint": true, "layout": "normal", "legalities": {"commander": "Legal", "duel": "Legal", "legacy": "Legal", "premodern": "Legal", "vintage": "Legal"}, "manaValue": 0.0, "name": "Kor Haven", "number": "41", "originalText": "{T}: Add {C} to your mana pool.\n{1}{W}, {T}: Prevent all combat damage that would be dealt by target attacking creature this turn.", "originalType": "Legendary Land", "printings": ["EXP", "NEM"], "purchaseUrls": {"cardmarket": "https://mtgjson.com/links/98a0897c7d2261ba", "tcgplayer": "https://mtgjson.com/links/805f177218f6df71"}, "rarity": "mythic", "rulings": [], "setCode": "EXP", "subtypes": [], "supertypes": ["Legendary"], "text": "{T}: Add {C}.\n{1}{W}, {T}: Prevent all combat damage that would be dealt by target attacking creature this turn.", "type": "Legendary Land", "types": ["Land"], "uuid": "f9d974dd-f3ca-5658-9ab0-d3cd91d4dac0"}, {"artist": "Howard Lyon", "availability": ["mtgo", "paper"], "borderColor": "black", "colorIdentity": [], "colors": [], "convertedManaCost": 0.0, "edhrecRank": 77, "finishes": ["foil"], "foreignData": [], "frameVersion": "2015", "hasFoil": true, "hasNonFoil": false, "identifiers": {"mcmId": "287036", "mcmMetaId": "209515", "mtgjsonV4Id": "a4cd9e50-66dc-54a2-b1b4-c980d0a5731e", "mtgoFoilId": "59700", "mtgoId": "59699", "multiverseId": "409573", "scryfallId": "4eafa4f8-3b9b-4e20-97bf-8f547e970752", "scryfallIllustrationId": "adc7b8d9-ba24-4bfa-86db-0f3ae6aeb0b3", "scryfallOracleId": "d0ee5bdc-2b69-4b73-9a20-ffcc18783b29", "tcgplayerProductId": "110733"}, "isReprint": true, "layout": "normal", "legalities": {"commander": "Legal", "duel": "Legal", "legacy": "Legal", "modern": "Legal", "pioneer": "Legal", "vintage": "Legal"}, "manaValue": 0.0, "name": "Mana Confluence", "number": "42", "originalText": "{T}, Pay 1 life: Add one mana of any color to your mana pool.", "originalType": "Land", "printings": ["CMR", "EXP", "JOU", "PRM"], "purchaseUrls": {"cardmarket": "https://mtgjson.com/links/6ad983c3bb03cab5", "tcgplayer": "https://mtgjson.com/links/efb39ea105fe9734"}, "rarity": "mythic", "rulings": [], "setCode": "EXP", "subtypes": [], "supertypes": [], "text": "{T}, Pay 1 life: Add one mana of any color.", "type": "Land", "types": ["Land"], "uuid": "eb204bd4-bbc6-5cf4-9734-d2cd376ecb62"}, {"artist": "Howard Lyon", "availability": ["mtgo", "paper"], "borderColor": "black", "colorIdentity": [], "colors": [], "convertedManaCost": 0.0, "edhrecRank": 152, "finishes": ["foil"], "foreignData": [], "frameVersion": "2015", "hasFoil": true, "hasNonFoil": false, "identifiers": {"mcmId": "287037", "mcmMetaId": "5661", "mtgjsonV4Id": "c4205c39-ba27-5742-99cb-376fe2d59953", "mtgoFoilId": "59696", "mtgoId": "59695", "multiverseId": "409574", "scryfallId": "1b8de79d-5efe-4e21-8614-786689fcad58", "scryfallIllustrationId": "4729ec53-1be1-4c3f-ab58-b456c96ac8b0", "scryfallOracleId": "d21a89eb-7c5b-459a-acc7-12b20b13bf79", "tcgplayerProductId": "110736"}, "isReprint": true, "layout": "normal", "legalities": {"commander": "Legal", "duel": "Banned", "legacy": "Banned", "premodern": "Banned", "vintage": "Restricted"}, "manaValue": 0.0, "name": "Strip Mine", "number": "43", "originalText": "{T}: Add {C} to your mana pool.\n{T}, Sacrifice Strip Mine: Destroy target land.", "originalType": "Land", "printings": ["4BB", "4ED", "ATH", "ATQ", "EXP", "ME4", "PTC", "REN", "RIN", "V09", "VMA", "ZNE"], "purchaseUrls": {"cardmarket": "https://mtgjson.com/links/3373d4195531771c", "tcgplayer": "https://mtgjson.com/links/75254431047e9082"}, "rarity": "mythic", "rulings": [], "setCode": "EXP", "subtypes": [], "supertypes": [], "text": "{T}: Add {C}.\n{T}, Sacrifice Strip Mine: Destroy target land.", "type": "Land", "types": ["Land"], "uuid": "aa9056a7-0bd9-52fa-9133-5a22151ed101"}, {"artist": "Raymond Swanland", "availability": ["mtgo", "paper"], "borderColor": "black", "colorIdentity": [], "colors": [], "convertedManaCost": 0.0, "edhrecRank": 1130, "finishes": ["foil"], "foreignData": [], "frameVersion": "2015", "hasFoil": true, "hasNonFoil": false, "identifiers": {"mcmId": "287038", "mcmMetaId": "11050", "mtgjsonV4Id": "fbfa006d-236d-557a-84b3-88d550a33c7d", "mtgoFoilId": "59694", "mtgoId": "59693", "multiverseId": "409575", "scryfallId": "7c079aa9-e633-4ad0-87c1-79c0421c03dc", "scryfallIllustrationId": "931daa54-7f39-49dc-88f7-f9b0f58389e7", "scryfallOracleId": "4927150d-7ff6-4232-b20e-d2ea245ac710", "tcgplayerProductId": "110738"}, "isReprint": true, "layout": "normal", "legalities": {"commander": "Legal", "duel": "Legal", "legacy": "Legal", "modern": "Legal", "penny": "Legal", "vintage": "Legal"}, "manaValue": 0.0, "name": "Tectonic Edge", "number": "44", "originalText": "{T}: Add {C} to your mana pool.\n{1}, {T}, Sacrifice Tectonic Edge: Destroy target nonbasic land. Activate this ability only if an opponent controls four or more lands.", "originalType": "Land", "printings": ["C14", "EXP", "F12", "MB1", "PRM", "WWK"], "purchaseUrls": {"cardmarket": "https://mtgjson.com/links/2db0e588f5aa0528", "tcgplayer": "https://mtgjson.com/links/73a64ecf914f517b"}, "rarity": "mythic", "rulings": [{"date": "2010-03-01", "text": "Tectonic Edge’s second ability checks how many lands an opponent controls only at the time you activate the ability."}, {"date": "2010-03-01", "text": "Assuming you can activate Tectonic Edge’s second ability, you can target any nonbasic land with it (not just one controlled by an opponent that controls four or more lands)."}], "setCode": "EXP", "subtypes": [], "supertypes": [], "text": "{T}: Add {C}.\n{1}, {T}, Sacrifice Tectonic Edge: Destroy target nonbasic land. Activate only if an opponent controls four or more lands.", "type": "Land", "types": ["Land"], "uuid": "eb680c7b-258d-5d38-b0e5-5bf8c531f4e9"}, {"artist": "William Wu", "availability": ["mtgo", "paper"], "borderColor": "black", "colorIdentity": [], "colors": [], "convertedManaCost": 0.0, "edhrecRank": 623, "finishes": ["foil"], "foreignData": [], "frameVersion": "2015", "hasFoil": true, "hasNonFoil": false, "identifiers": {"mcmId": "287039", "mcmMetaId": "6538", "mtgjsonV4Id": "eef7c437-3889-591c-b1f8-44352c4569e8", "mtgoFoilId": "59706", "mtgoId": "59705", "multiverseId": "409576", "scryfallId": "d053a27e-da2c-4b8a-9b33-ce369c491dc1", "scryfallIllustrationId": "9c88faab-f044-4f1e-a3b6-7ae06e4514d0", "scryfallOracleId": "09a70ae8-3859-4a09-901d-dce063fa3b5f", "tcgplayerProductId": "110740"}, "isReprint": true, "layout": "normal", "legalities": {"commander": "Legal", "duel": "Banned", "legacy": "Legal", "premodern": "Legal", "vintage": "Legal"}, "manaValue": 0.0, "name": "Wasteland", "number": "45", "originalText": "{T}: Add {C} to your mana pool.\n{T}, Sacrifice Wasteland: Destroy target nonbasic land.", "originalType": "Land", "printings": ["EMA", "EXP", "G10", "J15", "MPR", "OLGC", "PRM", "SLD", "TMP", "TPR", "WC98", "WC99", "ZNE"], "purchaseUrls": {"cardmarket": "https://mtgjson.com/links/9ece7b7bf1f22556", "tcgplayer": "https://mtgjson.com/links/9c5e437effb715bb"}, "rarity": "mythic", "rulings": [], "setCode": "EXP", "subtypes": [], "supertypes": [], "text": "{T}: Add {C}.\n{T}, Sacrifice Wasteland: Destroy target nonbasic land.", "type": "Land", "types": ["Land"], "uuid": "5b6086d2-7059-5e37-a9c9-7a94d096e5c6"}], "code": "EXP", "isFoilOnly": true, "isOnlineOnly": false, "keyruneCode": "EXP", "mcmId": 1669, "mcmName": "Zendikar Expeditions", "mtgoCode": "EXP", "name": "Zendikar Expeditions", "parentCode": "BFZ", "releaseDate": "2015-10-02", "tcgplayerGroupId": 1649, "tokens": [], "totalSetSize": 45, "translations": {}, "type": "masterpiece"}
