{"cards": [{"artist": "Eric Peterson", "availability": ["paper"], "borderColor": "black", "colorIdentity": ["U"], "colors": ["U"], "convertedManaCost": 2.0, "edhrecRank": 2939, "finishes": ["foil"], "foreignData": [], "frameVersion": "2003", "hasFoil": true, "hasNonFoil": false, "identifiers": {"mcmId": "15818", "mtgjsonV4Id": "c30d6569-c77e-5057-bcb4-7f7181c5ac8f", "scryfallId": "83608297-a2e3-4bf5-84aa-00e0a7743d1e", "scryfallIllustrationId": "588dc467-4d72-4578-b09e-3cd1224e501f", "scryfallOracleId": "0aae277e-e58e-4115-b5fd-0459451e17ec", "tcgplayerProductId": "38177"}, "isPromo": true, "isReprint": true, "isStarter": true, "keywords": ["Morph"], "layout": "normal", "legalities": {"commander": "Legal", "duel": "Legal", "legacy": "Legal", "modern": "Legal", "paupercommander": "Restricted", "penny": "Legal", "premodern": "Legal", "vintage": "Legal"}, "manaCost": "{1}{U}", "manaValue": 2.0, "name": "Willbender", "number": "1", "power": "1", "printings": ["A25", "C14", "C19", "DD2", "DDN", "F04", "JVC", "LGN", "PRM", "TD0", "TSB"], "promoTypes": ["tourney", "fnm"], "purchaseUrls": {"tcgplayer": "https://mtgjson.com/links/ba0fb30cbb2f1ab0"}, "rarity": "rare", "rulings": [{"date": "2004-10-04", "text": "The trigger occurs when you use the Morph ability to turn the card face up, or when an effect turns it face up. It will not trigger on being revealed or on leaving the battlefield."}, {"date": "2013-04-15", "text": "If a spell with split second is on the stack, you can still respond by turning this creature face up and targeting that spell with the trigger. This is because split second only stops players from casting spells or activating abilities, while turning a creature face up is a special action."}, {"date": "2018-03-16", "text": "You don’t choose the new target for the spell until Willbender’s triggered ability resolves. You must change the target if possible. However, you can’t change the target to an illegal target. If there are no legal targets to choose from, the target isn’t changed. It doesn’t matter if the original target of that spell has somehow become illegal itself."}, {"date": "2018-03-16", "text": "If a spell or ability targets multiple things, you can’t target it with Willbender’s triggered ability, even if all but one of those targets have become illegal."}, {"date": "2018-03-16", "text": "If a spell or ability targets the same player or object multiple times, you can’t target it with Willbender’s ability."}], "setCode": "F04", "subtypes": ["Human", "Wizard"], "supertypes": [], "text": "Morph {1}{U} (You may cast this card face down as a 2/2 creature for {3}. Turn it face up any time for its morph cost.)\nWhen Willbender is turned face up, change the target of target spell or ability with a single target.", "toughness": "2", "type": "Creature — Human Wizard", "types": ["Creature"], "uuid": "a5a35f65-a6e7-5355-8261-dc4595af8cc0", "watermark": "fnm"}, {"artist": "Mark Brill", "availability": ["paper"], "borderColor": "black", "colorIdentity": ["R"], "colors": ["R"], "convertedManaCost": 6.0, "edhrecRank": 5286, "finishes": ["foil"], "foreignData": [], "frameVersion": "2003", "hasFoil": true, "hasNonFoil": false, "identifiers": {"mcmId": "15819", "mtgjsonV4Id": "e433614e-8c9c-536e-9b70-277550d48292", "scryfallId": "509af745-13d8-4c93-ba5c-1b691fc95f73", "scryfallIllustrationId": "d5ba5359-a178-4895-871f-f157b0ca6694", "scryfallOracleId": "463fc961-d34e-4f40-b383-5b78a0fcb5c8", "tcgplayerProductId": "38156"}, "isPromo": true, "isReprint": true, "isStarter": true, "keywords": ["Cycling"], "layout": "normal", "legalities": {"commander": "Legal", "duel": "Legal", "legacy": "Legal", "penny": "Legal", "premodern": "Legal", "vintage": "Legal"}, "manaCost": "{4}{R}{R}", "manaValue": 6.0, "name": "Slice and Dice", "number": "2", "printings": ["C13", "C20", "F04", "ONS", "PRM"], "promoTypes": ["tourney", "fnm"], "purchaseUrls": {"tcgplayer": "https://mtgjson.com/links/09385ed5b2505dea"}, "rarity": "rare", "rulings": [{"date": "2008-10-01", "text": "Cycling is an activated ability. Effects that interact with activated abilities (such as Stifle or Rings of Brighthearth) will interact with cycling. Effects that interact with spells (such as Remove Soul or Faerie Tauntings) will not."}, {"date": "2008-10-01", "text": "When you cycle this card, first the cycling ability goes on the stack, then the triggered ability goes on the stack on top of it. The triggered ability will resolve before you draw a card from the cycling ability."}, {"date": "2008-10-01", "text": "The cycling ability and the triggered ability are separate. If the triggered ability doesn’t resolve (due to being countered with Stifle, for example, or if all its targets have become illegal), the cycling ability will still resolve and you’ll draw a card."}], "setCode": "F04", "subtypes": [], "supertypes": [], "text": "Slice and Dice deals 4 damage to each creature.\nCycling {2}{R} ({2}{R}, Discard this card: Draw a card.)\nWhen you cycle Slice and Dice, you may have it deal 1 damage to each creature.", "type": "Sorcery", "types": ["Sorcery"], "uuid": "e879d798-3129-562a-bcfb-da462144fc1e", "watermark": "fnm"}, {"artist": "Eric Peterson", "availability": ["paper"], "borderColor": "black", "colorIdentity": ["W"], "colors": ["W"], "convertedManaCost": 2.0, "edhrecRank": 12553, "finishes": ["foil"], "flavorText": "Otaria's last defense against the wave of chaos threatening to engulf it.", "foreignData": [], "frameVersion": "2003", "hasFoil": true, "hasNonFoil": false, "identifiers": {"mcmId": "15820", "mtgjsonV4Id": "19a219e1-079a-58e4-b121-74e8f49dd4b5", "scryfallId": "8c3fca0b-354f-43d1-9f1f-bbb7b52b416b", "scryfallIllustrationId": "ca9ccfe2-5393-46ad-b3ea-de6645d6c87f", "scryfallOracleId": "aa7cd6e6-35a6-4c18-9d66-dc2a95206401", "tcgplayerProductId": "38155"}, "isPromo": true, "isReprint": true, "isStarter": true, "keywords": ["First strike", "Protection"], "layout": "normal", "legalities": {"commander": "Legal", "duel": "Legal", "legacy": "Legal", "paupercommander": "Restricted", "penny": "Legal", "premodern": "Legal", "vintage": "Legal"}, "manaCost": "{W}{W}", "manaValue": 2.0, "name": "Silver Knight", "number": "3", "power": "2", "printings": ["DDG", "F04", "PRM", "SCG"], "promoTypes": ["tourney", "fnm"], "purchaseUrls": {"tcgplayer": "https://mtgjson.com/links/7e2254fe65eaf0e9"}, "rarity": "rare", "rulings": [], "setCode": "F04", "subtypes": ["Human", "Knight"], "supertypes": [], "text": "First strike, protection from red", "toughness": "2", "type": "Creature — Human Knight", "types": ["Creature"], "uuid": "50a69cdc-971f-5021-ba2a-0cfaed2d1d83", "watermark": "fnm"}, {"artist": "Greg Hildebrandt", "availability": ["paper"], "borderColor": "black", "colorIdentity": ["G"], "colors": ["G"], "convertedManaCost": 3.0, "edhrecRank": 9986, "finishes": ["foil"], "flavorText": "It turns prey into predator.", "foreignData": [], "frameVersion": "2003", "hasFoil": true, "hasNonFoil": false, "identifiers": {"mcmId": "15821", "mtgjsonV4Id": "e19eda78-9f8a-5e38-bb4b-8e6a2a39a626", "scryfallId": "7a15c7e0-6b00-4947-a7f0-24d91c9b77eb", "scryfallIllustrationId": "2368854f-1668-41c6-b936-df55dd3961df", "scryfallOracleId": "88350861-244c-4634-9bc9-e9a79401bd02", "tcgplayerProductId": "38086"}, "isPromo": true, "isReprint": true, "isStarter": true, "layout": "normal", "legalities": {"commander": "Legal", "duel": "Legal", "legacy": "Legal", "paupercommander": "Restricted", "premodern": "Legal", "vintage": "Legal"}, "manaCost": "{2}{G}", "manaValue": 3.0, "name": "Krosan Warchief", "number": "4", "power": "2", "printings": ["C13", "F04", "PRM", "SCG"], "promoTypes": ["tourney", "fnm"], "purchaseUrls": {"tcgplayer": "https://mtgjson.com/links/3b99fd21b42bb469"}, "rarity": "rare", "rulings": [], "setCode": "F04", "subtypes": ["Beast"], "supertypes": [], "text": "Beast spells you cast cost {1} less to cast.\n{1}{G}: Regenerate target Beast.", "toughness": "2", "type": "Creature — Beast", "types": ["Creature"], "uuid": "3abff573-a84c-5351-9095-4fc8d725a232", "watermark": "fnm"}, {"artist": "Eric Peterson", "availability": ["paper"], "borderColor": "black", "colorIdentity": ["R"], "colors": ["R"], "convertedManaCost": 2.0, "edhrecRank": 5353, "finishes": ["foil"], "flavorText": "Options will cost you, but a lack of them will cost you even more.", "foreignData": [], "frameVersion": "2003", "hasFoil": true, "hasNonFoil": false, "identifiers": {"mcmId": "15822", "mtgjsonV4Id": "ba4730c9-1afe-570c-8fc1-4c49c63a3728", "scryfallId": "838bc07d-ed3e-4ba5-9a75-d008d9546582", "scryfallIllustrationId": "3aa5faa8-1211-4d72-a9de-b55888e3d198", "scryfallOracleId": "ac3fb7ef-709c-40be-a75b-1b438708388d", "tcgplayerProductId": "38123"}, "isPromo": true, "isReprint": true, "isStarter": true, "layout": "normal", "legalities": {"commander": "Legal", "duel": "Legal", "legacy": "Legal", "penny": "Legal", "premodern": "Legal", "vintage": "Legal"}, "manaCost": "{1}{R}", "manaValue": 2.0, "name": "Lightning Rift", "number": "5", "printings": ["C20", "F04", "ONS", "PRM", "VMA"], "promoTypes": ["tourney", "fnm"], "purchaseUrls": {"tcgplayer": "https://mtgjson.com/links/dc6b79fcc206ee45"}, "rarity": "rare", "rulings": [{"date": "2004-10-04", "text": "You choose the target when this ability is put on the stack, but you do not decide whether or not to pay the mana until the ability resolves."}], "setCode": "F04", "subtypes": [], "supertypes": [], "text": "Whenever a player cycles a card, you may pay {1}. If you do, Lightning Rift deals 2 damage to any target.", "type": "Enchantment", "types": ["Enchantment"], "uuid": "67335f76-36c6-5284-8129-a78d70cb1f67", "watermark": "fnm"}, {"artist": "Brian Snõddy", "availability": ["paper"], "borderColor": "black", "colorIdentity": ["B"], "colors": ["B"], "convertedManaCost": 1.0, "edhrecRank": 416, "finishes": ["foil"], "flavorText": "Stinking of rot, it leaps between gravestones in search of its next meal.", "foreignData": [], "frameVersion": "2003", "hasFoil": true, "hasNonFoil": false, "identifiers": {"mcmId": "15823", "mtgjsonV4Id": "5cf396df-b7e3-52a8-a077-140d277b4f67", "scryfallId": "3392eec6-c4cb-4c48-b291-4ea8755a4e1c", "scryfallIllustrationId": "9a39c5c0-0014-4696-847d-aaca2119ff82", "scryfallOracleId": "a1cc5e37-b09a-4b7f-afd5-77c1c35aa425", "tcgplayerProductId": "38063"}, "isPromo": true, "isReprint": true, "isStarter": true, "layout": "normal", "legalities": {"commander": "Legal", "duel": "Legal", "legacy": "Legal", "modern": "Legal", "pauper": "Legal", "paupercommander": "Legal", "premodern": "Legal", "vintage": "Legal"}, "manaCost": "{B}", "manaValue": 1.0, "name": "Carrion Feeder", "number": "6", "power": "1", "printings": ["DDE", "EMA", "F04", "MB1", "MH1", "PRM", "SCG", "TD0"], "promoTypes": ["tourney", "fnm"], "purchaseUrls": {"tcgplayer": "https://mtgjson.com/links/ebfb82fe5747e2e4"}, "rarity": "rare", "rulings": [], "setCode": "F04", "subtypes": ["Zombie"], "supertypes": [], "text": "Carrion Feeder can't block.\nSacrifice a creature: Put a +1/+1 counter on Carrion Feeder.", "toughness": "1", "type": "Creature — Zombie", "types": ["Creature"], "uuid": "f5952faa-948f-5538-abf2-ef0c68314fb8", "watermark": "fnm"}, {"artist": "Anthony S. Waters", "availability": ["paper"], "borderColor": "black", "colorIdentity": ["G"], "colors": [], "convertedManaCost": 0.0, "edhrecRank": 4250, "finishes": ["foil"], "foreignData": [], "frameVersion": "2003", "hasFoil": true, "hasNonFoil": false, "identifiers": {"mcmId": "15824", "mtgjsonV4Id": "329efdf8-6597-5fab-82d5-726677c5ebaf", "scryfallId": "4eae1639-c460-460a-ae3d-f427f75accd5", "scryfallIllustrationId": "a69cacc5-33c1-42c7-907f-042e4fa74172", "scryfallOracleId": "b53f216d-1592-4eee-b204-502a805fbc8c", "tcgplayerProductId": "38169"}, "isPromo": true, "isReprint": true, "isStarter": true, "layout": "normal", "legalities": {"commander": "Legal", "duel": "Legal", "legacy": "Legal", "modern": "Legal", "premodern": "Legal", "vintage": "Legal"}, "manaValue": 0.0, "name": "Treetop Village", "number": "7", "printings": ["10E", "DDD", "DDG", "DDR", "DDU", "F04", "GVL", "PRM", "PSUM", "ULG", "WC99"], "promoTypes": ["tourney", "fnm"], "purchaseUrls": {"tcgplayer": "https://mtgjson.com/links/c816557b84c8b136"}, "rarity": "rare", "rulings": [{"date": "2008-08-01", "text": "A noncreature permanent that turns into a creature can attack, and its {T} abilities can be activated, only if its controller has continuously controlled that permanent since the beginning of their most recent turn. It doesn’t matter how long the permanent has been a creature."}, {"date": "2009-10-01", "text": "Activating the ability that turns it into a creature while it’s already a creature will override any effects that set its power and/or toughness to a specific number. However, any effect that raises or lowers power and/or toughness (such as the effect created by Giant Growth, Glorious Anthem, or a +1/+1 counter) will continue to apply."}], "setCode": "F04", "subtypes": [], "supertypes": [], "text": "Treetop Village enters the battlefield tapped.\n{T}: Add {G}.\n{1}{G}: Treetop Village becomes a 3/3 green Ape creature with trample until end of turn. It's still a land. (It can deal excess combat damage to the player or planeswalker it's attacking.)", "type": "Land", "types": ["Land"], "uuid": "c7e88d59-af09-578d-b4ab-c45c5def7b55", "watermark": "fnm"}, {"artist": "Randy Gallegos", "availability": ["paper"], "borderColor": "black", "colorIdentity": ["U"], "colors": ["U"], "convertedManaCost": 2.0, "edhrecRank": 18920, "finishes": ["foil"], "flavorText": "\"I have seen and heard much here. There are secrets within secrets. Let me show you.\"\n—Takara, to Eladamri", "foreignData": [], "frameVersion": "2003", "hasFoil": true, "hasNonFoil": false, "identifiers": {"mcmId": "15825", "mtgjsonV4Id": "db3d04df-e602-5eec-a4ec-9cc5c3f0d167", "scryfallId": "dc65a1b2-c183-433e-b4b2-d3e7f612c724", "scryfallIllustrationId": "be7107fa-26bf-4352-ba13-a863af991780", "scryfallOracleId": "1ca25379-d194-4670-a7bf-525ad11cf436", "tcgplayerProductId": "38058"}, "isPromo": true, "isReprint": true, "isStarter": true, "layout": "normal", "legalities": {"commander": "Legal", "duel": "Legal", "legacy": "Legal", "pauper": "Legal", "paupercommander": "Legal", "premodern": "Legal", "vintage": "Legal"}, "manaCost": "{1}{U}", "manaValue": 2.0, "name": "Accumulated Knowledge", "number": "8", "printings": ["A25", "DDO", "F04", "NEM", "PRM", "WC01"], "promoTypes": ["tourney", "fnm"], "purchaseUrls": {"tcgplayer": "https://mtgjson.com/links/f2e6f56db95cdcd3"}, "rarity": "rare", "rulings": [{"date": "2018-03-16", "text": "Because Accumulated Knowledge is still on the stack as you perform its instructions, it isn’t in your graveyard and won’t add to the number of cards drawn."}], "setCode": "F04", "subtypes": [], "supertypes": [], "text": "Draw a card, then draw cards equal to the number of cards named Accumulated Knowledge in all graveyards.", "type": "Instant", "types": ["Instant"], "uuid": "ca5341c6-fa1b-598b-9c12-b14aa40541cd", "watermark": "fnm"}, {"artist": "Edward P. Beard, Jr.", "availability": ["paper"], "borderColor": "black", "colorIdentity": ["R"], "colors": ["R"], "convertedManaCost": 4.0, "edhrecRank": 7670, "finishes": ["foil"], "foreignData": [], "frameVersion": "2003", "hasFoil": true, "hasNonFoil": false, "identifiers": {"mcmId": "15826", "mtgjsonV4Id": "53fb452f-7b72-57cf-9246-ed9bf8dbc773", "scryfallId": "f4fa943a-f2eb-4cf8-b8bd-0fe2b2da74a9", "scryfallIllustrationId": "b86f4e5b-32cc-4a8f-a615-405c19ec8afc", "scryfallOracleId": "c9048d35-aff7-45ae-ae97-db89397b3e74", "tcgplayerProductId": "38067"}, "isPromo": true, "isReprint": true, "isStarter": true, "keywords": ["Echo", "Haste"], "layout": "normal", "legalities": {"commander": "Legal", "duel": "Legal", "legacy": "Legal", "modern": "Legal", "paupercommander": "Restricted", "premodern": "Legal", "vintage": "Legal"}, "manaCost": "{3}{R}", "manaValue": 4.0, "name": "Avalanche Riders", "number": "9", "power": "2", "printings": ["F04", "MB1", "PRM", "TSB", "ULG", "WC00", "WC99"], "promoTypes": ["tourney", "fnm"], "purchaseUrls": {"tcgplayer": "https://mtgjson.com/links/8acb9583278f3add"}, "rarity": "rare", "rulings": [], "setCode": "F04", "subtypes": ["Human", "Nomad"], "supertypes": [], "text": "Haste\nEcho {3}{R} (At the beginning of your upkeep, if this came under your control since the beginning of your last upkeep, sacrifice it unless you pay its echo cost.)\nWhen Avalanche Riders enters the battlefield, destroy target land.", "toughness": "2", "type": "Creature — Human Nomad", "types": ["Creature"], "uuid": "05828591-e531-549f-8b9d-857be5a6a4ed", "watermark": "fnm"}, {"artist": "Robert Bliss", "availability": ["paper"], "borderColor": "black", "colorIdentity": ["B"], "colors": ["B"], "convertedManaCost": 1.0, "edhrecRank": 187, "finishes": ["foil"], "flavorText": "\"You will learn to earn death.\"\n—Volrath", "foreignData": [], "frameVersion": "2003", "hasFoil": true, "hasNonFoil": false, "identifiers": {"mcmId": "15827", "mtgjsonV4Id": "600aac96-0ac9-5ad2-b085-2b67340a77b6", "scryfallId": "d0391889-b3a6-4723-814f-aebec1c2a64f", "scryfallIllustrationId": "fc00f897-988b-4602-969a-c510804ec12a", "scryfallOracleId": "a044474a-cd72-4e9d-bd8d-a08f2de9cdc0", "tcgplayerProductId": "38144"}, "isPromo": true, "isReprint": true, "isStarter": true, "layout": "normal", "legalities": {"commander": "Legal", "duel": "Legal", "legacy": "Legal", "penny": "Legal", "premodern": "Legal", "vintage": "Legal"}, "manaCost": "{B}", "manaValue": 1.0, "name": "Reanimate", "number": "10", "printings": ["ARC", "BRB", "CC2", "F04", "JMP", "PD3", "PRM", "PUMA", "TMP", "TPR", "UMA", "VMA"], "promoTypes": ["tourney", "fnm"], "purchaseUrls": {"tcgplayer": "https://mtgjson.com/links/fbe0de79645166cd"}, "rarity": "rare", "rulings": [{"date": "2018-12-07", "text": "If a card in a player’s graveyard has {X} in its mana cost, X is considered to be 0."}, {"date": "2018-12-07", "text": "The amount of life you lose is determined by the converted mana cost of the card in your graveyard, not the creature once it’s on the battlefield."}, {"date": "2018-12-07", "text": "You lose life after the creature is already on the battlefield. Any abilities it has that interact with loss of life, such as that of Platinum Emperion, apply to that loss of life."}, {"date": "2018-12-07", "text": "If any abilities trigger on the creature entering the battlefield, those abilities resolve after you lose life. If losing life results in you losing the game, those abilities won’t resolve."}, {"date": "2018-12-07", "text": "In a multiplayer game, if a player leaves the game, all cards that player owns leave as well. If you leave the game, the creature you control from Reanimate is exiled."}], "setCode": "F04", "subtypes": [], "supertypes": [], "text": "Put target creature card from a graveyard onto the battlefield under your control. You lose life equal to its mana value.", "type": "Sorcery", "types": ["Sorcery"], "uuid": "57961a96-4ce4-5c82-8b3d-b868dcdf21db", "watermark": "fnm"}, {"artist": "Scott M. Fischer", "availability": ["paper"], "borderColor": "black", "colorIdentity": ["W"], "colors": ["W"], "convertedManaCost": 1.0, "edhrecRank": 395, "finishes": ["foil"], "flavorText": "\"My family protects all families.\"", "foreignData": [], "frameVersion": "2003", "hasFoil": true, "hasNonFoil": false, "identifiers": {"mcmId": "15828", "mtgjsonV4Id": "64b14876-f49b-5c6a-a5b1-d95218231663", "scryfallId": "11bce850-487d-41ca-a012-d591daf3687b", "scryfallIllustrationId": "59f603b3-c842-4ba1-aede-25947f8831ee", "scryfallOracleId": "60433b48-d27f-413c-905c-43839b1943f1", "tcgplayerProductId": "38131"}, "isPromo": true, "isReprint": true, "isStarter": true, "layout": "normal", "legalities": {"commander": "Legal", "duel": "Legal", "legacy": "Legal", "paupercommander": "Restricted", "premodern": "Legal", "vintage": "Legal"}, "manaCost": "{W}", "manaValue": 1.0, "name": "Mother of Runes", "number": "11", "power": "1", "printings": ["CMA", "CMD", "DDO", "EMA", "F04", "MB1", "PRM", "SLD", "ULG"], "promoTypes": ["tourney", "fnm"], "purchaseUrls": {"tcgplayer": "https://mtgjson.com/links/0d1468a0aedee1aa"}, "rarity": "rare", "rulings": [], "setCode": "F04", "subtypes": ["Human", "Cleric"], "supertypes": [], "text": "{T}: Target creature you control gains protection from the color of your choice until end of turn.", "toughness": "1", "type": "Creature — Human Cleric", "types": ["Creature"], "uuid": "c57d08c8-8e57-52ed-98ca-18395cf39d8e", "watermark": "fnm"}, {"artist": "DiTerlizzi", "availability": ["paper"], "borderColor": "black", "colorIdentity": ["U"], "colors": ["U"], "convertedManaCost": 1.0, "edhrecRank": 33, "finishes": ["foil"], "flavorText": "\"I see more than others do because I know where to look.\"\n—Saprazzan vizier", "foreignData": [], "frameVersion": "2003", "hasFoil": true, "hasNonFoil": false, "identifiers": {"mcmId": "15829", "mtgjsonV4Id": "d39164a8-cac3-59b7-b8dd-e59925251eb8", "scryfallId": "75b56b18-47a3-470b-911c-57da82c5ac03", "scryfallIllustrationId": "a068a944-d5bd-4548-bf16-cf0071ca1f2b", "scryfallOracleId": "36cd2364-d113-47d1-b2c4-b088d9eb88dd", "tcgplayerProductId": "38073"}, "isPromo": true, "isReprint": true, "isStarter": true, "layout": "normal", "legalities": {"commander": "Legal", "duel": "Legal", "gladiator": "Legal", "historic": "Banned", "historicbrawl": "Legal", "legacy": "Legal", "pauper": "Legal", "paupercommander": "Legal", "premodern": "Banned", "vintage": "Restricted"}, "manaCost": "{U}", "manaValue": 1.0, "name": "Brainstorm", "number": "12", "printings": ["2XM", "5ED", "A25", "AFC", "BTD", "C15", "C18", "C21", "CMD", "CNS", "CST", "DDJ", "EMA", "F04", "ICE", "MB1", "ME2", "MMQ", "OLGC", "PLIST", "PRM", "PZ1", "SLD", "SS1", "STA", "VMA", "WC00"], "promoTypes": ["tourney", "fnm"], "purchaseUrls": {"tcgplayer": "https://mtgjson.com/links/e7d12b52180c70cf"}, "rarity": "rare", "rulings": [{"date": "2018-03-16", "text": "You draw three cards and put two cards back all while Brainstorm is resolving. Nothing can happen between the two, and no player may choose to take actions."}], "setCode": "F04", "subtypes": [], "supertypes": [], "text": "Draw three cards, then put two cards from your hand on top of your library in any order.", "type": "Instant", "types": ["Instant"], "uuid": "9e8e87be-236d-5b78-8ff7-320c767b4f41", "watermark": "fnm"}], "code": "F04", "isFoilOnly": true, "isOnlineOnly": false, "keyruneCode": "PARL", "name": "Friday Night Magic 2004", "releaseDate": "2004-01-01", "tokens": [], "totalSetSize": 12, "translations": {}, "type": "promo"}
