{"cards": [{"artist": "Kev Walker", "availability": ["paper"], "borderColor": "black", "colorIdentity": ["G"], "colors": ["G"], "convertedManaCost": 1.0, "edhrecRank": 791, "finishes": ["foil"], "flavorText": "Hatred outlives the hateful.", "foreignData": [], "frameVersion": "2003", "hasFoil": true, "hasNonFoil": false, "identifiers": {"mcmId": "15830", "mtgjsonV4Id": "0271f0d0-2313-5dd8-a106-3fe745c335d7", "scryfallId": "72a6c655-92f8-486d-b56c-9f6753f58512", "scryfallIllustrationId": "58619744-13a3-40a0-88d7-940cd556f2d2", "scryfallOracleId": "9d2d6479-531c-4ce1-b52b-00e36fa63b64", "tcgplayerProductId": "38143"}, "isPromo": true, "isReprint": true, "isStarter": true, "keywords": ["Enchant"], "layout": "normal", "legalities": {"commander": "Legal", "duel": "Legal", "legacy": "Legal", "modern": "Legal", "pauper": "Legal", "paupercommander": "Legal", "premodern": "Legal", "vintage": "Legal"}, "manaCost": "{G}", "manaValue": 1.0, "name": "Rancor", "number": "1", "printings": ["A25", "AFC", "ARC", "DDD", "E02", "EMA", "F05", "GVL", "M13", "MB1", "PC2", "PCA", "PRM", "PZ1", "ULG", "WC99"], "promoTypes": ["tourney", "fnm"], "purchaseUrls": {"tcgplayer": "https://mtgjson.com/links/114568f584178d11"}, "rarity": "rare", "rulings": [{"date": "2018-03-16", "text": "If the creature this Aura would enchant is an illegal target by the time Rancor tries to resolve, the Aura spell doesn’t resolve. It won’t enter the battlefield, so it won’t be put into a graveyard from the battlefield and its ability won’t trigger."}], "setCode": "F05", "subtypes": ["Aura"], "supertypes": [], "text": "Enchant creature\nEnchanted creature gets +2/+0 and has trample.\nWhen Rancor is put into a graveyard from the battlefield, return Rancor to its owner's hand.", "type": "Enchantment — Aura", "types": ["Enchantment"], "uuid": "2cca4112-99b7-57ef-a51a-1d2bb7fe6bd1", "watermark": "fnm"}, {"artist": "Christopher Moeller", "availability": ["paper"], "borderColor": "black", "colorIdentity": ["W"], "colors": ["W"], "convertedManaCost": 2.0, "edhrecRank": 2010, "finishes": ["foil"], "flavorText": "\"I am the purifier, the light that clears all shadows.\"\n—Seal inscription", "foreignData": [], "frameVersion": "2003", "hasFoil": true, "hasNonFoil": false, "identifiers": {"mcmId": "15831", "mtgjsonV4Id": "0d166d7e-b9da-5d90-896a-a0c2970c307c", "scryfallId": "7ead91e7-5668-4dfa-a55d-e2ee8cf7eff4", "scryfallIllustrationId": "5be7a5c5-cabc-4415-bc56-5f7d4acf74c3", "scryfallOracleId": "a75dbe70-7e3e-446f-9a76-9fbb414f2e7c", "tcgplayerProductId": "38116"}, "isPromo": true, "isReprint": true, "isStarter": true, "layout": "normal", "legalities": {"commander": "Legal", "duel": "Legal", "legacy": "Legal", "modern": "Legal", "pauper": "Legal", "paupercommander": "Legal", "penny": "Legal", "premodern": "Legal", "vintage": "Legal"}, "manaCost": "{1}{W}", "manaValue": 2.0, "name": "Seal of Cleansing", "number": "2", "printings": ["C15", "EMA", "F05", "MB1", "MH2", "NEM", "PRM", "TD0", "VMA", "WC00"], "promoTypes": ["tourney", "fnm"], "purchaseUrls": {"tcgplayer": "https://mtgjson.com/links/1a128b2b2cb9d99b"}, "rarity": "rare", "rulings": [{"date": "2021-06-18", "text": "Sacrificing Seal of Cleansing is the cost to activate its ability. Once you activate the ability, no player can do anything to Seal of Cleansing to stop you from activating it. Notably, if you cast Seal of Cleansing during your turn, you’ll have priority to activate its ability before anyone can respond to stop you."}], "setCode": "F05", "subtypes": [], "supertypes": [], "text": "Sacrifice Seal of Cleansing: Destroy target artifact or enchantment.", "type": "Enchantment", "types": ["Enchantment"], "uuid": "c79fd08a-8e06-5d00-8433-f6fb553a6cbe", "watermark": "fnm"}, {"artist": "Pete Venters", "availability": ["paper"], "borderColor": "black", "colorIdentity": ["R"], "colors": ["R"], "convertedManaCost": 4.0, "edhrecRank": 6201, "finishes": ["foil"], "flavorText": "\"For dim-witted, thick-skulled genetic mutants, they have pretty good aim.\"\n—Sisay", "foreignData": [], "frameVersion": "2003", "hasFoil": true, "hasNonFoil": false, "identifiers": {"mcmId": "15832", "mtgjsonV4Id": "9f35fa5a-38b3-5b84-8f93-d7b8ed0164e0", "scryfallId": "ec3f618a-7cf3-45a1-a710-c33609c63ec0", "scryfallIllustrationId": "0f2212ad-6d9c-47d3-a458-484e85fb062e", "scryfallOracleId": "b215196a-3716-451f-bdbd-d16c05ace5b4", "tcgplayerProductId": "38101"}, "isPromo": true, "isReprint": true, "isStarter": true, "layout": "normal", "legalities": {"commander": "Legal", "duel": "Legal", "legacy": "Legal", "paupercommander": "Restricted", "penny": "Legal", "premodern": "Legal", "vintage": "Legal"}, "manaCost": "{3}{R}", "manaValue": 4.0, "name": "Flametongue Kavu", "number": "3", "power": "4", "printings": ["C14", "CM2", "CMD", "DD2", "E01", "F05", "HOP", "JMP", "JVC", "MB1", "PLS", "PRM", "PZ1", "TD0", "VMA", "WC01", "WC02"], "promoTypes": ["tourney", "fnm"], "purchaseUrls": {"tcgplayer": "https://mtgjson.com/links/05755f0d96734a1a"}, "rarity": "rare", "rulings": [{"date": "2004-10-04", "text": "If it enters the battlefield as the only targetable creature, it must target itself."}], "setCode": "F05", "subtypes": ["Kavu"], "supertypes": [], "text": "When Flametongue Kavu enters the battlefield, it deals 4 damage to target creature.", "toughness": "2", "type": "Creature — Kavu", "types": ["Creature"], "uuid": "5d203fc8-333d-548f-bc0a-3a06e9cbb88d", "watermark": "fnm"}, {"artist": "Eric Peterson", "availability": ["paper"], "borderColor": "black", "colorIdentity": ["G"], "colors": ["G"], "convertedManaCost": 4.0, "edhrecRank": 19140, "finishes": ["foil"], "foreignData": [], "frameVersion": "2003", "hasFoil": true, "hasNonFoil": false, "identifiers": {"mcmId": "15833", "mtgjsonV4Id": "ac0fbb21-6372-5ef5-95d8-8ee0a2ff0bd2", "scryfallId": "13a736c5-9bff-4e2f-a150-2133b9c3af89", "scryfallIllustrationId": "d321cae6-892f-4915-97f8-fe21dfa5d7cd", "scryfallOracleId": "d6ee8bd6-0207-46ee-9892-c1d1b23b934e", "tcgplayerProductId": "38070"}, "isPromo": true, "isReprint": true, "isStarter": true, "keywords": ["Fading", "Shroud"], "layout": "normal", "legalities": {"commander": "Legal", "duel": "Legal", "legacy": "Legal", "pauper": "Legal", "paupercommander": "Legal", "penny": "Legal", "premodern": "Legal", "vintage": "Legal"}, "manaCost": "{2}{G}{G}", "manaValue": 4.0, "name": "Blastoderm", "number": "4", "power": "5", "printings": ["DDD", "F05", "GVL", "MB1", "NEM", "PRM", "VMA", "WC00", "WC01"], "promoTypes": ["tourney", "fnm"], "purchaseUrls": {"tcgplayer": "https://mtgjson.com/links/62d69eef23c74c3f"}, "rarity": "rare", "rulings": [], "setCode": "F05", "subtypes": ["Beast"], "supertypes": [], "text": "Shroud (This creature can't be the target of spells or abilities.)\nFading 3 (This creature enters the battlefield with three fade counters on it. At the beginning of your upkeep, remove a fade counter from it. If you can't, sacrifice it.)", "toughness": "5", "type": "Creature — Beast", "types": ["Creature"], "uuid": "60750f1a-b8f2-5162-8a8f-6d6fc87a1320", "watermark": "fnm"}, {"artist": "Ron Spencer", "availability": ["paper"], "borderColor": "black", "colorIdentity": ["B"], "colors": ["B"], "convertedManaCost": 1.0, "edhrecRank": 6554, "finishes": ["foil"], "foreignData": [], "frameEffects": ["tombstone"], "frameVersion": "2003", "hasFoil": true, "hasNonFoil": false, "identifiers": {"mcmId": "15834", "mtgjsonV4Id": "9fc8a9cd-211f-5266-8a2f-12235f1ee20d", "scryfallId": "f802ee1b-14d4-4ef3-84be-d9d959ec42d3", "scryfallIllustrationId": "e7b3e738-ab7c-4c88-9632-aa817e8d94fd", "scryfallOracleId": "018107d1-ebf7-4657-bc91-c8374af55cc5", "tcgplayerProductId": "38076"}, "isPromo": true, "isReprint": true, "isStarter": true, "keywords": ["Flashback"], "layout": "normal", "legalities": {"commander": "Legal", "duel": "Legal", "legacy": "Legal", "premodern": "Legal", "vintage": "Legal"}, "manaCost": "{B}", "manaValue": 1.0, "name": "Cabal Therapy", "number": "5", "printings": ["EMA", "F05", "JUD", "MB1", "PD3", "PRM", "WC03"], "promoTypes": ["tourney", "fnm"], "purchaseUrls": {"tcgplayer": "https://mtgjson.com/links/ea4de41e821d769c"}, "rarity": "rare", "rulings": [{"date": "2016-06-08", "text": "You name the card as Cabal Therapy resolves, not as you cast it. Then the targeted player reveals their hand and discards if appropriate. No player may choose to take actions between you naming the card and the targeted player revealing and discarding."}, {"date": "2021-03-19", "text": "“Flashback [cost]” means “You may cast this card from your graveyard by paying [cost] rather than paying its mana cost” and “If the flashback cost was paid, exile this card instead of putting it anywhere else any time it would leave the stack.”"}, {"date": "2021-03-19", "text": "A spell cast using flashback will always be exiled afterward, whether it resolves, is countered, or leaves the stack in some other way."}, {"date": "2021-03-19", "text": "If a card with flashback is put into your graveyard during your turn, you can cast it if it’s legal to do so before any other player can take any actions."}, {"date": "2021-03-19", "text": "You can cast a spell using flashback even if it was somehow put into your graveyard without having been cast."}, {"date": "2021-03-19", "text": "You must still follow any timing restrictions and permissions, including those based on the card’s type. For instance, you can cast a sorcery using flashback only when you could normally cast a sorcery."}, {"date": "2021-03-19", "text": "To determine the total cost of a spell, start with the mana cost or alternative cost (such as a flashback cost) you’re paying, add any cost increases, then apply any cost reductions. The mana value of the spell is determined only by its mana cost, no matter what the total cost to cast the spell was."}], "setCode": "F05", "subtypes": [], "supertypes": [], "text": "Choose a nonland card name. Target player reveals their hand and discards all cards with that name.\nFlashback—Sacrifice a creature. (You may cast this card from your graveyard for its flashback cost. Then exile it.)", "type": "Sorcery", "types": ["Sorcery"], "uuid": "97e45aa4-c841-5844-998c-d23c0fd850c7", "watermark": "fnm"}, {"artist": "Terese Nielsen", "availability": ["paper"], "borderColor": "black", "colorIdentity": ["U"], "colors": ["U"], "convertedManaCost": 4.0, "edhrecRank": 130, "finishes": ["foil"], "foreignData": [], "frameVersion": "2003", "hasFoil": true, "hasNonFoil": false, "identifiers": {"mcmId": "15835", "mtgjsonV4Id": "15d9c63d-c5c7-52bf-b23c-fd018ab91650", "scryfallId": "12359f11-1758-4005-ada4-5e4cfccee2c3", "scryfallIllustrationId": "d86a56a5-ceca-4bf8-b446-3b8f3eba1439", "scryfallOracleId": "437b2dab-15e0-4b9a-a204-58622d37a3b3", "tcgplayerProductId": "38096"}, "isPromo": true, "isReprint": true, "isStarter": true, "layout": "normal", "legalities": {"commander": "Legal", "duel": "Legal", "legacy": "Legal", "modern": "Legal", "penny": "Legal", "premodern": "Legal", "vintage": "Legal"}, "manaCost": "{3}{U}", "manaValue": 4.0, "name": "Fact or Fiction", "number": "6", "printings": ["C15", "C19", "CM2", "CMD", "CMR", "CNS", "DD2", "EMA", "F05", "INV", "JVC", "MB1", "MH1", "PLIST", "PRM", "PZ1", "TD0", "V13", "VMA", "WC01", "WC02", "ZNC"], "promoTypes": ["tourney", "fnm"], "purchaseUrls": {"tcgplayer": "https://mtgjson.com/links/5dcac9551352cdbe"}, "rarity": "rare", "rulings": [{"date": "2019-06-14", "text": "You choose which pile to put into your hand."}, {"date": "2019-06-14", "text": "Each pile may contain from zero to five cards; they don’t have to be split “evenly.”"}], "setCode": "F05", "subtypes": [], "supertypes": [], "text": "Reveal the top five cards of your library. An opponent separates those cards into two piles. Put one pile into your hand and the other into your graveyard.", "type": "Instant", "types": ["Instant"], "uuid": "b3e0d75b-64b9-51ba-97c9-fd5deaf83735", "watermark": "fnm"}, {"artist": "Dan Frazier", "availability": ["paper"], "borderColor": "black", "colorIdentity": [], "colors": [], "convertedManaCost": 4.0, "edhrecRank": 14117, "finishes": ["foil"], "flavorText": "We had taken refuge in a small cave, thinking the entrance was too narrow for it to follow. To our horror, its gigantic head smashed into the mountainside, ripping itself a new entrance.", "foreignData": [], "frameVersion": "2003", "hasFoil": true, "hasNonFoil": false, "identifiers": {"mcmId": "15836", "mtgjsonV4Id": "c4fcc05d-33c4-5c18-9594-c7a9d071b19d", "scryfallId": "636fa9c2-e9a2-43f4-adaa-49f9a67d9e46", "scryfallIllustrationId": "d9bccaf5-08e8-4cc8-836b-783b034af84f", "scryfallOracleId": "4ac9116f-36bc-4d71-b696-d6ee064e1d58", "tcgplayerProductId": "38114"}, "isPromo": true, "isReprint": true, "isStarter": true, "layout": "normal", "legalities": {"commander": "Legal", "duel": "Legal", "gladiator": "Legal", "historic": "Legal", "historicbrawl": "Legal", "legacy": "Legal", "modern": "Legal", "paupercommander": "Restricted", "penny": "Legal", "pioneer": "Legal", "vintage": "Legal"}, "manaCost": "{4}", "manaValue": 4.0, "name": "Juggernaut", "number": "7", "power": "5", "printings": ["10E", "2ED", "3ED", "ARC", "BBD", "CED", "CEI", "DDF", "DOM", "DST", "EMA", "F05", "FBB", "JMP", "LEA", "LEB", "M11", "M15", "MB1", "ME4", "PRM", "SUM"], "promoTypes": ["tourney", "fnm"], "purchaseUrls": {"tcgplayer": "https://mtgjson.com/links/29519c70250e0b86"}, "rarity": "rare", "rulings": [{"date": "2018-04-27", "text": "If Juggernaut can’t attack for any reason (such as being tapped or having come under that player’s control that turn), then it doesn’t attack. If there’s a cost associated with having it attack, its controller isn’t forced to pay that cost, so it doesn’t have to attack in that case either."}], "setCode": "F05", "subtypes": ["Juggernaut"], "supertypes": [], "text": "Juggernaut attacks each combat if able.\nJuggernaut can't be blocked by Walls.", "toughness": "3", "type": "Artifact Creature — Juggernaut", "types": ["Artifact", "Creature"], "uuid": "85729409-d60d-5434-8ddd-b77063908035", "watermark": "fnm"}, {"artist": "Mark Tedin", "availability": ["paper"], "borderColor": "black", "colorIdentity": ["W"], "colors": ["W"], "convertedManaCost": 2.0, "edhrecRank": 12247, "finishes": ["foil"], "foreignData": [], "frameVersion": "2003", "hasFoil": true, "hasNonFoil": false, "identifiers": {"mcmId": "15837", "mtgjsonV4Id": "e03c0ca4-416e-5016-ad75-50adf60a7131", "scryfallId": "771611c7-38a2-4690-9882-9dc8ea2a038b", "scryfallIllustrationId": "f87b0c24-425a-4a80-80e6-8193f46e4730", "scryfallOracleId": "df2738fe-9cd1-4347-8808-105fcfde1190", "tcgplayerProductId": "38080"}, "isPromo": true, "isReprint": true, "isStarter": true, "layout": "normal", "legalities": {"commander": "Legal", "duel": "Legal", "legacy": "Legal", "modern": "Legal", "pauper": "Legal", "paupercommander": "Legal", "premodern": "Legal", "vintage": "Legal"}, "manaCost": "{1}{W}", "manaValue": 2.0, "name": "Circle of Protection: Red", "number": "8", "printings": ["2ED", "3ED", "4BB", "4ED", "5ED", "6ED", "7ED", "8ED", "9ED", "CED", "CEI", "F05", "FBB", "ICE", "ITP", "LEA", "LEB", "PRM", "PTC", "RQS", "SUM", "TMP", "WC04", "WC97"], "promoTypes": ["tourney", "fnm"], "purchaseUrls": {"tcgplayer": "https://mtgjson.com/links/dfb4425de688afc5"}, "rarity": "rare", "rulings": [{"date": "2004-10-04", "text": "A source of damage is a permanent, a spell on the stack (including one that creates a permanent), or any object referred to by an object on the stack. A source doesn’t need to be capable of dealing damage to be a legal choice."}, {"date": "2004-10-04", "text": "Can be used even when there is no damage to prevent. It prevents the next damage (if any) from the source this turn."}], "setCode": "F05", "subtypes": [], "supertypes": [], "text": "{1}: The next time a red source of your choice would deal damage to you this turn, prevent that damage.", "type": "Enchantment", "types": ["Enchantment"], "uuid": "d828447c-cea1-5d97-976c-aa68c98a2ba1", "watermark": "fnm"}, {"artist": "Ken Meyer, Jr.", "availability": ["paper"], "borderColor": "black", "colorIdentity": ["R"], "colors": ["R"], "convertedManaCost": 1.0, "edhrecRank": 13306, "finishes": ["foil"], "flavorText": "It puts the \"fur\" in \"fury.\"", "foreignData": [], "frameVersion": "2003", "hasFoil": true, "hasNonFoil": false, "identifiers": {"mcmId": "15838", "mtgjsonV4Id": "93a587a0-7217-5dca-ba32-55f1030140b5", "scryfallId": "911867c3-34d3-4c00-aa6c-7772b8fb05d7", "scryfallIllustrationId": "4d03b09d-efcd-438a-85b5-d1ce45342b91", "scryfallOracleId": "fbbc3acb-c917-44ff-ac6f-9dd6ebe3f4ad", "tcgplayerProductId": "38115"}, "isPromo": true, "isReprint": true, "isStarter": true, "layout": "normal", "legalities": {"commander": "Legal", "duel": "Legal", "legacy": "Legal", "modern": "Legal", "pauper": "Legal", "paupercommander": "Legal", "vintage": "Legal"}, "manaCost": "{R}", "manaValue": 1.0, "name": "Kird Ape", "number": "9", "power": "1", "printings": ["3ED", "9ED", "ARN", "BTD", "DDH", "EMA", "F05", "FBB", "MB1", "PRM", "SUM", "V09"], "promoTypes": ["tourney", "fnm"], "purchaseUrls": {"tcgplayer": "https://mtgjson.com/links/f8744b01a525ef95"}, "rarity": "rare", "rulings": [], "setCode": "F05", "subtypes": ["Ape"], "supertypes": [], "text": "Kird Ape gets +1/+2 as long as you control a Forest.", "toughness": "1", "type": "Creature — Ape", "types": ["Creature"], "uuid": "f800f07f-2c32-50f0-8576-df1ffe20f25b", "watermark": "fnm"}, {"artist": "Lawrence Snelly", "availability": ["paper"], "borderColor": "black", "colorIdentity": ["B"], "colors": ["B"], "convertedManaCost": 1.0, "edhrecRank": 2152, "finishes": ["foil"], "flavorText": "\"We decide who is worthy of our works.\"\n—Gix, Yawgmoth praetor", "foreignData": [], "frameVersion": "2003", "hasFoil": true, "hasNonFoil": false, "identifiers": {"mcmId": "15839", "mtgjsonV4Id": "84097021-4763-5595-8bd4-cefcadb23f35", "scryfallId": "e69f6e05-f39b-4eee-89a3-400ca5adf8a3", "scryfallIllustrationId": "92797dd7-06e3-4c95-b27a-de17dc3524c2", "scryfallOracleId": "33d405ea-7a9a-4970-b70f-9c05d90dd6f0", "tcgplayerProductId": "38091"}, "isPromo": true, "isReprint": true, "isStarter": true, "layout": "normal", "legalities": {"brawl": "Legal", "commander": "Legal", "duel": "Legal", "future": "Legal", "gladiator": "Legal", "historic": "Legal", "historicbrawl": "Legal", "legacy": "Legal", "modern": "Legal", "pauper": "Legal", "paupercommander": "Legal", "penny": "Legal", "pioneer": "Legal", "premodern": "Legal", "standard": "Legal", "vintage": "Legal"}, "manaCost": "{B}", "manaValue": 1.0, "name": "Duress", "number": "10", "printings": ["7ED", "DDC", "DTK", "DVD", "EMA", "F05", "IMA", "J21", "M10", "M11", "M13", "M14", "M19", "M20", "M21", "MB1", "MD1", "MID", "PAL00", "PANA", "PD3", "PI14", "PMEI", "PRM", "STA", "USG", "WC01", "WC02", "WC99", "XLN"], "promoTypes": ["tourney", "fnm"], "purchaseUrls": {"tcgplayer": "https://mtgjson.com/links/ebc8b6d2e8f7d353"}, "rarity": "rare", "rulings": [], "setCode": "F05", "subtypes": [], "supertypes": [], "text": "Target opponent reveals their hand. You choose a noncreature, nonland card from it. That player discards that card.", "type": "Sorcery", "types": ["Sorcery"], "uuid": "d32bc867-a622-5b15-b784-3b5253e5b9b8", "watermark": "fnm"}, {"artist": "Mark Poole", "availability": ["paper"], "borderColor": "black", "colorIdentity": ["U"], "colors": ["U"], "convertedManaCost": 2.0, "edhrecRank": 17, "finishes": ["foil"], "flavorText": "\"It was probably a lousy spell in the first place.\"\n—Ertai, wizard adept", "foreignData": [], "frameVersion": "2003", "hasFoil": true, "hasNonFoil": false, "identifiers": {"mcmId": "15840", "mtgjsonV4Id": "7f262c6b-fdf1-5a79-9fb4-e569f92e12c3", "scryfallId": "394d65a0-0792-43d5-ab09-354cf8984428", "scryfallIllustrationId": "911ff9e4-cc26-4d32-a3ab-887d55af04c6", "scryfallOracleId": "cc187110-1148-4090-bbb8-e205694a39f5", "tcgplayerProductId": "38083"}, "isPromo": true, "isReprint": true, "isStarter": true, "layout": "normal", "legalities": {"commander": "Legal", "duel": "Legal", "gladiator": "Legal", "historic": "Banned", "historicbrawl": "Legal", "legacy": "Legal", "modern": "Legal", "pauper": "Legal", "paupercommander": "Legal", "premodern": "Legal", "vintage": "Legal"}, "manaCost": "{U}{U}", "manaValue": 2.0, "name": "Counterspell", "number": "11", "printings": ["2ED", "3ED", "4BB", "4ED", "5ED", "6ED", "7ED", "A25", "BRB", "BTD", "CED", "CEI", "CMR", "DD2", "EMA", "F05", "FBB", "G00", "ICE", "JVC", "LEA", "LEB", "MB1", "ME2", "ME4", "MH2", "MMQ", "MP2", "PLGM", "PMEI", "PRM", "PTC", "S99", "SLD", "SS1", "STA", "SUM", "TMP", "TPR", "VMA", "WC00", "WC01", "WC02", "WC97", "WC98"], "promoTypes": ["tourney", "fnm"], "purchaseUrls": {"tcgplayer": "https://mtgjson.com/links/d7da119eeedc8e15"}, "rarity": "rare", "rulings": [], "setCode": "F05", "subtypes": [], "supertypes": [], "text": "Counter target spell.", "type": "Instant", "types": ["Instant"], "uuid": "457b1a1b-f3d6-5376-a350-e51e50f8439c", "watermark": "fnm"}, {"artist": "Douglas Shuler", "availability": ["paper"], "borderColor": "black", "colorIdentity": [], "colors": [], "convertedManaCost": 4.0, "edhrecRank": 6948, "finishes": ["foil"], "flavorText": "In fire there is the spark of chaos and destruction, the seed of life. In ice there is perfect tranquility, perfect order, and the silence of death.", "foreignData": [], "frameVersion": "2003", "hasFoil": true, "hasNonFoil": false, "identifiers": {"mcmId": "15841", "mtgjsonV4Id": "37cef95c-a3d5-55e6-8cc5-c482294d42f8", "scryfallId": "01e70418-53a6-431c-a539-75c76567a5d2", "scryfallIllustrationId": "a9526ac2-77c6-4175-9fbd-2a4412d3a21f", "scryfallOracleId": "3608f1f7-8dc5-4dd1-ae91-c830e1de9529", "tcgplayerProductId": "38110"}, "isPromo": true, "isReprint": true, "isStarter": true, "layout": "normal", "legalities": {"commander": "Legal", "duel": "Legal", "gladiator": "Legal", "historic": "Legal", "historicbrawl": "Legal", "legacy": "Legal", "modern": "Legal", "penny": "Legal", "pioneer": "Legal", "premodern": "Legal", "vintage": "Legal"}, "manaCost": "{4}", "manaValue": 4.0, "name": "Icy Manipulator", "number": "12", "printings": ["10E", "2ED", "9ED", "CED", "CEI", "DDH", "DKM", "DOM", "F05", "ICE", "LEA", "LEB", "MB1", "ME4", "MRD", "PRM", "PTC"], "promoTypes": ["tourney", "fnm"], "purchaseUrls": {"tcgplayer": "https://mtgjson.com/links/d4bf4cc45764212d"}, "rarity": "rare", "rulings": [{"date": "2018-04-27", "text": "Once a player announces that they’re casting a spell or activating an ability, no player may take other actions until the spell or ability has been paid for. Notably, other players can’t try to tap that player’s permanents to stop them from paying {T} or to stop them from producing enough mana."}], "setCode": "F05", "subtypes": [], "supertypes": [], "text": "{1}, {T}: Tap target artifact, creature, or land.", "type": "Artifact", "types": ["Artifact"], "uuid": "d6d65b6b-00bf-55a3-97fc-80b2f7c1657f", "watermark": "fnm"}], "code": "F05", "isFoilOnly": true, "isOnlineOnly": false, "keyruneCode": "PARL", "name": "Friday Night Magic 2005", "releaseDate": "2005-01-01", "tokens": [], "totalSetSize": 12, "translations": {}, "type": "promo"}
