{"cards": [{"artist": "Jesper Myrfors", "availability": ["paper"], "borderColor": "black", "colorIdentity": ["B", "G"], "colors": ["G"], "convertedManaCost": 1.0, "edhrecRank": 283, "finishes": ["foil"], "flavorText": "\"They are aberrations who have turned on everything we hold sacred. Let them be cast out.\"\n—Ailheen, Speaker of the Council", "foreignData": [], "frameVersion": "2003", "hasFoil": true, "hasNonFoil": false, "identifiers": {"mcmId": "15842", "mtgjsonV4Id": "ff10272a-d5b0-5456-9071-dffd0e626c93", "scryfallId": "f74f4377-38ab-4822-b14b-e679247ec991", "scryfallIllustrationId": "de45f473-21f2-4949-b223-67faf35f2149", "scryfallOracleId": "20347559-95a9-4689-bb79-c5bb3809b719", "tcgplayerProductId": "38092"}, "isPromo": true, "isReprint": true, "isStarter": true, "layout": "normal", "legalities": {"commander": "Legal", "duel": "Legal", "legacy": "Legal", "modern": "Legal", "pauper": "Legal", "paupercommander": "Legal", "penny": "Legal", "vintage": "Legal"}, "manaCost": "{G}", "manaValue": 1.0, "name": "Elves of Deep Shadow", "number": "1", "power": "1", "printings": ["DDJ", "DRK", "F06", "GK1", "MB1", "ME3", "PRM", "RAV"], "promoTypes": ["tourney", "fnm"], "purchaseUrls": {"tcgplayer": "https://mtgjson.com/links/523d4ee445a09e59"}, "rarity": "rare", "rulings": [], "setCode": "F06", "subtypes": ["Elf", "Druid"], "supertypes": [], "text": "{T}: Add {B}. Elves of Deep Shadow deals 1 damage to you.", "toughness": "1", "type": "Creature — Elf Druid", "types": ["Creature"], "uuid": "4b92b0a2-8b99-561b-855e-092aabda25e5", "watermark": "fnm"}, {"artist": "Edward P. Beard, Jr.", "availability": ["paper"], "borderColor": "black", "colorIdentity": ["B", "G"], "colors": ["B"], "convertedManaCost": 3.0, "faceConvertedManaCost": 2.0, "faceManaValue": 2.0, "faceName": "Death", "finishes": ["foil"], "foreignData": [], "frameVersion": "2003", "hasFoil": true, "hasNonFoil": false, "identifiers": {"mcmId": "15852", "mtgjsonV4Id": "fc46b5bf-aa2b-5e37-a6f8-5e75aa547867", "scryfallId": "776d76de-f8b3-4ab3-a326-6d9623b78ba3", "scryfallIllustrationId": "d16a6ddd-891c-4227-8dc0-5e3be935697e", "scryfallOracleId": "d476f4b3-db63-4756-ab76-4b35f63c2825", "tcgplayerProductId": "38121"}, "isPromo": true, "isReprint": true, "isStarter": true, "layout": "split", "legalities": {"commander": "Legal", "duel": "Legal", "legacy": "Legal", "penny": "Legal", "premodern": "Legal", "vintage": "Legal"}, "manaCost": "{1}{B}", "manaValue": 3.0, "name": "Life // Death", "number": "11a", "otherFaceIds": ["136a4957-6aff-56b0-9376-4eea5711ca3a"], "printings": ["APC", "DDJ", "F06", "PRM"], "promoTypes": ["tourney", "fnm"], "purchaseUrls": {"tcgplayer": "https://mtgjson.com/links/e1fc668f72d8620a"}, "rarity": "rare", "rulings": [{"date": "2008-08-01", "text": "A noncreature permanent that turns into a creature can attack, and its {T} abilities can be activated, only if its controller has continuously controlled that permanent since the beginning of their most recent turn. It doesn’t matter how long the permanent has been a creature."}], "setCode": "F06", "side": "b", "subtypes": [], "supertypes": [], "text": "Return target creature card from your graveyard to the battlefield. You lose life equal to its mana value.", "type": "Sorcery", "types": ["Sorcery"], "uuid": "6f1283b3-92b7-5217-be06-373b51c9b65b", "watermark": "fnm"}, {"artist": "Anthony S. Waters", "availability": ["paper"], "borderColor": "black", "colorIdentity": ["B", "G"], "colors": ["G"], "convertedManaCost": 3.0, "faceConvertedManaCost": 1.0, "faceManaValue": 1.0, "faceName": "Life", "finishes": ["foil"], "foreignData": [], "frameVersion": "2003", "hasFoil": true, "hasNonFoil": false, "identifiers": {"mcmId": "15852", "mtgjsonV4Id": "4501ea98-2d25-5d7e-a7b0-5f6b6e5bd208", "scryfallId": "776d76de-f8b3-4ab3-a326-6d9623b78ba3", "scryfallIllustrationId": "d16a6ddd-891c-4227-8dc0-5e3be935697e", "scryfallOracleId": "d476f4b3-db63-4756-ab76-4b35f63c2825", "tcgplayerProductId": "38121"}, "isPromo": true, "isReprint": true, "isStarter": true, "layout": "split", "legalities": {"commander": "Legal", "duel": "Legal", "legacy": "Legal", "penny": "Legal", "premodern": "Legal", "vintage": "Legal"}, "manaCost": "{G}", "manaValue": 3.0, "name": "Life // Death", "number": "11a", "otherFaceIds": ["6f1283b3-92b7-5217-be06-373b51c9b65b"], "printings": ["APC", "DDJ", "F06", "PRM"], "promoTypes": ["tourney", "fnm"], "purchaseUrls": {"tcgplayer": "https://mtgjson.com/links/11617d64c3160d16"}, "rarity": "rare", "rulings": [{"date": "2008-08-01", "text": "A noncreature permanent that turns into a creature can attack, and its {T} abilities can be activated, only if its controller has continuously controlled that permanent since the beginning of their most recent turn. It doesn’t matter how long the permanent has been a creature."}], "setCode": "F06", "side": "a", "subtypes": [], "supertypes": [], "text": "All lands you control become 1/1 creatures until end of turn. They're still lands.", "type": "Sorcery", "types": ["Sorcery"], "uuid": "136a4957-6aff-56b0-9376-4eea5711ca3a", "watermark": "fnm"}, {"artist": "Franz Vohwinkel", "availability": ["paper"], "borderColor": "black", "colorIdentity": ["R", "U"], "colors": ["U"], "convertedManaCost": 4.0, "faceConvertedManaCost": 2.0, "faceManaValue": 2.0, "faceName": "Ice", "finishes": ["foil"], "foreignData": [], "frameVersion": "2003", "hasFoil": true, "hasNonFoil": false, "identifiers": {"mcmId": "15855", "mtgjsonV4Id": "9cec0935-26b1-53ca-9149-c46c602f05f6", "scryfallId": "04cb4e4e-8275-4132-8f1a-84b486725400", "scryfallIllustrationId": "c890cb20-7e04-4ad0-96a6-8854cd409c14", "scryfallOracleId": "ae92942b-919c-4ea9-b693-85fcef765d5a", "tcgplayerProductId": "38097"}, "isPromo": true, "isReprint": true, "isStarter": true, "layout": "split", "legalities": {"commander": "Legal", "duel": "Legal", "legacy": "Legal", "modern": "Legal", "pauper": "Legal", "paupercommander": "Legal", "premodern": "Legal", "vintage": "Legal"}, "manaCost": "{1}{U}", "manaValue": 4.0, "name": "Fire // Ice", "number": "12a", "otherFaceIds": ["4eadb7f1-0e82-5d7b-80f5-c396692472b5"], "printings": ["APC", "CMD", "DDJ", "F06", "MB1", "MH2", "PMH2", "PRM", "UMA", "WC01", "WC02"], "promoTypes": ["tourney", "fnm"], "purchaseUrls": {"tcgplayer": "https://mtgjson.com/links/63d95312e6332823"}, "rarity": "rare", "rulings": [{"date": "2018-12-07", "text": "If the target permanent becomes an illegal target for Ice, the spell doesn’t resolve. You don’t draw a card."}, {"date": "2018-12-07", "text": "If Fire targets two creatures and one becomes an illegal target, the remaining target is dealt 1 damage, not 2."}, {"date": "2018-12-07", "text": "You divide the damage as you cast Fire, not as it resolves. Each target must be assigned at least 1 damage. In other words, as you cast Fire, you choose whether to have it deal 2 damage to a single target, or deal 1 damage to each of two targets."}, {"date": "2021-06-18", "text": "While not on the stack, the characteristics of a split card are the combination of its two halves. For example, Fire // Ice is both red and blue and its mana value is 4."}, {"date": "2021-06-18", "text": "If you copy a spell that’s half of a split card, the copy copies that same half. For example, if you copy Fire, the copy is also Fire, not Ice."}, {"date": "2021-06-18", "text": "To cast a split card, you choose one half to cast. There’s no way to cast both halves of Fire // Ice."}, {"date": "2021-06-18", "text": "All split cards have two card faces on a single card, and you put a split card onto the stack as only the half you’re casting. The characteristics of the half of the card you didn’t cast are ignored while the spell is on the stack. For example, if an effect says you can’t cast blue spells, you may still cast Fire."}, {"date": "2021-06-18", "text": "Each split card is a single card. For example, if you discard a split card, you’ve discarded one card, not two. If an effect counts the number of instant and sorcery cards in your graveyard, Fire // Ice counts once, not twice."}, {"date": "2021-06-18", "text": "Each split card has two names. If an effect instructs you to choose a card name, you may choose one of those names, but not both."}], "setCode": "F06", "side": "b", "subtypes": [], "supertypes": [], "text": "Tap target permanent.\nDraw a card.", "type": "Instant", "types": ["Instant"], "uuid": "19ca0c3f-8512-5bf0-80b6-86c634c0969f", "watermark": "fnm"}, {"artist": "David Martin", "availability": ["paper"], "borderColor": "black", "colorIdentity": ["R", "U"], "colors": ["R"], "convertedManaCost": 4.0, "faceConvertedManaCost": 2.0, "faceManaValue": 2.0, "faceName": "Fire", "finishes": ["foil"], "foreignData": [], "frameVersion": "2003", "hasFoil": true, "hasNonFoil": false, "identifiers": {"mcmId": "15855", "mtgjsonV4Id": "c83ec2ff-20c6-5f84-852f-51963ddde0a3", "scryfallId": "04cb4e4e-8275-4132-8f1a-84b486725400", "scryfallIllustrationId": "c890cb20-7e04-4ad0-96a6-8854cd409c14", "scryfallOracleId": "ae92942b-919c-4ea9-b693-85fcef765d5a", "tcgplayerProductId": "38097"}, "isPromo": true, "isReprint": true, "isStarter": true, "layout": "split", "legalities": {"commander": "Legal", "duel": "Legal", "legacy": "Legal", "modern": "Legal", "pauper": "Legal", "paupercommander": "Legal", "premodern": "Legal", "vintage": "Legal"}, "manaCost": "{1}{R}", "manaValue": 4.0, "name": "Fire // Ice", "number": "12a", "otherFaceIds": ["19ca0c3f-8512-5bf0-80b6-86c634c0969f"], "printings": ["APC", "CMD", "DDJ", "F06", "MB1", "MH2", "PMH2", "PRM", "UMA", "WC01", "WC02"], "promoTypes": ["tourney", "fnm"], "purchaseUrls": {"tcgplayer": "https://mtgjson.com/links/1b3d894503525946"}, "rarity": "rare", "rulings": [{"date": "2018-12-07", "text": "If the target permanent becomes an illegal target for Ice, the spell doesn’t resolve. You don’t draw a card."}, {"date": "2018-12-07", "text": "If Fire targets two creatures and one becomes an illegal target, the remaining target is dealt 1 damage, not 2."}, {"date": "2018-12-07", "text": "You divide the damage as you cast Fire, not as it resolves. Each target must be assigned at least 1 damage. In other words, as you cast Fire, you choose whether to have it deal 2 damage to a single target, or deal 1 damage to each of two targets."}, {"date": "2021-06-18", "text": "While not on the stack, the characteristics of a split card are the combination of its two halves. For example, Fire // Ice is both red and blue and its mana value is 4."}, {"date": "2021-06-18", "text": "If you copy a spell that’s half of a split card, the copy copies that same half. For example, if you copy Fire, the copy is also Fire, not Ice."}, {"date": "2021-06-18", "text": "To cast a split card, you choose one half to cast. There’s no way to cast both halves of Fire // Ice."}, {"date": "2021-06-18", "text": "All split cards have two card faces on a single card, and you put a split card onto the stack as only the half you’re casting. The characteristics of the half of the card you didn’t cast are ignored while the spell is on the stack. For example, if an effect says you can’t cast blue spells, you may still cast Fire."}, {"date": "2021-06-18", "text": "Each split card is a single card. For example, if you discard a split card, you’ve discarded one card, not two. If an effect counts the number of instant and sorcery cards in your graveyard, Fire // Ice counts once, not twice."}, {"date": "2021-06-18", "text": "Each split card has two names. If an effect instructs you to choose a card name, you may choose one of those names, but not both."}], "setCode": "F06", "side": "a", "subtypes": [], "supertypes": [], "text": "Fire deals 2 damage divided as you choose among one or two targets.", "type": "Instant", "types": ["Instant"], "uuid": "4eadb7f1-0e82-5d7b-80f5-c396692472b5", "watermark": "fnm"}, {"artist": "Paolo Parente", "availability": ["paper"], "borderColor": "black", "colorIdentity": ["G", "W"], "colors": ["G", "W"], "convertedManaCost": 3.0, "edhrecRank": 2820, "finishes": ["foil"], "flavorText": "\"Don't laugh. It works.\"\n—Yavimaya ranger", "foreignData": [], "frameVersion": "2003", "hasFoil": true, "hasNonFoil": false, "identifiers": {"mcmId": "15843", "mtgjsonV4Id": "38086f54-5b65-5aac-9717-6d2ef6ef94b4", "scryfallId": "d3f3777a-16b4-4860-b67e-23a25e65df50", "scryfallIllustrationId": "ae556b68-5552-4a87-8054-dd770db89ac6", "scryfallOracleId": "15397a59-70a8-441f-abf7-230405a1602b", "tcgplayerProductId": "38062"}, "isPromo": true, "isReprint": true, "isStarter": true, "keywords": ["Enchant"], "layout": "normal", "legalities": {"commander": "Legal", "duel": "Legal", "legacy": "Legal", "pauper": "Legal", "paupercommander": "Legal", "penny": "Legal", "premodern": "Legal", "vintage": "Legal"}, "manaCost": "{1}{G}{W}", "manaValue": 3.0, "name": "Armadillo Cloak", "number": "2", "printings": ["ARC", "DDE", "EMA", "F06", "INV", "MB1", "PRM", "TD0", "VMA"], "promoTypes": ["tourney", "fnm"], "purchaseUrls": {"tcgplayer": "https://mtgjson.com/links/17e862d809dc3292"}, "rarity": "rare", "rulings": [{"date": "2016-06-08", "text": "While Armadillo Cloak’s last ability is similar to lifelink, it isn’t lifelink—it’s a normal triggered ability. If a creature you control with lifelink wears an Armadillo Cloak and deals damage, first you’ll gain that much life for lifelink, and then Armadillo Cloak’s triggered ability is put onto the stack. This also means that multiple instances of Armadillo Cloak’s triggered ability do trigger separately."}, {"date": "2016-06-08", "text": "If Armadillo Cloak enchants a creature you don’t control, you’ll gain life when it deals damage, as long as that damage hasn’t already caused you to lose the game."}], "setCode": "F06", "subtypes": ["Aura"], "supertypes": [], "text": "Enchant creature\nEnchanted creature gets +2/+2 and has trample.\nWhenever enchanted creature deals damage, you gain that much life.", "type": "Enchantment — Aura", "types": ["Enchantment"], "uuid": "bc19d0c9-51a3-5f9e-8ef0-ae124ce64501", "watermark": "fnm"}, {"artist": "DiTerlizzi", "availability": ["paper"], "borderColor": "black", "colorIdentity": ["B", "R"], "colors": ["B", "R"], "convertedManaCost": 2.0, "edhrecRank": 268, "finishes": ["foil"], "flavorText": "Like his mother before him, Darigaaz gave his life defending Dominaria from the tyranny of self-styled \"gods.\"", "foreignData": [], "frameVersion": "2003", "hasFoil": true, "hasNonFoil": false, "identifiers": {"mcmId": "15844", "mtgjsonV4Id": "9647f625-8d72-5380-ad50-e2077a9ce27f", "scryfallId": "b752cbd8-5f8b-4cd6-854d-69138be9fbdc", "scryfallIllustrationId": "9aa617c0-0471-41e4-a397-200047006af9", "scryfallOracleId": "6257c2fd-005f-41e3-8a72-af76df1eb134", "tcgplayerProductId": "38165"}, "isPromo": true, "isReprint": true, "isStarter": true, "layout": "normal", "legalities": {"commander": "Legal", "duel": "Legal", "legacy": "Legal", "modern": "Legal", "pauper": "Legal", "paupercommander": "Legal", "premodern": "Legal", "vintage": "Legal"}, "manaCost": "{B}{R}", "manaValue": 2.0, "name": "Terminate", "number": "3", "printings": ["AFC", "ARB", "ARC", "C16", "C17", "C20", "CMA", "CMD", "DDK", "F06", "MB1", "MM3", "P09", "PLIST", "PLS", "PRM", "PS11", "TD0", "WC01"], "promoTypes": ["tourney", "fnm"], "purchaseUrls": {"tcgplayer": "https://mtgjson.com/links/3318d9cead5b9ea0"}, "rarity": "rare", "rulings": [], "setCode": "F06", "subtypes": [], "supertypes": [], "text": "Destroy target creature. It can't be regenerated.", "type": "Instant", "types": ["Instant"], "uuid": "583e0471-3ac3-5b2b-bac8-3e97a52c9198", "watermark": "fnm"}, {"artist": "Thomas M. Baxa", "availability": ["paper"], "borderColor": "black", "colorIdentity": ["B", "U"], "colors": ["B", "U"], "convertedManaCost": 4.0, "edhrecRank": 20247, "finishes": ["foil"], "foreignData": [], "frameVersion": "2003", "hasFoil": true, "hasNonFoil": false, "identifiers": {"mcmId": "15845", "mtgjsonV4Id": "1d160a24-c6bd-5cf0-be3b-2157119fe5a0", "scryfallId": "894e5b74-61e0-4165-82ab-5e7e22e5a817", "scryfallIllustrationId": "1f0014ae-9c56-4c12-ac08-c185a8a16ff6", "scryfallOracleId": "a7ebe748-c3de-402f-8a6e-236a6413c0f8", "tcgplayerProductId": "38125"}, "isPromo": true, "isReprint": true, "isStarter": true, "layout": "normal", "legalities": {"commander": "Legal", "duel": "Legal", "legacy": "Legal", "premodern": "Legal", "vintage": "Legal"}, "manaCost": "{2}{U}{B}", "manaValue": 4.0, "name": "Lobotomy", "number": "4", "printings": ["F06", "INV", "PRM", "TMP", "WC01", "WC98"], "promoTypes": ["tourney", "fnm"], "purchaseUrls": {"tcgplayer": "https://mtgjson.com/links/79e5deb390f55c58"}, "rarity": "rare", "rulings": [{"date": "2004-10-04", "text": "If the player has no cards in their hand, you still get to look through their deck, but you do not get to exile any cards."}, {"date": "2004-10-04", "text": "You only get to pick one card from the player’s hand."}, {"date": "2004-10-04", "text": "It exiles the chosen card plus all others in the hand, library, and graveyard. Some people thought the chosen card was not exiled due to some vague wording."}, {"date": "2004-10-04", "text": "Does not affect cards on the battlefield."}, {"date": "2005-02-01", "text": "The copies must be found if they are in publicly viewable zones. Finding copies while searching private zones is optional."}], "setCode": "F06", "subtypes": [], "supertypes": [], "text": "Target player reveals their hand, then you choose a card other than a basic land card from it. Search that player's graveyard, hand, and library for all cards with the same name as the chosen card and exile them. Then that player shuffles.", "type": "Sorcery", "types": ["Sorcery"], "uuid": "76de72b2-a154-5fab-bad2-10659619edeb", "watermark": "fnm"}, {"artist": "Greg Hildebrandt & Tim Hildebrandt", "availability": ["paper"], "borderColor": "black", "colorIdentity": ["R"], "colors": ["R"], "convertedManaCost": 3.0, "edhrecRank": 1763, "finishes": ["foil"], "flavorText": "They poured from the Skirk Ridge like lava, burning and devouring everything in their path.", "foreignData": [], "frameVersion": "2003", "hasFoil": true, "hasNonFoil": false, "identifiers": {"mcmId": "15846", "mtgjsonV4Id": "30c8688f-4759-5bb9-b55d-196482a8150e", "scryfallId": "566a29cb-e96a-49a3-98b9-43d8a8ad97e8", "scryfallIllustrationId": "1adb9056-beaa-4987-a2d4-52b6da6d4551", "scryfallOracleId": "39882df0-c20f-469d-94ba-1617224e71a1", "tcgplayerProductId": "38109"}, "isPromo": true, "isReprint": true, "isStarter": true, "layout": "normal", "legalities": {"commander": "Legal", "duel": "Legal", "gladiator": "Legal", "historic": "Legal", "historicbrawl": "Legal", "legacy": "Legal", "modern": "Legal", "paupercommander": "Restricted", "penny": "Legal", "pioneer": "Legal", "premodern": "Legal", "vintage": "Legal"}, "manaCost": "{1}{R}{R}", "manaValue": 3.0, "name": "Goblin Warchief", "number": "5", "power": "2", "printings": ["DD1", "DDN", "DOM", "EVG", "F06", "F16", "MB1", "PRM", "SCG", "VMA", "WC03"], "promoTypes": ["tourney", "fnm"], "purchaseUrls": {"tcgplayer": "https://mtgjson.com/links/3507d5b922963684"}, "rarity": "rare", "rulings": [{"date": "2018-04-27", "text": "Goblin Warchief’s effect reduces only generic mana in the cost of Goblin spells you cast. For example, it doesn’t reduce the cost of Skirk Prospector below {R}."}], "setCode": "F06", "subtypes": ["Goblin", "Warrior"], "supertypes": [], "text": "Goblin spells you cast cost {1} less to cast.\nGoblins you control have haste.", "toughness": "2", "type": "Creature — Goblin Warrior", "types": ["Creature"], "uuid": "f1551120-0e7f-5ccf-8e1f-e2da8b2cea04", "watermark": "fnm"}, {"artist": "Anthony S. Waters", "availability": ["paper"], "borderColor": "black", "colorIdentity": ["G"], "colors": ["G"], "convertedManaCost": 2.0, "edhrecRank": 5686, "finishes": ["foil"], "flavorText": "It teaches *you* to play dead.", "foreignData": [], "frameVersion": "2003", "hasFoil": true, "hasNonFoil": false, "identifiers": {"mcmId": "15847", "mtgjsonV4Id": "d5786f1d-f66b-5841-bec8-dcef832a3f6c", "scryfallId": "0558a53a-e05b-4eb8-9c48-519f3e6bb13c", "scryfallIllustrationId": "9de731ee-627f-4a2a-894a-4e56b1763278", "scryfallOracleId": "e9441ab3-7a17-4f9b-a873-e5e82f6e9690", "tcgplayerProductId": "38176"}, "isPromo": true, "isReprint": true, "isStarter": true, "layout": "normal", "legalities": {"commander": "Legal", "duel": "Legal", "legacy": "Legal", "pauper": "Legal", "paupercommander": "Legal", "penny": "Legal", "premodern": "Legal", "vintage": "Legal"}, "manaCost": "{1}{G}", "manaValue": 2.0, "name": "Wild Mongrel", "number": "6", "power": "2", "printings": ["DDD", "F06", "GVL", "MB1", "ODY", "PRM", "TD0", "UMA", "VMA", "WC02", "WC03"], "promoTypes": ["tourney", "fnm"], "purchaseUrls": {"tcgplayer": "https://mtgjson.com/links/077b1af0d677a370"}, "rarity": "rare", "rulings": [], "setCode": "F06", "subtypes": ["Dog"], "supertypes": [], "text": "Discard a card: Wild Mongrel gets +1/+1 and becomes the color of your choice until end of turn.", "toughness": "2", "type": "Creature — Dog", "types": ["Creature"], "uuid": "6128d1f3-3610-52f8-9fd2-6bd7f752b72c", "watermark": "fnm"}, {"artist": "Ben Thompson", "availability": ["paper"], "borderColor": "black", "colorIdentity": ["B"], "colors": ["B"], "convertedManaCost": 2.0, "edhrecRank": 9094, "finishes": ["foil"], "flavorText": "The pits have their own form of mercy.", "foreignData": [], "frameEffects": ["tombstone"], "frameVersion": "2003", "hasFoil": true, "hasNonFoil": false, "identifiers": {"mcmId": "15848", "mtgjsonV4Id": "8701b9cd-5880-5278-b625-878a6afc24e6", "scryfallId": "edcff171-587d-4459-b6cc-8d7bc5ae145e", "scryfallIllustrationId": "aa9a6965-65a9-4a6c-a76b-26ae53d5a8ca", "scryfallOracleId": "7975cb9d-d37e-44f8-9614-86d2ad453c35", "tcgplayerProductId": "38079"}, "isPromo": true, "isReprint": true, "isStarter": true, "keywords": ["Flashback"], "layout": "normal", "legalities": {"commander": "Legal", "duel": "Legal", "gladiator": "Legal", "historic": "Legal", "historicbrawl": "Legal", "legacy": "Legal", "pauper": "Legal", "paupercommander": "Legal", "premodern": "Legal", "vintage": "Legal"}, "manaCost": "{1}{B}", "manaValue": 2.0, "name": "Chainer's Edict", "number": "7", "printings": ["F06", "HA3", "PRM", "TOR", "UMA", "V13", "VMA", "WC02", "WC03"], "promoTypes": ["tourney", "fnm"], "purchaseUrls": {"tcgplayer": "https://mtgjson.com/links/859f7a76b3f0d7f4"}, "rarity": "rare", "rulings": [{"date": "2021-03-19", "text": "“Flashback [cost]” means “You may cast this card from your graveyard by paying [cost] rather than paying its mana cost” and “If the flashback cost was paid, exile this card instead of putting it anywhere else any time it would leave the stack.”"}, {"date": "2021-03-19", "text": "You must still follow any timing restrictions and permissions, including those based on the card’s type. For instance, you can cast a sorcery using flashback only when you could normally cast a sorcery."}, {"date": "2021-03-19", "text": "To determine the total cost of a spell, start with the mana cost or alternative cost (such as a flashback cost) you’re paying, add any cost increases, then apply any cost reductions. The mana value of the spell is determined only by its mana cost, no matter what the total cost to cast the spell was."}, {"date": "2021-03-19", "text": "A spell cast using flashback will always be exiled afterward, whether it resolves, is countered, or leaves the stack in some other way."}, {"date": "2021-03-19", "text": "You can cast a spell using flashback even if it was somehow put into your graveyard without having been cast."}, {"date": "2021-03-19", "text": "If a card with flashback is put into your graveyard during your turn, you can cast it if it’s legal to do so before any other player can take any actions."}], "setCode": "F06", "subtypes": [], "supertypes": [], "text": "Target player sacrifices a creature.\nFlashback {5}{B}{B} (You may cast this card from your graveyard for its flashback cost. Then exile it.)", "type": "Sorcery", "types": ["Sorcery"], "uuid": "2ab08cce-6ece-5268-b85d-617a59a80065", "watermark": "fnm"}, {"artist": "Anthony S. Waters", "availability": ["paper"], "borderColor": "black", "colorIdentity": ["U"], "colors": ["U"], "convertedManaCost": 3.0, "edhrecRank": 7129, "finishes": ["foil"], "foreignData": [], "frameVersion": "2003", "hasFoil": true, "hasNonFoil": false, "identifiers": {"mcmId": "15849", "mtgjsonV4Id": "bff85141-f788-56a3-8f79-c5e94352929d", "scryfallId": "617152ea-bacd-42f3-928b-e0bcc686dd41", "scryfallIllustrationId": "fb946ce1-0381-4abc-a0bf-fdebf86894ca", "scryfallOracleId": "b071bbaf-79fa-413b-807b-2cc86c8a8125", "tcgplayerProductId": "38081"}, "isPromo": true, "isReprint": true, "isStarter": true, "keywords": ["Madness"], "layout": "normal", "legalities": {"commander": "Legal", "duel": "Legal", "legacy": "Legal", "pauper": "Legal", "paupercommander": "Legal", "penny": "Legal", "premodern": "Legal", "vintage": "Legal"}, "manaCost": "{2}{U}", "manaValue": 3.0, "name": "Circular Logic", "number": "8", "printings": ["F06", "MB1", "PRM", "TOR", "UMA", "VMA", "WC02", "WC03"], "promoTypes": ["tourney", "fnm"], "purchaseUrls": {"tcgplayer": "https://mtgjson.com/links/d923a7d300fbfbc6"}, "rarity": "rare", "rulings": [{"date": "2018-12-07", "text": "Circular Logic is still on the stack while you count the number of cards in your graveyard. It doesn’t count itself."}], "setCode": "F06", "subtypes": [], "supertypes": [], "text": "Counter target spell unless its controller pays {1} for each card in your graveyard.\nMadness {U} (If you discard this card, discard it into exile. When you do, cast it for its madness cost or put it into your graveyard.)", "type": "Instant", "types": ["Instant"], "uuid": "0c5d8569-a8bc-5e4e-8d19-46c229dcf9b0", "watermark": "fnm"}, {"artist": "Ron Spears", "availability": ["paper"], "borderColor": "black", "colorIdentity": ["W"], "colors": ["W"], "convertedManaCost": 3.0, "edhrecRank": 4115, "finishes": ["foil"], "flavorText": "\"The hum of the universe is never off-key.\"\n—Mystic elder", "foreignData": [], "frameVersion": "2003", "hasFoil": true, "hasNonFoil": false, "identifiers": {"mcmId": "15851", "mtgjsonV4Id": "20242b76-4d80-50c4-9911-2c187f987994", "scryfallId": "56d58edc-5c78-48b1-8d33-77e5a728f6bd", "scryfallIllustrationId": "a4d9a3d3-1f0e-46c2-869d-68e59e2dfcfd", "scryfallOracleId": "70f14b10-8129-4249-a267-8b4be5d9befa", "tcgplayerProductId": "38065"}, "isPromo": true, "isReprint": true, "isStarter": true, "layout": "normal", "legalities": {"commander": "Legal", "duel": "Legal", "legacy": "Legal", "penny": "Legal", "premodern": "Legal", "vintage": "Legal"}, "manaCost": "{2}{W}", "manaValue": 3.0, "name": "Astral Slide", "number": "9", "printings": ["F06", "ONS", "PRM", "VMA", "WC04"], "promoTypes": ["tourney", "fnm"], "purchaseUrls": {"tcgplayer": "https://mtgjson.com/links/2443f240c7798a5b"}, "rarity": "rare", "rulings": [{"date": "2004-10-04", "text": "If a player cycles a card during the end step, the creature that is exiled won’t come back until the end of the next turn."}, {"date": "2008-08-01", "text": "If a face-down card is exiled, it turns face-up and remains face-up when it returns to the battlefield. This does not trigger any abilities that would trigger on it being turned face-up."}], "setCode": "F06", "subtypes": [], "supertypes": [], "text": "Whenever a player cycles a card, you may exile target creature. If you do, return that card to the battlefield under its owner's control at the beginning of the next end step.", "type": "Enchantment", "types": ["Enchantment"], "uuid": "e3d9de7a-01a7-5d3c-b2fa-92785a39d95a", "watermark": "fnm"}, {"artist": "John Avon", "availability": ["paper"], "borderColor": "black", "colorIdentity": ["G"], "colors": ["G"], "convertedManaCost": 5.0, "edhrecRank": 16353, "finishes": ["foil"], "flavorText": "It's hard to be humble when the whole world is bite size.", "foreignData": [], "frameVersion": "2003", "hasFoil": true, "hasNonFoil": false, "identifiers": {"mcmId": "15850", "mtgjsonV4Id": "921ea0fc-e106-528f-8789-30913c715285", "scryfallId": "dc56b3a4-163c-4e7e-bcea-8c4213c2a2f5", "scryfallIllustrationId": "d6e37369-5b93-474e-92a7-d0e5afe384af", "scryfallOracleId": "dc7f0c33-80ea-453e-a237-473f077f038e", "tcgplayerProductId": "38064"}, "isPromo": true, "isReprint": true, "isStarter": true, "keywords": ["Madness", "Trample"], "layout": "normal", "legalities": {"commander": "Legal", "duel": "Legal", "legacy": "Legal", "pauper": "Legal", "paupercommander": "Legal", "penny": "Legal", "premodern": "Legal", "vintage": "Legal"}, "manaCost": "{3}{G}{G}", "manaValue": 5.0, "name": "Arrogant Wurm", "number": "10", "power": "4", "printings": ["F06", "PRM", "TOR", "VMA", "WC03"], "promoTypes": ["tourney", "fnm"], "purchaseUrls": {"tcgplayer": "https://mtgjson.com/links/cc1a84482eeb9ecf"}, "rarity": "rare", "rulings": [], "setCode": "F06", "subtypes": ["Wurm"], "supertypes": [], "text": "Trample\nMadness {2}{G} (If you discard this card, discard it into exile. When you do, cast it for its madness cost or put it into your graveyard.)", "toughness": "4", "type": "Creature — Wurm", "types": ["Creature"], "uuid": "ce0834ed-e32f-5c88-8f6c-45d7edba8fc7", "watermark": "fnm"}], "code": "F06", "isFoilOnly": true, "isOnlineOnly": false, "keyruneCode": "PARL", "name": "Friday Night Magic 2006", "releaseDate": "2006-01-01", "tokens": [], "totalSetSize": 14, "translations": {}, "type": "promo"}
