{"cards": [{"artist": "Ron Spencer", "availability": ["paper"], "borderColor": "black", "colorIdentity": ["R"], "colors": ["R"], "convertedManaCost": 1.0, "edhrecRank": 8935, "finishes": ["foil"], "flavorText": "Reach out and torch someone.", "foreignData": [], "frameEffects": ["tombstone"], "frameVersion": "2003", "hasFoil": true, "hasNonFoil": false, "identifiers": {"mcmId": "15856", "mtgjsonV4Id": "4840dca1-63df-5bf4-b4be-4fb616315da3", "scryfallId": "5feef053-6788-4124-8ec5-b3aca7139177", "scryfallIllustrationId": "d6ad6bdd-9fd2-46c8-86d8-2d6af455aa1a", "scryfallOracleId": "7aa31280-12c3-479d-a6dd-f1c669043083", "tcgplayerProductId": "38099"}, "isPromo": true, "isReprint": true, "isStarter": true, "keywords": ["Flashback"], "layout": "normal", "legalities": {"commander": "Legal", "duel": "Legal", "legacy": "Legal", "modern": "Legal", "pauper": "Legal", "paupercommander": "Legal", "penny": "Legal", "premodern": "Legal", "vintage": "Legal"}, "manaCost": "{R}", "manaValue": 1.0, "name": "Firebolt", "number": "1", "printings": ["DD2", "DDS", "EMA", "F07", "JVC", "MB1", "MH1", "ODY", "PRM"], "promoTypes": ["tourney", "fnm"], "purchaseUrls": {"tcgplayer": "https://mtgjson.com/links/0ee3f3048b39b269"}, "rarity": "rare", "rulings": [{"date": "2021-03-19", "text": "“Flashback [cost]” means “You may cast this card from your graveyard by paying [cost] rather than paying its mana cost” and “If the flashback cost was paid, exile this card instead of putting it anywhere else any time it would leave the stack.”"}, {"date": "2021-03-19", "text": "You must still follow any timing restrictions and permissions, including those based on the card’s type. For instance, you can cast a sorcery using flashback only when you could normally cast a sorcery."}, {"date": "2021-03-19", "text": "To determine the total cost of a spell, start with the mana cost or alternative cost (such as a flashback cost) you’re paying, add any cost increases, then apply any cost reductions. The mana value of the spell is determined only by its mana cost, no matter what the total cost to cast the spell was."}, {"date": "2021-03-19", "text": "A spell cast using flashback will always be exiled afterward, whether it resolves, is countered, or leaves the stack in some other way."}, {"date": "2021-03-19", "text": "You can cast a spell using flashback even if it was somehow put into your graveyard without having been cast."}, {"date": "2021-03-19", "text": "If a card with flashback is put into your graveyard during your turn, you can cast it if it’s legal to do so before any other player can take any actions."}], "setCode": "F07", "subtypes": [], "supertypes": [], "text": "Firebolt deals 2 damage to any target.\nFlashback {4}{R} (You may cast this card from your graveyard for its flashback cost. Then exile it.)", "type": "Sorcery", "types": ["Sorcery"], "uuid": "8cf8ff1d-b641-5066-972e-921661d61619", "watermark": "fnm"}, {"artist": "Daren Bader", "availability": ["paper"], "borderColor": "black", "colorIdentity": ["U"], "colors": ["U"], "convertedManaCost": 4.0, "edhrecRank": 1639, "finishes": ["foil"], "flavorText": "\"The specimen seems to be broken.\"", "foreignData": [], "frameEffects": ["tombstone"], "frameVersion": "2003", "hasFoil": true, "hasNonFoil": false, "identifiers": {"mcmId": "15854", "mtgjsonV4Id": "d3e97f04-5546-5f41-9659-e94ebfb687b9", "scryfallId": "221921d9-34d8-420a-be5e-6b4468e703fa", "scryfallIllustrationId": "8c2bde47-85a0-45d7-8a2f-56d51a7e1118", "scryfallOracleId": "579cbd92-797f-4cdf-91ed-fca7a523eae5", "tcgplayerProductId": "38085"}, "isPromo": true, "isReprint": true, "isStarter": true, "keywords": ["Flashback"], "layout": "normal", "legalities": {"commander": "Legal", "duel": "Legal", "legacy": "Legal", "pauper": "Legal", "paupercommander": "Legal", "penny": "Legal", "premodern": "Legal", "vintage": "Legal"}, "manaCost": "{3}{U}", "manaValue": 4.0, "name": "Deep Analysis", "number": "2", "printings": ["C13", "C19", "DDH", "EMA", "F07", "MB1", "PRM", "PZ1", "TOR", "VMA", "WC02", "WC03"], "promoTypes": ["tourney", "fnm"], "purchaseUrls": {"tcgplayer": "https://mtgjson.com/links/c8c41f2690c7379f"}, "rarity": "rare", "rulings": [], "setCode": "F07", "subtypes": [], "supertypes": [], "text": "Target player draws two cards.\nFlashback—{1}{U}, Pay 3 life. (You may cast this card from your graveyard for its flashback cost. Then exile it.)", "type": "Sorcery", "types": ["Sorcery"], "uuid": "16ff853d-3170-5a43-9d81-9f2cc3456952", "watermark": "fnm"}, {"artist": "Carl Critchlow", "availability": ["paper"], "borderColor": "black", "colorIdentity": ["B", "W"], "colors": ["B", "W"], "convertedManaCost": 2.0, "edhrecRank": 14087, "finishes": ["foil"], "flavorText": "A heart of light and a soul of darkness cannot coexist.", "foreignData": [], "frameVersion": "2003", "hasFoil": true, "hasNonFoil": false, "identifiers": {"mcmId": "15857", "mtgjsonV4Id": "d96c1305-a859-53e9-80ba-9ad2067b8e32", "scryfallId": "ba298bc6-b096-4de9-98ea-1cefad46ee65", "scryfallIllustrationId": "8591f7ab-a229-41a4-9ddf-d1b10d626f50", "scryfallOracleId": "670b5dfb-ffdf-43ed-acc3-855006e352fc", "tcgplayerProductId": "38103"}, "isPromo": true, "isReprint": true, "isStarter": true, "layout": "normal", "legalities": {"commander": "Legal", "duel": "Legal", "legacy": "Legal", "premodern": "Legal", "vintage": "Legal"}, "manaCost": "{W}{B}", "manaValue": 2.0, "name": "Gerrard's Verdict", "number": "3", "printings": ["APC", "F07", "PRM"], "promoTypes": ["tourney", "fnm"], "purchaseUrls": {"tcgplayer": "https://mtgjson.com/links/9896a75e978fda5e"}, "rarity": "rare", "rulings": [], "setCode": "F07", "subtypes": [], "supertypes": [], "text": "Target player discards two cards. You gain 3 life for each land card discarded this way.", "type": "Sorcery", "types": ["Sorcery"], "uuid": "71575314-05be-54c3-9c03-11b7ac5a6a06", "watermark": "fnm"}, {"artist": "Heather Hudson", "availability": ["paper"], "borderColor": "black", "colorIdentity": ["G"], "colors": ["G"], "convertedManaCost": 1.0, "edhrecRank": 12679, "finishes": ["foil"], "foreignData": [], "frameVersion": "2003", "hasFoil": true, "hasNonFoil": false, "identifiers": {"mcmId": "15853", "mtgjsonV4Id": "e711bd5a-dc43-5e6c-b1ef-13e6cdb36565", "scryfallId": "b2af0acb-4c2a-4f89-b509-c16504e24362", "scryfallIllustrationId": "1fdcfa70-3d37-45e6-8d6f-bcdf4b9e90eb", "scryfallOracleId": "b2ec080f-ad5d-4274-91e3-bc6ac89fc3e4", "tcgplayerProductId": "38068"}, "isPromo": true, "isReprint": true, "isStarter": true, "keywords": ["Madness"], "layout": "normal", "legalities": {"commander": "Legal", "duel": "Legal", "legacy": "Legal", "pauper": "Legal", "paupercommander": "Legal", "penny": "Legal", "premodern": "Legal", "vintage": "Legal"}, "manaCost": "{G}", "manaValue": 1.0, "name": "Basking Rootwalla", "number": "4", "power": "1", "printings": ["DDD", "F07", "GVL", "MB1", "PRM", "TOR", "UMA", "VMA", "WC03"], "promoTypes": ["tourney", "fnm"], "purchaseUrls": {"tcgplayer": "https://mtgjson.com/links/cd5798ed75179da0"}, "rarity": "rare", "rulings": [{"date": "2006-02-01", "text": "If this card’s ability is activated by one player, then another player takes control of it on the same turn, the second player can’t activate its ability that turn."}], "setCode": "F07", "subtypes": ["Lizard"], "supertypes": [], "text": "{1}{G}: Basking Rootwalla gets +2/+2 until end of turn. Activate only once each turn.\nMadness {0} (If you discard this card, discard it into exile. When you do, cast it for its madness cost or put it into your graveyard.)", "toughness": "1", "type": "Creature — Lizard", "types": ["Creature"], "uuid": "2cb2b89f-a613-5098-98bd-359ba69d67c7", "watermark": "fnm"}, {"artist": "Rebecca Guay", "availability": ["paper"], "borderColor": "black", "colorIdentity": ["U"], "colors": ["U"], "convertedManaCost": 4.0, "edhrecRank": 1427, "finishes": ["foil"], "flavorText": "\"The awestruck birds gazed at Wonder. Slowly, timidly, they rose into the air.\"\n—*Scroll of Beginnings*", "foreignData": [], "frameEffects": ["tombstone"], "frameVersion": "2003", "hasFoil": true, "hasNonFoil": false, "identifiers": {"mcmId": "16554", "mtgjsonV4Id": "6d0481b2-909a-514a-adf7-ff7d07e3c7fd", "scryfallId": "505416b2-1581-4111-89ca-392c723b3222", "scryfallIllustrationId": "f9a876b7-7f66-4616-9106-e3d30b126974", "scryfallOracleId": "232284f7-c623-4895-9ab9-8b1a39926830", "tcgplayerProductId": "38180"}, "isPromo": true, "isReprint": true, "isStarter": true, "keywords": ["Flying"], "layout": "normal", "legalities": {"commander": "Legal", "duel": "Legal", "gladiator": "Legal", "historic": "Legal", "historicbrawl": "Legal", "legacy": "Legal", "modern": "Legal", "paupercommander": "Restricted", "penny": "Legal", "premodern": "Legal", "vintage": "Legal"}, "manaCost": "{3}{U}", "manaValue": 4.0, "name": "Wonder", "number": "5", "power": "2", "printings": ["C13", "CM2", "CMA", "CMD", "EMA", "F07", "J21", "JUD", "MH2", "PMH2", "PRM", "PZ1", "WC02", "WC03"], "promoTypes": ["tourney", "fnm"], "purchaseUrls": {"tcgplayer": "https://mtgjson.com/links/c24a5d8d1fe14540"}, "rarity": "rare", "rulings": [], "setCode": "F07", "subtypes": ["Incarnation"], "supertypes": [], "text": "Flying\nAs long as Wonder is in your graveyard and you control an Island, creatures you control have flying.", "toughness": "2", "type": "Creature — Incarnation", "types": ["Creature"], "uuid": "1cfaef7d-db06-5420-a58e-9539aa5c66d7", "watermark": "fnm"}, {"artist": "Mark Romanoski", "availability": ["paper"], "borderColor": "black", "colorIdentity": ["R", "W"], "colors": ["R", "W"], "convertedManaCost": 2.0, "edhrecRank": 17493, "finishes": ["foil"], "foreignData": [], "frameVersion": "2003", "hasFoil": true, "hasNonFoil": false, "identifiers": {"mcmId": "15858", "mtgjsonV4Id": "fb13fa4b-17ac-588b-9277-f32b13a47de7", "scryfallId": "e6205a5f-bf39-4a01-977c-6812206feccb", "scryfallIllustrationId": "b55f930b-8016-4460-b931-3b51742ef154", "scryfallOracleId": "582fdfbe-c5fe-45d0-b3ff-e66db5183725", "tcgplayerProductId": "38107"}, "isPromo": true, "isReprint": true, "isStarter": true, "layout": "normal", "legalities": {"commander": "Legal", "duel": "Legal", "legacy": "Legal", "pauper": "Legal", "paupercommander": "Legal", "premodern": "Legal", "vintage": "Legal"}, "manaCost": "{R}{W}", "manaValue": 2.0, "name": "Goblin Legionnaire", "number": "6", "power": "2", "printings": ["APC", "F07", "PRM"], "promoTypes": ["tourney", "fnm"], "purchaseUrls": {"tcgplayer": "https://mtgjson.com/links/c03604e7836bd887"}, "rarity": "rare", "rulings": [], "setCode": "F07", "subtypes": ["Goblin", "Soldier"], "supertypes": [], "text": "{R}, Sacrifice Goblin Legionnaire: It deals 2 damage to any target.\n{W}, Sacrifice Goblin Legionnaire: Prevent the next 2 damage that would be dealt to any target this turn.", "toughness": "2", "type": "Creature — Goblin Soldier", "types": ["Creature"], "uuid": "a37017df-8885-5aca-91fe-bb8576143c83", "watermark": "fnm"}, {"artist": "Michael Sutfin", "availability": ["paper"], "borderColor": "black", "colorIdentity": ["B"], "colors": ["B"], "convertedManaCost": 3.0, "edhrecRank": 9724, "finishes": ["foil"], "flavorText": "\"The admixture of bitterwort in the viral brew has produced most favorable results.\"\n—Phyrexian progress notes", "foreignData": [], "frameVersion": "2003", "hasFoil": true, "hasNonFoil": false, "identifiers": {"mcmId": "16555", "mtgjsonV4Id": "0df9b508-0f59-56d6-a28b-b64bc4afe202", "scryfallId": "f98d047d-889d-4c03-99cc-81be5183fc38", "scryfallIllustrationId": "520105bc-e9b4-414a-bcf1-93517a8df098", "scryfallOracleId": "dc8210b4-8e17-4156-994b-e95e215e3e34", "tcgplayerProductId": "38094"}, "isPromo": true, "isReprint": true, "isStarter": true, "layout": "normal", "legalities": {"commander": "Legal", "duel": "Legal", "legacy": "Legal", "premodern": "Legal", "vintage": "Legal"}, "manaCost": "{2}{B}", "manaValue": 3.0, "name": "Engineered Plague", "number": "7", "printings": ["7ED", "F07", "PRM", "ULG", "WC01"], "promoTypes": ["tourney", "fnm"], "purchaseUrls": {"tcgplayer": "https://mtgjson.com/links/cafe7f97dd6c5e24"}, "rarity": "rare", "rulings": [], "setCode": "F07", "subtypes": [], "supertypes": [], "text": "As Engineered Plague enters the battlefield, choose a creature type.\nAll creatures of the chosen type get -1/-1.", "type": "Enchantment", "types": ["Enchantment"], "uuid": "adaa6ffd-1943-50cf-a58c-fc0810881491", "watermark": "fnm"}, {"artist": "Mark Romanoski", "availability": ["paper"], "borderColor": "black", "colorIdentity": ["R"], "colors": ["R"], "convertedManaCost": 4.0, "edhrecRank": 2715, "finishes": ["foil"], "foreignData": [], "frameVersion": "2003", "hasFoil": true, "hasNonFoil": false, "identifiers": {"mcmId": "16949", "mtgjsonV4Id": "68ed09c5-4af6-556c-8e58-6db4e50178f3", "scryfallId": "e4c4dfab-a816-4483-8627-714f9821647a", "scryfallIllustrationId": "cc295bc5-e37c-4ab1-9804-1a3ea6dd6b3d", "scryfallOracleId": "4100e486-0d27-436c-8429-76bc2c1a26ab", "tcgplayerProductId": "38108"}, "isPromo": true, "isReprint": true, "isStarter": true, "keywords": ["Haste"], "layout": "normal", "legalities": {"commander": "Legal", "duel": "Legal", "gladiator": "Legal", "historic": "Legal", "historicbrawl": "Legal", "legacy": "Legal", "modern": "Legal", "paupercommander": "Restricted", "penny": "Legal", "pioneer": "Legal", "premodern": "Legal", "vintage": "Legal"}, "manaCost": "{3}{R}", "manaValue": 4.0, "name": "Goblin Ringleader", "number": "8", "power": "2", "printings": ["APC", "DD1", "DDT", "EVG", "F07", "M20", "PRM", "VMA"], "promoTypes": ["tourney", "fnm"], "purchaseUrls": {"tcgplayer": "https://mtgjson.com/links/ab84c9776fb3ba7d"}, "rarity": "rare", "rulings": [{"date": "2019-07-12", "text": "If an effect refers to a “[subtype] spell” or “[subtype] card,” it refers only to a spell or card that has that subtype. For example, Goblin Gathering is a card that creates Goblins and features Goblins in its illustration, but it isn’t a Goblin card."}], "setCode": "F07", "subtypes": ["Goblin"], "supertypes": [], "text": "Haste (This creature can attack and {T} as soon as it comes under your control.)\nWhen Goblin Ringleader enters the battlefield, reveal the top four cards of your library. Put all Goblin cards revealed this way into your hand and the rest on the bottom of your library in any order.", "toughness": "2", "type": "Creature — Goblin", "types": ["Creature"], "uuid": "8ed851f6-2a0d-5ec2-894b-b4f1d94c9d67", "watermark": "fnm"}, {"artist": "Daren Bader", "availability": ["paper"], "borderColor": "black", "colorIdentity": ["W"], "colors": ["W"], "convertedManaCost": 3.0, "edhrecRank": 6442, "finishes": ["foil"], "foreignData": [], "frameVersion": "2003", "hasFoil": true, "hasNonFoil": false, "identifiers": {"mcmId": "17617", "mtgjsonV4Id": "c48874bd-166b-5deb-9165-6d86a7af433e", "scryfallId": "2541fbe3-162e-44d6-a9a4-812e668559c7", "scryfallIllustrationId": "ca205c88-f8ef-49f7-be82-a4db536129bb", "scryfallOracleId": "b302bce5-d7ad-46d8-9dbf-8159e8709b4f", "tcgplayerProductId": "38178"}, "isPromo": true, "isReprint": true, "isStarter": true, "keywords": ["Storm"], "layout": "normal", "legalities": {"commander": "Legal", "duel": "Legal", "legacy": "Legal", "modern": "Legal", "penny": "Legal", "premodern": "Legal", "vintage": "Legal"}, "manaCost": "{1}{W}{W}", "manaValue": 3.0, "name": "Wing Shards", "number": "9", "printings": ["C14", "C17", "F07", "IMA", "MB1", "MH1", "PRM", "SCG", "WC03", "WC04"], "promoTypes": ["tourney", "fnm"], "purchaseUrls": {"tcgplayer": "https://mtgjson.com/links/75f0d88223c3985a"}, "rarity": "rare", "rulings": [{"date": "2019-06-14", "text": "If you cast Wing Shards after combat damage has been dealt, only creatures that survived combat can be sacrificed."}, {"date": "2019-06-14", "text": "An “attacking creature” is one that has been declared as an attacker or put onto the battlefield attacking during a turn’s combat. Unless that creature leaves combat, it continues to be an attacking creature through the end of combat step, even if the player it was attacking has left the game or the planeswalker it was attacking has left combat."}, {"date": "2019-06-14", "text": "Wing Shards doesn’t target the creature to be sacrificed. The target player chooses the creature as it resolves."}, {"date": "2019-06-14", "text": "The copies storm creates are created on the stack, so they’re not cast. Abilities that trigger when a player casts a spell (such as storm) won’t trigger."}, {"date": "2019-06-14", "text": "Storm counts spells cast before the spell with storm was cast. Spells cast after the spell with storm was cast but before the storm ability resolves aren’t counted."}, {"date": "2019-06-14", "text": "The storm ability and the copies it creates all resolve before the spell with storm. They resolve even if the spell with storm is countered."}], "setCode": "F07", "subtypes": [], "supertypes": [], "text": "Target player sacrifices an attacking creature.\nStorm (When you cast this spell, copy it for each spell cast before it this turn. You may choose new targets for the copies.)", "type": "Instant", "types": ["Instant"], "uuid": "fb2ec505-aec1-5839-afb5-fbfb65ecc49a", "watermark": "fnm"}, {"artist": "Don Hazeltine", "availability": ["paper"], "borderColor": "black", "colorIdentity": ["B"], "colors": [], "convertedManaCost": 0.0, "edhrecRank": 182, "finishes": ["foil"], "flavorText": "Deep within the Cabal's vault, the Mirari pulsed like a dead sun-and its darkness radiated across Otaria.", "foreignData": [], "frameVersion": "2003", "hasFoil": true, "hasNonFoil": false, "identifiers": {"mcmId": "18111", "mtgjsonV4Id": "5071adf6-e4e4-530f-a1b2-e6c2017b2d83", "scryfallId": "1aaa1062-fbdc-4de3-a572-08d997603c7e", "scryfallIllustrationId": "74967497-96f9-4edf-aa08-f4e100164df0", "scryfallOracleId": "7358e164-5704-4e78-9b21-6a9bf2a968ce", "tcgplayerProductId": "38075"}, "isPromo": true, "isReprint": true, "isStarter": true, "layout": "normal", "legalities": {"commander": "Legal", "duel": "Legal", "legacy": "Legal", "modern": "Legal", "premodern": "Legal", "vintage": "Legal"}, "manaValue": 0.0, "name": "Cabal Coffers", "number": "10", "printings": ["F07", "HOP", "MH2", "PMH2", "PRM", "TOR"], "promoTypes": ["tourney", "fnm"], "purchaseUrls": {"tcgplayer": "https://mtgjson.com/links/003983387ea63a0c"}, "rarity": "rare", "rulings": [{"date": "2021-06-18", "text": "The mana ability of Cabal Coffers counts each land you control with the subtype Swamp, not just ones named Swamp."}], "setCode": "F07", "subtypes": [], "supertypes": [], "text": "{2}, {T}: Add {B} for each Swamp you control.", "type": "Land", "types": ["Land"], "uuid": "601ae15b-f7b8-5a06-b0e1-6f769d42944b", "watermark": "fnm"}, {"artist": "Kev Walker", "availability": ["paper"], "borderColor": "black", "colorIdentity": ["G"], "colors": ["G"], "convertedManaCost": 7.0, "edhrecRank": 11550, "finishes": ["foil"], "foreignData": [], "frameEffects": ["tombstone"], "frameVersion": "2003", "hasFoil": true, "hasNonFoil": false, "identifiers": {"mcmId": "18757", "mtgjsonV4Id": "5d4663ee-28ea-5706-8166-3dc770002eb4", "scryfallId": "045b134c-ede0-4188-89bc-f021442ae947", "scryfallIllustrationId": "805dc656-b4bf-4b6e-80b5-af8597694334", "scryfallOracleId": "b8b9e6fd-b3ed-4fbc-8753-74018fa33caa", "tcgplayerProductId": "38149"}, "isPromo": true, "isReprint": true, "isStarter": true, "keywords": ["Flashback"], "layout": "normal", "legalities": {"commander": "Legal", "duel": "Legal", "gladiator": "Legal", "historic": "Legal", "historicbrawl": "Legal", "legacy": "Legal", "penny": "Legal", "premodern": "Legal", "vintage": "Legal"}, "manaCost": "{6}{G}", "manaValue": 7.0, "name": "Roar of the Wurm", "number": "11", "printings": ["DDS", "EMA", "F07", "HA3", "MB1", "ODY", "PRM", "VMA", "WC02", "WC03"], "promoTypes": ["tourney", "fnm"], "purchaseUrls": {"tcgplayer": "https://mtgjson.com/links/576757543eb3cd85"}, "rarity": "rare", "rulings": [], "setCode": "F07", "subtypes": [], "supertypes": [], "text": "Create a 6/6 green Wurm creature token.\nFlashback {3}{G} (You may cast this card from your graveyard for its flashback cost. Then exile it.)", "type": "Sorcery", "types": ["Sorcery"], "uuid": "b97ead70-4769-53bd-bfaa-2f2560f5388c", "watermark": "fnm"}, {"artist": "Bryon Wackwitz", "availability": ["paper"], "borderColor": "black", "colorIdentity": ["U"], "colors": ["U"], "convertedManaCost": 1.0, "edhrecRank": 7017, "finishes": ["foil"], "foreignData": [], "frameVersion": "2003", "hasFoil": true, "hasNonFoil": false, "identifiers": {"mcmId": "18758", "mtgjsonV4Id": "85ead727-5468-5194-a127-d593122019bd", "scryfallId": "96e498da-09cf-4590-9d99-26cd2d91662e", "scryfallIllustrationId": "010badf5-c395-42d2-a275-b0716ba4f64b", "scryfallOracleId": "896ea218-3019-47e4-b0a0-2487335872bb", "tcgplayerProductId": "37981"}, "isPromo": true, "isReprint": true, "isStarter": true, "layout": "normal", "legalities": {"commander": "Legal", "duel": "Legal", "legacy": "Legal", "pauper": "Legal", "paupercommander": "Legal", "premodern": "Legal", "vintage": "Legal"}, "manaCost": "{U}", "manaValue": 1.0, "name": "Force Spike", "number": "12", "printings": ["5ED", "7ED", "DDJ", "F07", "J21", "LEG", "ME3", "PRM", "WC98"], "promoTypes": ["tourney", "fnm"], "purchaseUrls": {"tcgplayer": "https://mtgjson.com/links/23b0ea64e690cb41"}, "rarity": "rare", "rulings": [{"date": "2004-10-04", "text": "The payment is optional."}], "setCode": "F07", "subtypes": [], "supertypes": [], "text": "Counter target spell unless its controller pays {1}.", "type": "Instant", "types": ["Instant"], "uuid": "cad98fc8-a5e4-5705-b21a-6e46ca571119", "watermark": "fnm"}], "code": "F07", "isFoilOnly": true, "isOnlineOnly": false, "keyruneCode": "PARL", "name": "Friday Night Magic 2007", "releaseDate": "2007-01-01", "tokens": [], "totalSetSize": 12, "translations": {}, "type": "promo"}
