{"cards": [{"artist": "Darrell Riche", "availability": ["paper"], "borderColor": "black", "colorIdentity": ["R"], "colors": ["R"], "convertedManaCost": 2.0, "edhrecRank": 7220, "finishes": ["foil"], "foreignData": [], "frameVersion": "2003", "hasFoil": true, "hasNonFoil": false, "identifiers": {"mcmId": "20792", "mtgjsonV4Id": "0cbf9aba-5c24-5db5-9d4a-ffb1616de672", "scryfallId": "be7552ac-4546-492d-8d11-d6678a04b9c3", "scryfallIllustrationId": "bbee9af2-3025-4a21-894e-26e64719a718", "scryfallOracleId": "2f292253-64d3-4cf2-881f-a3eea4fda388", "tcgplayerProductId": "38127"}, "isPromo": true, "isReprint": true, "isStarter": true, "keywords": ["Scry"], "layout": "normal", "legalities": {"commander": "Legal", "duel": "Legal", "gladiator": "Legal", "historic": "Legal", "historicbrawl": "Legal", "legacy": "Legal", "modern": "Legal", "pauper": "Legal", "paupercommander": "Legal", "penny": "Legal", "pioneer": "Legal", "vintage": "Legal"}, "manaCost": "{1}{R}", "manaValue": 2.0, "name": "Magma Jet", "number": "1", "printings": ["5DN", "DD2", "DDL", "F09", "JMP", "JVC", "MM3", "PRM", "TD0", "THS"], "promoTypes": ["tourney", "fnm"], "purchaseUrls": {"tcgplayer": "https://mtgjson.com/links/104f29f24f7d2ebf"}, "rarity": "rare", "rulings": [{"date": "2013-09-15", "text": "When you scry, you may put all the cards you look at back on top of your library, you may put all of those cards on the bottom of your library, or you may put some of those cards on top and the rest of them on the bottom."}, {"date": "2013-09-15", "text": "You choose how to order cards returned to your library after scrying no matter where you put them."}, {"date": "2013-09-15", "text": "You perform the actions stated on a card in sequence. For some spells and abilities, that means you’ll scry last. For others, that means you’ll scry and then perform other actions."}, {"date": "2013-09-15", "text": "Scry appears on some spells and abilities with one or more targets. If all of the spell or ability’s targets are illegal when it tries to resolve, it won’t resolve and none of its effects will happen. You won’t scry."}], "setCode": "F09", "subtypes": [], "supertypes": [], "text": "Magma Jet deals 2 damage to any target. Scry 2.", "type": "Instant", "types": ["Instant"], "uuid": "3a81d140-448a-56af-83f1-dd303cde42fa", "watermark": "fnm"}, {"artist": "Jim Murray", "availability": ["paper"], "borderColor": "black", "colorIdentity": [], "colors": [], "convertedManaCost": 7.0, "edhrecRank": 7004, "finishes": ["foil"], "flavorText": "Most myr monitor other species. Some myr monitor other myr.", "foreignData": [], "frameVersion": "2003", "hasFoil": true, "hasNonFoil": false, "identifiers": {"mcmId": "20793", "mtgjsonV4Id": "15d7ccc6-08c6-5f3b-99b3-6c6c59aa1602", "scryfallId": "bd437677-8b07-4fa2-8691-fc65684f0efc", "scryfallIllustrationId": "d13db691-08a1-4dc3-b6f9-90cd765215df", "scryfallOracleId": "2d8e1054-654f-42e8-8c29-12c3cf13a3eb", "tcgplayerProductId": "38134"}, "isPromo": true, "isReprint": true, "isStarter": true, "keywords": ["Affinity"], "layout": "normal", "legalities": {"commander": "Legal", "duel": "Legal", "gladiator": "Legal", "historic": "Legal", "historicbrawl": "Legal", "legacy": "Legal", "modern": "Legal", "pauper": "Legal", "paupercommander": "Legal", "vintage": "Legal"}, "manaCost": "{7}", "manaValue": 7.0, "name": "Myr Enforcer", "number": "2", "power": "4", "printings": ["F09", "HOP", "J21", "MM2", "MMA", "MRD", "PRM"], "promoTypes": ["tourney", "fnm"], "purchaseUrls": {"tcgplayer": "https://mtgjson.com/links/97d5837439bfc856"}, "rarity": "rare", "rulings": [], "setCode": "F09", "subtypes": ["Myr"], "supertypes": [], "text": "Affinity for artifacts (This spell costs {1} less to cast for each artifact you control.)", "toughness": "4", "type": "Artifact Creature — Myr", "types": ["Artifact", "Creature"], "uuid": "6aaa5681-9d20-551e-9176-0ed668112676", "watermark": "fnm"}, {"artist": "Larry MacDougall", "availability": ["paper"], "borderColor": "black", "colorIdentity": ["G", "W"], "colors": ["G", "W"], "convertedManaCost": 3.0, "edhrecRank": 4697, "finishes": ["foil"], "foreignData": [], "frameVersion": "2003", "hasFoil": true, "hasNonFoil": false, "identifiers": {"mcmId": "20794", "mtgjsonV4Id": "d68bcb17-5235-59c4-8cd9-09f2f2c3a942", "scryfallId": "4c14ca74-fc08-46ea-926f-82d987f6798e", "scryfallIllustrationId": "fe9cd45b-0daf-4e32-87b2-024d1cea38bd", "scryfallOracleId": "5470dcfa-4eff-43da-abf7-19922841f719", "tcgplayerProductId": "38117"}, "isPromo": true, "isReprint": true, "isStarter": true, "keywords": ["Persist"], "layout": "normal", "legalities": {"commander": "Legal", "duel": "Legal", "legacy": "Legal", "modern": "Legal", "paupercommander": "Restricted", "vintage": "Legal"}, "manaCost": "{1}{G/W}{G/W}", "manaValue": 3.0, "name": "Kitchen Finks", "number": "3", "power": "3", "printings": ["F09", "MMA", "PRM", "PUMA", "SHM", "UMA"], "promoTypes": ["tourney", "fnm"], "purchaseUrls": {"tcgplayer": "https://mtgjson.com/links/28d016fd0f46b51b"}, "rarity": "rare", "rulings": [{"date": "2013-06-07", "text": "If a creature with persist stops being a creature, persist will still work."}, {"date": "2013-06-07", "text": "The persist ability triggers when the permanent is put into a graveyard. Its last known information (that is, how the creature last existed on the battlefield) is used to determine whether it had a -1/-1 counter on it."}, {"date": "2013-06-07", "text": "If a permanent has multiple instances of persist, they’ll each trigger separately, but the redundant instances will have no effect. If one instance returns the card to the battlefield, the next to resolve will do nothing."}, {"date": "2013-06-07", "text": "If a token with no -1/-1 counters on it has persist, the ability will trigger when the token is put into the graveyard. However, the token will cease to exist and can’t return to the battlefield."}, {"date": "2013-06-07", "text": "When a permanent with persist returns to the battlefield, it’s a new object with no memory of or connection to its previous existence."}, {"date": "2013-06-07", "text": "If multiple creatures with persist are put into the graveyard at the same time (due to combat damage or a spell that destroys all creatures, for example), the active player (the player whose turn it is) puts all of their persist triggers on the stack in any order, then each other player in turn order does the same. The last trigger put on the stack is the first one that resolves. That means that in a two-player game, the nonactive player’s persist creatures will return to the battlefield first, then the active player’s persist creatures do the same. The creatures return to the battlefield one at a time."}, {"date": "2013-06-07", "text": "If a creature with persist that has +1/+1 counters on it receives enough -1/-1 counters to cause it to be destroyed by lethal damage or put into its owner’s graveyard for having 0 or less toughness, persist won’t trigger and the card won’t return to the battlefield. That’s because persist checks the creature’s existence just before it leaves the battlefield, and it still has all those counters on it at that point."}], "setCode": "F09", "subtypes": ["Ouphe"], "supertypes": [], "text": "When Kitchen Finks enters the battlefield, you gain 2 life.\nPersist (When this creature dies, if it had no -1/-1 counters on it, return it to the battlefield under its owner's control with a -1/-1 counter on it.)", "toughness": "2", "type": "Creature — Ouphe", "types": ["Creature"], "uuid": "bb3d08ce-a917-5982-90a5-4e90579443f1", "watermark": "fnm"}, {"artist": "Thomas M. Baxa", "availability": ["paper"], "borderColor": "black", "colorIdentity": ["U"], "colors": ["U"], "convertedManaCost": 3.0, "edhrecRank": 3923, "finishes": ["foil"], "flavorText": "Steady and silent as the deep current, the reejerey guides the course of the school.", "foreignData": [], "frameVersion": "2003", "hasFoil": true, "hasNonFoil": false, "identifiers": {"mcmId": "20795", "mtgjsonV4Id": "691fefb2-9ad8-5add-bc97-05328ba5a8b6", "scryfallId": "31665dc9-d0af-4c63-b170-039f1afbdee3", "scryfallIllustrationId": "17704120-7de8-4e17-97b3-dd6ddcc6b720", "scryfallOracleId": "6b7e6ae4-2ee1-44bf-ac93-79fc87494515", "tcgplayerProductId": "38128"}, "isPromo": true, "isReprint": true, "isStarter": true, "layout": "normal", "legalities": {"commander": "Legal", "duel": "Legal", "gladiator": "Legal", "historic": "Legal", "historicbrawl": "Legal", "legacy": "Legal", "modern": "Legal", "paupercommander": "Restricted", "vintage": "Legal"}, "manaCost": "{2}{U}", "manaValue": 3.0, "name": "Merrow Reejerey", "number": "4", "power": "2", "printings": ["DDT", "F09", "HA2", "LRW", "PRM"], "promoTypes": ["tourney", "fnm"], "purchaseUrls": {"tcgplayer": "https://mtgjson.com/links/7b5de93c2fd648c7"}, "rarity": "rare", "rulings": [], "setCode": "F09", "subtypes": ["Merfolk", "Soldier"], "supertypes": [], "text": "Other Merfolk creatures you control get +1/+1.\nWhenever you cast a Merfolk spell, you may tap or untap target permanent.", "toughness": "2", "type": "Creature — Merfolk Soldier", "types": ["Creature"], "uuid": "a9d7eec8-e55f-5d35-b287-817845200364", "watermark": "fnm"}, {"artist": "Jesper Ejsing", "availability": ["paper"], "borderColor": "black", "colorIdentity": ["G"], "colors": ["G"], "convertedManaCost": 2.0, "edhrecRank": 10552, "finishes": ["foil"], "foreignData": [], "frameVersion": "2003", "hasFoil": true, "hasNonFoil": false, "identifiers": {"mcmId": "20796", "mtgjsonV4Id": "f17e7d56-d447-525f-9832-4cad06d1a7ea", "scryfallId": "4ac85851-7330-4829-9e75-240f3bae6ca9", "scryfallIllustrationId": "85f6d035-0d99-451b-a7b2-362c8d3b2f5d", "scryfallOracleId": "fe9cdd15-a390-4a1e-bae9-474ce8d355b8", "tcgplayerProductId": "38181"}, "isPromo": true, "isReprint": true, "isStarter": true, "keywords": ["Deathtouch"], "layout": "normal", "legalities": {"commander": "Legal", "duel": "Legal", "gladiator": "Legal", "historic": "Legal", "historicbrawl": "Legal", "legacy": "Legal", "modern": "Legal", "paupercommander": "Restricted", "penny": "Legal", "vintage": "Legal"}, "manaCost": "{1}{G}", "manaValue": 2.0, "name": "Wren's Run Vanquisher", "number": "5", "power": "3", "printings": ["DD1", "EVG", "F09", "JMP", "LRW", "MB1", "PRM"], "promoTypes": ["tourney", "fnm"], "purchaseUrls": {"tcgplayer": "https://mtgjson.com/links/f18fbfc434084679"}, "rarity": "rare", "rulings": [], "setCode": "F09", "subtypes": ["Elf", "Warrior"], "supertypes": [], "text": "As an additional cost to cast this spell, reveal an Elf card from your hand or pay {3}.\nDeathtouch (Any amount of damage this deals to a creature is enough to destroy it.)", "toughness": "3", "type": "Creature — Elf Warrior", "types": ["Creature"], "uuid": "b6c8654e-cb2d-5d68-83a2-221c211bf231", "watermark": "fnm"}, {"artist": "Wayne England", "availability": ["paper"], "borderColor": "black", "colorIdentity": ["U"], "colors": ["U"], "convertedManaCost": 5.0, "edhrecRank": 204, "finishes": ["foil"], "foreignData": [], "frameVersion": "2003", "hasFoil": true, "hasNonFoil": false, "identifiers": {"mcmId": "21040", "mtgjsonV4Id": "2303ef27-7b99-535f-b7d2-62a1a721ce0f", "scryfallId": "48cbc1ad-23ad-4666-b178-060ee602fc6d", "scryfallIllustrationId": "2f724f8c-34df-4d4c-9896-2d666c8dec2e", "scryfallOracleId": "24d0f5e7-0d9e-4b76-900e-a7274e80312d", "tcgplayerProductId": "38132"}, "isPromo": true, "isReprint": true, "isStarter": true, "keywords": ["Evoke", "Flying"], "layout": "normal", "legalities": {"commander": "Legal", "duel": "Legal", "gladiator": "Legal", "historic": "Legal", "historicbrawl": "Legal", "legacy": "Legal", "modern": "Legal", "pauper": "Legal", "paupercommander": "Legal", "penny": "Legal", "vintage": "Legal"}, "manaCost": "{4}{U}", "manaValue": 5.0, "name": "Mulldrifter", "number": "6", "power": "2", "printings": ["AFC", "C14", "C15", "C18", "C20", "CM2", "CMD", "CMR", "DD2", "F09", "J21", "JVC", "KHC", "LRW", "MB1", "MM2", "MMA", "PRM", "TD0", "TSR"], "promoTypes": ["tourney", "fnm"], "purchaseUrls": {"tcgplayer": "https://mtgjson.com/links/9dd73b449eebef48"}, "rarity": "rare", "rulings": [{"date": "2021-03-19", "text": "To determine the total cost of a spell, start with the mana cost or alternative cost you’re paying (such as an evoke cost), add any cost increases, then apply any cost reductions. The mana value of the spell is determined by only its mana cost, no matter what the total cost to cast that spell was."}, {"date": "2021-03-19", "text": "If you pay the evoke cost, you can have Mulldrifter’s own triggered ability resolve before the evoke triggered ability. You can cast spells after that ability resolves but before you have to sacrifice Mulldrifter."}], "setCode": "F09", "subtypes": ["Elemental"], "supertypes": [], "text": "Flying\nWhen Mulldrifter enters the battlefield, draw two cards.\nEvoke {2}{U} (You may cast this spell for its evoke cost. If you do, it's sacrificed when it enters the battlefield.)", "toughness": "2", "type": "Creature — Elemental", "types": ["Creature"], "uuid": "827dba1d-73d2-5d54-9dda-53bddb7fe494", "watermark": "fnm"}, {"artist": "Mark Hyzer", "availability": ["paper"], "borderColor": "black", "colorIdentity": ["B", "R"], "colors": ["B", "R"], "convertedManaCost": 4.0, "edhrecRank": 2575, "finishes": ["foil"], "foreignData": [], "frameVersion": "2003", "hasFoil": true, "hasNonFoil": false, "identifiers": {"mcmId": "21041", "mtgjsonV4Id": "8328c17d-d3f3-536e-8782-07a01f92abfc", "scryfallId": "50b28eca-631b-4421-a72b-d66f89729f78", "scryfallIllustrationId": "83de5ff3-a1f9-4649-a2d8-93065a69dbce", "scryfallOracleId": "a498bc70-36e7-4454-bc44-906893df38b8", "tcgplayerProductId": "38133"}, "isPromo": true, "isReprint": true, "isStarter": true, "keywords": ["Persist"], "layout": "normal", "legalities": {"commander": "Legal", "duel": "Legal", "legacy": "Legal", "modern": "Legal", "paupercommander": "Restricted", "penny": "Legal", "vintage": "Legal"}, "manaCost": "{2}{B/R}{B/R}", "manaValue": 4.0, "name": "Murderous Redcap", "number": "7", "power": "2", "printings": ["F09", "MMA", "PLIST", "PRM", "SHM", "UMA"], "promoTypes": ["tourney", "fnm"], "purchaseUrls": {"tcgplayer": "https://mtgjson.com/links/59f58a24f6b52dbe"}, "rarity": "rare", "rulings": [{"date": "2008-05-01", "text": "Murderous Redcap’s power is checked at the time the ability resolves. If it’s left the battlefield by then, its last known information is used."}, {"date": "2013-06-07", "text": "If a creature with persist that has +1/+1 counters on it receives enough -1/-1 counters to cause it to be destroyed by lethal damage or put into its owner’s graveyard for having 0 or less toughness, persist won’t trigger and the card won’t return to the battlefield. That’s because persist checks the creature’s existence just before it leaves the battlefield, and it still has all those counters on it at that point."}, {"date": "2013-06-07", "text": "If a creature with persist stops being a creature, persist will still work."}, {"date": "2013-06-07", "text": "The persist ability triggers when the permanent is put into a graveyard. Its last known information (that is, how the creature last existed on the battlefield) is used to determine whether it had a -1/-1 counter on it."}, {"date": "2013-06-07", "text": "If a permanent has multiple instances of persist, they’ll each trigger separately, but the redundant instances will have no effect. If one instance returns the card to the battlefield, the next to resolve will do nothing."}, {"date": "2013-06-07", "text": "If a token with no -1/-1 counters on it has persist, the ability will trigger when the token is put into the graveyard. However, the token will cease to exist and can’t return to the battlefield."}, {"date": "2013-06-07", "text": "When a permanent with persist returns to the battlefield, it’s a new object with no memory of or connection to its previous existence."}, {"date": "2013-06-07", "text": "If multiple creatures with persist are put into the graveyard at the same time (due to combat damage or a spell that destroys all creatures, for example), the active player (the player whose turn it is) puts all of their persist triggers on the stack in any order, then each other player in turn order does the same. The last trigger put on the stack is the first one that resolves. That means that in a two-player game, the nonactive player’s persist creatures will return to the battlefield first, then the active player’s persist creatures do the same. The creatures return to the battlefield one at a time."}], "setCode": "F09", "subtypes": ["Goblin", "Assassin"], "supertypes": [], "text": "When Murderous Redcap enters the battlefield, it deals damage equal to its power to any target.\nPersist (When this creature dies, if it had no -1/-1 counters on it, return it to the battlefield under its owner's control with a -1/-1 counter on it.)", "toughness": "2", "type": "Creature — Goblin Assassin", "types": ["Creature"], "uuid": "4f6aed2b-6895-5cc4-8b9c-0554cb08d0ae", "watermark": "fnm"}, {"artist": "Michael Komarck", "availability": ["paper"], "borderColor": "black", "colorIdentity": [], "colors": [], "convertedManaCost": 2.0, "edhrecRank": 11, "finishes": ["foil"], "flavorText": "After lightning struck the cliffs, the ore became iron, the iron became steel, and the steel became greaves. The lightning never left.", "foreignData": [], "frameVersion": "2003", "hasFoil": true, "hasNonFoil": false, "identifiers": {"mcmId": "21792", "mtgjsonV4Id": "df6eac0f-e8a7-5189-9bd2-65743029fdd6", "scryfallId": "342408be-4280-4c91-b431-ffa02d317aff", "scryfallIllustrationId": "a113cea0-8cfd-418a-8a68-29843a69d47a", "scryfallOracleId": "ca204b66-8d0c-431a-8d34-282f7c2d17da", "tcgplayerProductId": "38122"}, "isPromo": true, "isReprint": true, "isStarter": true, "keywords": ["Equip"], "layout": "normal", "legalities": {"commander": "Legal", "duel": "Legal", "legacy": "Legal", "modern": "Legal", "vintage": "Legal"}, "manaCost": "{2}", "manaValue": 2.0, "name": "Lightning Greaves", "number": "8", "printings": ["2XM", "AFC", "ARC", "C15", "C16", "C17", "C19", "C20", "CM2", "CMA", "CMD", "DDE", "F09", "MB1", "MPS", "MRD", "PRM", "PSAL", "PZ1", "SLD", "TD0"], "promoTypes": ["tourney", "fnm"], "purchaseUrls": {"tcgplayer": "https://mtgjson.com/links/a61829e35cb480ae"}, "rarity": "rare", "rulings": [{"date": "2020-08-07", "text": "You can’t simply unequip Equipment from a creature. If Lightning Greaves is attached to the only creature you control, you won’t be able to attach other equipment to it (or target it with anything else) until you have another creature onto which you can move Lightning Greaves."}, {"date": "2020-08-07", "text": "If a creature enters the battlefield under your control and gains haste, but then loses it before attacking, it won’t be able to attack that turn. This means that you can’t use one Lightning Greaves to allow two new creatures to attack in the same turn."}], "setCode": "F09", "subtypes": ["Equipment"], "supertypes": [], "text": "Equipped creature has haste and shroud. (It can't be the target of spells or abilities.)\nEquip {0}", "type": "Artifact — Equipment", "types": ["Artifact"], "uuid": "3d656438-033f-5dec-9c8c-0c6c34aea6d8", "watermark": "fnm"}, {"artist": "Dave Kendall", "availability": ["paper"], "borderColor": "black", "colorIdentity": ["G", "W"], "colors": ["G", "W"], "convertedManaCost": 2.0, "edhrecRank": 9201, "finishes": ["foil"], "flavorText": "Only in Ravnica do the wolves watch the flock.", "foreignData": [], "frameVersion": "2003", "hasFoil": true, "hasNonFoil": false, "identifiers": {"mcmId": "21793", "mtgjsonV4Id": "b446aa35-b257-5e53-a959-13a2f67a2bd4", "scryfallId": "8a4b5585-78c2-45e7-a6d4-d0203117a163", "scryfallIllustrationId": "dbdb30fe-f4dc-4934-b5f4-36f7be67b5fc", "scryfallOracleId": "a35c2e20-eb90-4132-b65f-be1fcb569819", "tcgplayerProductId": "38173"}, "isPromo": true, "isReprint": true, "isStarter": true, "layout": "normal", "legalities": {"commander": "Legal", "duel": "Legal", "legacy": "Legal", "modern": "Legal", "paupercommander": "Restricted", "penny": "Legal", "vintage": "Legal"}, "manaCost": "{G}{W}", "manaValue": 2.0, "name": "Watchwolf", "number": "9", "power": "3", "printings": ["A25", "ARC", "F09", "GK1", "PRM", "RAV"], "promoTypes": ["tourney", "fnm"], "purchaseUrls": {"tcgplayer": "https://mtgjson.com/links/6c1fc8d8490bb5b8"}, "rarity": "rare", "rulings": [], "setCode": "F09", "subtypes": ["Wolf"], "supertypes": [], "toughness": "3", "type": "Creature — Wolf", "types": ["Creature"], "uuid": "fda19e48-b5b1-5b2a-8f81-a4a2336a5b3e", "watermark": "fnm"}, {"artist": "Kieran Yanner", "availability": ["paper"], "borderColor": "black", "colorIdentity": ["R"], "colors": ["R"], "convertedManaCost": 3.0, "edhrecRank": 4340, "finishes": ["foil"], "flavorText": "\"Even the threat of power has power.\"\n—Jeska, warrior adept", "foreignData": [], "frameVersion": "2003", "hasFoil": true, "hasNonFoil": false, "identifiers": {"mcmId": "21977", "mtgjsonV4Id": "63f849bd-59f4-5652-8050-218f5347d607", "scryfallId": "1170ee2d-ab25-4c7f-a910-cc01471a2cab", "scryfallIllustrationId": "71d5f0b2-67a9-4467-a3a9-44446fdf54b6", "scryfallOracleId": "11cd0c42-4148-4d82-9172-b1a1967fe319", "tcgplayerProductId": "38074"}, "isPromo": true, "isReprint": true, "isStarter": true, "layout": "normal", "legalities": {"commander": "Legal", "duel": "Legal", "legacy": "Legal", "modern": "Legal", "penny": "Legal", "premodern": "Legal", "vintage": "Legal"}, "manaCost": "{2}{R}", "manaValue": 3.0, "name": "Browbeat", "number": "10", "printings": ["A25", "DDK", "F09", "HOP", "JUD", "MB1", "PD2", "PRM", "TSB"], "promoTypes": ["tourney", "fnm"], "purchaseUrls": {"tcgplayer": "https://mtgjson.com/links/566993c14de0e69a"}, "rarity": "rare", "rulings": [], "setCode": "F09", "subtypes": [], "supertypes": [], "text": "Any player may have Browbeat deal 5 damage to them. If no one does, target player draws three cards.", "type": "Sorcery", "types": ["Sorcery"], "uuid": "f32cb16c-bca8-5de4-8251-80f0dff97d68", "watermark": "fnm"}, {"artist": "Chuck Lukacs", "availability": ["paper"], "borderColor": "black", "colorIdentity": ["W"], "colors": ["W"], "convertedManaCost": 3.0, "edhrecRank": 774, "finishes": ["foil"], "foreignData": [], "frameVersion": "2003", "hasFoil": true, "hasNonFoil": false, "identifiers": {"mcmId": "22088", "mtgjsonV4Id": "1f910c77-9311-5bc7-b0d2-96414f58f49f", "scryfallId": "49577949-b721-40e1-9190-643c5e01b2b5", "scryfallIllustrationId": "dfa81b40-78ca-4dab-9edf-fb0b7e7b98da", "scryfallOracleId": "bd9b9772-f5f9-4c6b-913e-7193bea5d0a7", "tcgplayerProductId": "38136"}, "isPromo": true, "isReprint": true, "isStarter": true, "layout": "normal", "legalities": {"commander": "Legal", "duel": "Legal", "legacy": "Legal", "modern": "Legal", "pauper": "Legal", "paupercommander": "Legal", "penny": "Legal", "vintage": "Legal"}, "manaCost": "{2}{W}", "manaValue": 3.0, "name": "Oblivion Ring", "number": "11", "printings": ["ALA", "ARC", "CMD", "DDG", "DDI", "F09", "HOP", "LRW", "M12", "M13", "MM2", "PRM", "TD0"], "promoTypes": ["tourney", "fnm"], "purchaseUrls": {"tcgplayer": "https://mtgjson.com/links/c0f1dfb25a9789be"}, "rarity": "rare", "rulings": [{"date": "2007-10-01", "text": "If Oblivion Ring leaves the battlefield before its first ability has resolved, its second ability will trigger and do nothing. Then its first ability will resolve and exile the targeted nonland permanent forever."}, {"date": "2007-10-01", "text": "If there are no nonland permanents on the battlefield other than an Oblivion Ring, and the card it exiled was another Oblivion Ring, casting a third Oblivion Ring will result in an involuntary infinite loop that will end the game in a draw (unless someone chooses to break it by putting another nonland permanent onto the battlefield or destroying one of the Oblivion Rings, for example)."}, {"date": "2008-10-01", "text": "If the exiled card is an Aura, that card’s owner chooses what it will enchant as it comes back onto the battlefield. An Aura put onto the battlefield this way doesn’t target anything, but the Aura’s enchant ability restricts what it can be attached to. If the Aura can’t legally be attached to anything, it remains exiled forever."}, {"date": "2012-07-01", "text": "Auras attached to the exiled permanent will be put into their owners’ graveyards. Equipment attached to the exiled permanent will become unattached and remain on the battlefield. Any counters on the exiled permanent will cease to exist."}], "setCode": "F09", "subtypes": [], "supertypes": [], "text": "When Oblivion Ring enters the battlefield, exile another target nonland permanent.\nWhen Oblivion Ring leaves the battlefield, return the exiled card to the battlefield under its owner's control.", "type": "Enchantment", "types": ["Enchantment"], "uuid": "d24c021d-dc70-5b2b-b218-d26b6b4b1eea", "watermark": "fnm"}, {"artist": "Ted Galaday", "availability": ["paper"], "borderColor": "black", "colorIdentity": ["G"], "colors": ["G"], "convertedManaCost": 2.0, "edhrecRank": 38, "finishes": ["foil"], "flavorText": "Slain orochi warriors were buried with a tree sapling so they would become a part of the forest after death.", "foreignData": [], "frameVersion": "2003", "hasFoil": true, "hasNonFoil": false, "identifiers": {"mcmId": "22097", "mtgjsonV4Id": "c20904db-b640-555c-8adc-32a78ca42ef9", "scryfallId": "a976356e-eef3-4f61-8896-5de3bec26c54", "scryfallIllustrationId": "0bfc6b5a-a1b1-4b6c-9f0c-d9f6b6090b5a", "scryfallOracleId": "e3afc704-220f-498f-9eaa-0821b17dc24c", "tcgplayerProductId": "38150"}, "isPromo": true, "isReprint": true, "isStarter": true, "layout": "normal", "legalities": {"commander": "Legal", "duel": "Legal", "legacy": "Legal", "modern": "Legal", "pauper": "Legal", "paupercommander": "Legal", "vintage": "Legal"}, "manaCost": "{1}{G}", "manaValue": 2.0, "name": "Sakura-Tribe Elder", "number": "12", "power": "1", "printings": ["ARC", "C13", "C15", "C16", "C18", "C19", "C20", "CHK", "CMA", "CMD", "CNS", "F09", "MB1", "PJAS", "PJJT", "PJSE", "PRM", "PSUS", "PZ1", "SLD", "TD0"], "promoTypes": ["tourney", "fnm"], "purchaseUrls": {"tcgplayer": "https://mtgjson.com/links/31c3d2ecead17d1c"}, "rarity": "rare", "rulings": [], "setCode": "F09", "subtypes": ["Snake", "Shaman"], "supertypes": [], "text": "Sacrifice Sakura-Tribe Elder: Search your library for a basic land card, put that card onto the battlefield tapped, then shuffle.", "toughness": "1", "type": "Creature — Snake Shaman", "types": ["Creature"], "uuid": "49a9f37e-98b2-5083-9509-78df1dcd318b", "watermark": "fnm"}], "code": "F09", "isFoilOnly": true, "isOnlineOnly": false, "keyruneCode": "PARL", "name": "Friday Night Magic 2009", "releaseDate": "2009-01-01", "tokens": [], "totalSetSize": 12, "translations": {}, "type": "promo"}
