{"cards": [{"artist": "Wesley Burt", "availability": ["paper"], "borderColor": "black", "colorIdentity": ["R", "W"], "colors": ["R", "W"], "convertedManaCost": 4.0, "edhrecRank": 7776, "finishes": ["foil"], "flavorText": "\"There is no time to remedy our enemies' ignorance. Blast it out of them.\"\n—Aurelia", "foreignData": [], "frameVersion": "2003", "hasFoil": true, "hasNonFoil": false, "identifiers": {"mcmId": "265522", "mtgjsonV4Id": "0fcfa19b-64f3-54ca-bdd8-79d1e79ab34f", "scryfallId": "fcc1dd23-90fa-4aa4-b0a9-7a92991ad7ec", "scryfallIllustrationId": "3c89dc76-6d32-49d7-adc3-0fab1193f47e", "scryfallOracleId": "b1ea88f5-162b-4f08-bec3-be1f06dec392", "tcgplayerProductId": "72277"}, "isPromo": true, "isReprint": true, "isStarter": true, "layout": "normal", "legalities": {"commander": "Legal", "duel": "Legal", "legacy": "Legal", "modern": "Legal", "penny": "Legal", "pioneer": "Legal", "vintage": "Legal"}, "manaCost": "{2}{R}{W}", "manaValue": 4.0, "name": "Warleader's Helix", "number": "1", "printings": ["DGM", "F14", "PRM", "UMA"], "promoTypes": ["tourney", "fnm"], "purchaseUrls": {"tcgplayer": "https://mtgjson.com/links/948069908c6d3577"}, "rarity": "rare", "rulings": [{"date": "2018-12-07", "text": "If the chosen target becomes an illegal target for Warleader’s Helix, the spell doesn’t resolve. You don’t gain life."}], "setCode": "F14", "subtypes": [], "supertypes": [], "text": "Warleader's Helix deals 4 damage to any target and you gain 4 life.", "type": "Instant", "types": ["Instant"], "uuid": "67e79fc5-1713-5965-9722-719864677a4f", "watermark": "boros"}, {"artist": "Winona Nelson", "availability": ["paper"], "borderColor": "black", "colorIdentity": ["G"], "colors": ["G"], "convertedManaCost": 1.0, "edhrecRank": 74, "finishes": ["foil"], "flavorText": "\"Life grows everywhere. My kin merely find those places where it grows strongest.\"\n—Nissa Revane", "foreignData": [], "frameVersion": "2003", "hasFoil": true, "hasNonFoil": false, "identifiers": {"mcmId": "266103", "mtgjsonV4Id": "28e6cd81-1ac0-5c08-b99c-263cca1137ab", "scryfallId": "cb622402-8be8-4eb9-9ed5-9489e45a0fdf", "scryfallIllustrationId": "3541c322-befc-4480-b6d5-d41def6e8591", "scryfallOracleId": "3f3b2c10-21f8-4e13-be83-4ef3fa36e123", "tcgplayerProductId": "79220"}, "isPromo": true, "isReprint": true, "isStarter": true, "layout": "normal", "legalities": {"commander": "Legal", "duel": "Legal", "legacy": "Legal", "modern": "Legal", "pauper": "Legal", "paupercommander": "Legal", "penny": "Legal", "pioneer": "Legal", "vintage": "Legal"}, "manaCost": "{G}", "manaValue": 1.0, "name": "Elvish Mystic", "number": "2", "power": "1", "printings": ["C14", "CMA", "DDU", "F14", "KHC", "M14", "M15", "PRM", "TSR"], "promoTypes": ["tourney", "fnm"], "purchaseUrls": {"tcgplayer": "https://mtgjson.com/links/f12da17015979899"}, "rarity": "rare", "rulings": [], "setCode": "F14", "subtypes": ["Elf", "Druid"], "supertypes": [], "text": "{T}: Add {G}.", "toughness": "1", "type": "Creature — Elf Druid", "types": ["Creature"], "uuid": "678c463c-123f-5c5f-b441-623f91f01890", "watermark": "wotc"}, {"artist": "James Zapata", "availability": ["paper"], "borderColor": "black", "colorIdentity": ["W"], "colors": ["W"], "convertedManaCost": 3.0, "edhrecRank": 4301, "finishes": ["foil"], "flavorText": "\"Oathbreaker, I cast you out!\"", "foreignData": [], "frameVersion": "2003", "hasFoil": true, "hasNonFoil": false, "identifiers": {"mcmId": "266101", "mtgjsonV4Id": "d6955814-2ee7-5835-a858-0bf98133fd31", "scryfallId": "d75365b9-1fb0-4ac3-a43a-cf70eb8b37a5", "scryfallIllustrationId": "87e2ba0b-6ff6-44c1-b361-70c357700d95", "scryfallOracleId": "9f560b83-32d4-4bb4-a956-8f5db18599db", "tcgplayerProductId": "80045"}, "isPromo": true, "isReprint": true, "isStarter": true, "layout": "normal", "legalities": {"commander": "Legal", "duel": "Legal", "legacy": "Legal", "modern": "Legal", "paupercommander": "Restricted", "penny": "Legal", "pioneer": "Legal", "vintage": "Legal"}, "manaCost": "{1}{W}{W}", "manaValue": 3.0, "name": "Banisher Priest", "number": "3", "power": "2", "printings": ["C20", "DDO", "F14", "M14", "PRM"], "promoTypes": ["tourney", "fnm"], "purchaseUrls": {"tcgplayer": "https://mtgjson.com/links/ebf63fdfbccae566"}, "rarity": "rare", "rulings": [{"date": "2013-07-01", "text": "Banisher Priest’s ability causes a zone change with a duration, a new style of ability that’s somewhat reminiscent of older cards like Oblivion Ring. However, unlike Oblivion Ring, cards like Banisher Priest have a single ability that creates two one-shot effects: one that exiles the creature when the ability resolves, and another that returns the exiled card to the battlefield immediately after Banisher Priest leaves the battlefield."}, {"date": "2013-07-01", "text": "If Banisher Priest leaves the battlefield before its enters-the-battlefield ability resolves, the target creature won’t be exiled."}, {"date": "2013-07-01", "text": "Auras attached to the exiled creature will be put into their owners’ graveyards. Equipment attached to the exiled creature will become unattached and remain on the battlefield. Any counters on the exiled creature will cease to exist."}, {"date": "2013-07-01", "text": "If a creature token is exiled, it ceases to exist. It won’t be returned to the battlefield."}, {"date": "2013-07-01", "text": "The exiled card returns to the battlefield immediately after Banisher Priest leaves the battlefield. Nothing happens between the two events, including state-based actions. The two creatures aren’t on the battlefield at the same time. For example, if the returning creature is a Clone, it can’t enter the battlefield as a copy of Banisher Priest."}, {"date": "2013-07-01", "text": "In a multiplayer game, if Banisher Priest’s owner leaves the game, the exiled card will return to the battlefield. Because the one-shot effect that returns the card isn’t an ability that goes on the stack, it won’t cease to exist along with the leaving player’s spells and abilities on the stack."}], "setCode": "F14", "subtypes": ["Human", "Cleric"], "supertypes": [], "text": "When Banisher Priest enters the battlefield, exile target creature an opponent controls until Banisher Priest leaves the battlefield. (That creature returns under its owner's control.)", "toughness": "2", "type": "Creature — Human Cleric", "types": ["Creature"], "uuid": "524a50ff-ef3d-5e74-9dad-820c13e72227", "watermark": "wotc"}, {"artist": "Richard Wright", "availability": ["paper"], "borderColor": "black", "colorIdentity": [], "colors": [], "convertedManaCost": 0.0, "edhrecRank": 3847, "finishes": ["foil"], "flavorText": "Every world is a work in progress, constantly reshaped by time, disasters, and even the powerful magic of Planeswalkers.", "foreignData": [], "frameVersion": "2003", "hasFoil": true, "hasNonFoil": false, "identifiers": {"mcmId": "266102", "mtgjsonV4Id": "e4fb6a79-41d9-5c92-8410-620db8045e9b", "scryfallId": "e3727c95-e411-4a98-95b5-cc4064f60ed2", "scryfallIllustrationId": "e4002ddf-2476-4c3d-bbe3-1000f0e8cfe1", "scryfallOracleId": "43144f06-079b-4515-a03a-01ea3e90d586", "tcgplayerProductId": "80044"}, "isPromo": true, "isReprint": true, "isStarter": true, "layout": "normal", "legalities": {"commander": "Legal", "duel": "Legal", "legacy": "Legal", "modern": "Legal", "penny": "Legal", "pioneer": "Legal", "vintage": "Legal"}, "manaValue": 0.0, "name": "Encroaching Wastes", "number": "4", "printings": ["CMR", "F14", "M14", "PRM"], "promoTypes": ["tourney", "fnm"], "purchaseUrls": {"tcgplayer": "https://mtgjson.com/links/d77d336884333dfe"}, "rarity": "rare", "rulings": [], "setCode": "F14", "subtypes": [], "supertypes": [], "text": "{T}: Add {C}.\n{4}, {T}, Sacrifice Encroaching Wastes: Destroy target nonbasic land.", "type": "Land", "types": ["Land"], "uuid": "b7d92d84-8fdb-5918-8cb3-9c0204cb42e7", "watermark": "wotc"}, {"artist": "Wesley Burt", "availability": ["paper"], "borderColor": "black", "colorIdentity": ["B"], "colors": ["B"], "convertedManaCost": 1.0, "edhrecRank": 15781, "finishes": ["foil"], "foreignData": [], "frameVersion": "2003", "hasFoil": true, "hasNonFoil": false, "identifiers": {"mcmId": "266958", "mtgjsonV4Id": "00e303db-2668-5ab1-a971-92fbc186155a", "scryfallId": "3b804e46-c1a2-4934-9117-d0b0c4b01e1a", "scryfallIllustrationId": "fdc2541a-0ec4-4ecd-978d-cc291fd29ee2", "scryfallOracleId": "47fbb4f0-565b-4682-9971-0735210c76e5", "tcgplayerProductId": "82610"}, "isPromo": true, "isReprint": true, "isStarter": true, "keywords": ["Heroic"], "layout": "normal", "legalities": {"commander": "Legal", "duel": "Legal", "legacy": "Legal", "modern": "Legal", "paupercommander": "Restricted", "penny": "Legal", "pioneer": "Legal", "vintage": "Legal"}, "manaCost": "{B}", "manaValue": 1.0, "name": "Tormented Hero", "number": "5", "power": "2", "printings": ["F14", "PRM", "THS"], "promoTypes": ["tourney", "fnm"], "purchaseUrls": {"tcgplayer": "https://mtgjson.com/links/e715731ad41f3e41"}, "rarity": "rare", "rulings": [{"date": "2013-09-15", "text": "Heroic abilities will resolve before the spell that caused them to trigger."}, {"date": "2013-09-15", "text": "Heroic abilities will trigger only once per spell, even if that spell targets the creature with the heroic ability multiple times."}, {"date": "2013-09-15", "text": "Heroic abilities won’t trigger when a copy of a spell is created on the stack or when a spell’s targets are changed to include a creature with a heroic ability."}], "setCode": "F14", "subtypes": ["Human", "Warrior"], "supertypes": [], "text": "Tormented Hero enters the battlefield tapped.\nHeroic — Whenever you cast a spell that targets Tormented Hero, each opponent loses 1 life. You gain life equal to the life lost this way.", "toughness": "1", "type": "Creature — Human Warrior", "types": ["Creature"], "uuid": "75ed7ef3-100b-5902-9421-63aeeea4565c", "watermark": "wotc"}, {"artist": "Jeff Simpson", "availability": ["paper"], "borderColor": "black", "colorIdentity": ["U"], "colors": ["U"], "convertedManaCost": 3.0, "edhrecRank": 1856, "finishes": ["foil"], "flavorText": "\"You thought only the gods could stop you?\"", "foreignData": [], "frameVersion": "2003", "hasFoil": true, "hasNonFoil": false, "identifiers": {"mcmId": "266966", "mtgjsonV4Id": "4c9c93fa-a28f-50e8-8f24-dfd1b918ad10", "scryfallId": "f2068083-5d53-43c3-af22-79bf617ccf1b", "scryfallIllustrationId": "46537e5b-4bfd-4147-b89e-e2c2e9733b7d", "scryfallOracleId": "2f0741f9-802b-4761-8094-7b1f3ea1a424", "tcgplayerProductId": "82793"}, "isPromo": true, "isReprint": true, "isStarter": true, "keywords": ["Scry"], "layout": "normal", "legalities": {"commander": "Legal", "duel": "Legal", "legacy": "Legal", "modern": "Legal", "pauper": "Legal", "paupercommander": "Legal", "penny": "Legal", "pioneer": "Legal", "vintage": "Legal"}, "manaCost": "{1}{U}{U}", "manaValue": 3.0, "name": "Dissolve", "number": "6", "printings": ["F14", "IMA", "PRM", "THS"], "promoTypes": ["tourney", "fnm"], "purchaseUrls": {"tcgplayer": "https://mtgjson.com/links/ac6711917eea8c19"}, "rarity": "rare", "rulings": [{"date": "2013-09-15", "text": "When you scry, you may put all the cards you look at back on top of your library, you may put all of those cards on the bottom of your library, or you may put some of those cards on top and the rest of them on the bottom."}, {"date": "2013-09-15", "text": "You choose how to order cards returned to your library after scrying no matter where you put them."}, {"date": "2013-09-15", "text": "You perform the actions stated on a card in sequence. For some spells and abilities, that means you’ll scry last. For others, that means you’ll scry and then perform other actions."}, {"date": "2013-09-15", "text": "Scry appears on some spells and abilities with one or more targets. If all of the spell or ability’s targets are illegal when it tries to resolve, it won’t resolve and none of its effects will happen. You won’t scry."}], "setCode": "F14", "subtypes": [], "supertypes": [], "text": "Counter target spell. Scry 1. (Look at the top card of your library. You may put that card on the bottom of your library.)", "type": "Instant", "types": ["Instant"], "uuid": "edcbfe7f-58e1-5729-89a6-49f9a0916464", "watermark": "wotc"}, {"artist": "Mathias Kollros", "availability": ["paper"], "borderColor": "black", "colorIdentity": ["R"], "colors": ["R"], "convertedManaCost": 1.0, "edhrecRank": 10597, "finishes": ["foil"], "flavorText": "A stone hurled at an enemy is deadlier in liquid form.", "foreignData": [], "frameVersion": "2015", "hasFoil": true, "hasNonFoil": false, "identifiers": {"mcmId": "268080", "mtgjsonV4Id": "5925c1b5-21ec-5ce0-8f37-d6c82d8f4b81", "scryfallId": "dabab17a-be4b-4198-a248-99216c2a9913", "scryfallIllustrationId": "c808cfe0-3830-4c5a-a1e0-0b23710110ab", "scryfallOracleId": "fe16f1ab-58b4-4452-abe4-cbd9addd348f", "tcgplayerProductId": "91347"}, "isPromo": true, "isReprint": true, "isStarter": true, "layout": "normal", "legalities": {"commander": "Legal", "duel": "Legal", "gladiator": "Legal", "historic": "Legal", "historicbrawl": "Legal", "legacy": "Legal", "modern": "Legal", "pauper": "Legal", "paupercommander": "Legal", "penny": "Legal", "pioneer": "Legal", "vintage": "Legal"}, "manaCost": "{R}", "manaValue": 1.0, "name": "Magma Spray", "number": "7", "printings": ["AKH", "AKR", "ALA", "DDJ", "F14", "JOU", "MB1", "PRM"], "promoTypes": ["tourney", "fnm"], "purchaseUrls": {"tcgplayer": "https://mtgjson.com/links/19f2df455c202fa7"}, "rarity": "rare", "rulings": [{"date": "2017-04-18", "text": "Magma Spray’s replacement effect will exile the target creature if it would die this turn for any reason, not just due to lethal damage. It applies to the target creature even if Magma Spray deals no damage to it (due to a prevention effect) or Magma Spray deals damage to a different creature (due to a redirection effect)."}], "setCode": "F14", "subtypes": [], "supertypes": [], "text": "Magma Spray deals 2 damage to target creature. If that creature would die this turn, exile it instead.", "type": "Instant", "types": ["Instant"], "uuid": "86f71bbc-0f5f-5558-b325-5d64b2a1a378", "watermark": "wotc"}, {"artist": "Nils Hamm", "availability": ["paper"], "borderColor": "black", "colorIdentity": ["B"], "colors": ["B"], "convertedManaCost": 2.0, "edhrecRank": 9717, "finishes": ["foil"], "flavorText": "Not an arrow loosed, javelin thrown, nor sword raised. None were needed.", "foreignData": [], "frameVersion": "2015", "hasFoil": true, "hasNonFoil": false, "identifiers": {"mcmId": "268081", "mtgjsonV4Id": "26c22c2d-517a-533d-a8b3-73b82e3e326c", "scryfallId": "87fed54e-9f77-4eb1-a49e-8c4aa1f1ff23", "scryfallIllustrationId": "6bff1d1c-1b12-49b4-bc63-c0c7532f72c9", "scryfallOracleId": "0dd95516-893d-477e-a38c-3cc37c6e7ae0", "tcgplayerProductId": "82795"}, "isPromo": true, "isReprint": true, "isStarter": true, "layout": "normal", "legalities": {"commander": "Legal", "duel": "Legal", "legacy": "Legal", "modern": "Legal", "penny": "Legal", "pioneer": "Legal", "vintage": "Legal"}, "manaCost": "{B}{B}", "manaValue": 2.0, "name": "Bile Blight", "number": "8", "printings": ["BNG", "F14", "PRM"], "promoTypes": ["tourney", "fnm"], "purchaseUrls": {"tcgplayer": "https://mtgjson.com/links/573ebec0b4407fb1"}, "rarity": "rare", "rulings": [{"date": "2014-02-01", "text": "Bile Blight has only one target. Other creatures with that name are not targeted. For example, a creature with hexproof will still get -3/-3 if it has the same name as the target creature."}, {"date": "2014-02-01", "text": "If the target creature is an illegal target as Bile Blight tries to resolve, it won’t resolve and none of its effects will happen. No creature will get -3/-3."}, {"date": "2014-02-01", "text": "The name of a creature token is the same as its creature types, unless the token is a copy of another creature or the effect that created the token specifically gives it a different name. For example, a 1/1 Cat Soldier creature token is named “Cat Soldier.”"}], "setCode": "F14", "subtypes": [], "supertypes": [], "text": "Target creature and all other creatures with the same name as that creature get -3/-3 until end of turn.", "type": "Instant", "types": ["Instant"], "uuid": "c8b26ac5-de9d-53de-b8d3-88a7892161b7", "watermark": "wotc"}, {"artist": "Wesley Burt", "availability": ["paper"], "borderColor": "black", "colorIdentity": ["W"], "colors": ["W"], "convertedManaCost": 3.0, "edhrecRank": 966, "finishes": ["foil"], "foreignData": [], "frameVersion": "2015", "hasFoil": true, "hasNonFoil": false, "identifiers": {"mcmId": "269306", "mtgjsonV4Id": "f76f629b-9ff8-5302-9292-28215540fbce", "scryfallId": "c7ae8386-2ceb-4483-b4d5-cacd158b5c1a", "scryfallIllustrationId": "af4929ad-76a7-4b53-b216-bd19d50a2093", "scryfallOracleId": "f28b21a6-f7ce-437a-8c5b-0423cb55cefb", "tcgplayerProductId": "92498"}, "isPromo": true, "isReprint": true, "isStarter": true, "layout": "normal", "legalities": {"brawl": "Legal", "commander": "Legal", "duel": "Legal", "gladiator": "Legal", "historic": "Legal", "historicbrawl": "Legal", "legacy": "Legal", "modern": "Legal", "penny": "Legal", "pioneer": "Legal", "vintage": "Legal"}, "manaCost": "{2}{W}", "manaValue": 3.0, "name": "Banishing Light", "number": "9", "printings": ["AJMP", "C15", "CM2", "F14", "JOU", "KHC", "PRM", "THB", "TSR", "ZNC"], "promoTypes": ["tourney", "fnm"], "purchaseUrls": {"tcgplayer": "https://mtgjson.com/links/1e1905de450ae317"}, "rarity": "rare", "rulings": [{"date": "2021-03-19", "text": "If Banishing Light leaves the battlefield before its triggered ability resolves, the target permanent won’t be exiled."}, {"date": "2021-03-19", "text": "Auras attached to the exiled permanent will be put into their owners’ graveyards. Any Equipment will become unattached and remain on the battlefield. Any counters on the exiled permanent will cease to exist. When the card returns to the battlefield, it will be a new object with no connection to the card that was exiled."}, {"date": "2021-03-19", "text": "If a token is exiled this way, it will cease to exist and won’t return to the battlefield."}, {"date": "2021-03-19", "text": "If an Aura is exiled this way, its owner chooses what it will enchant as it returns to the battlefield. An Aura put onto the battlefield this way doesn’t target anything (so it could be attached to a permanent with shroud, for example), but the Aura’s enchant ability restricts what it can be attached to. If the Aura can’t legally be attached to anything, it remains in exile for the rest of the game."}], "setCode": "F14", "subtypes": [], "supertypes": [], "text": "When Banishing Light enters the battlefield, exile target nonland permanent an opponent controls until Banishing Light leaves the battlefield.", "type": "Enchantment", "types": ["Enchantment"], "uuid": "cd9263de-3541-5dd6-a328-855bd276354d", "watermark": "wotc"}, {"artist": "Zoltan Boros", "availability": ["paper"], "borderColor": "black", "colorIdentity": ["G", "R"], "colors": ["G", "R"], "convertedManaCost": 3.0, "edhrecRank": 13431, "finishes": ["foil"], "foreignData": [], "frameVersion": "2015", "hasFoil": true, "hasNonFoil": false, "identifiers": {"mcmId": "269744", "mtgjsonV4Id": "8403ceb9-6ff4-52a2-9e84-f22e03418aa8", "scryfallId": "babc2e1f-d7cf-42e0-9d1a-4391e74deee5", "scryfallIllustrationId": "aa97cd17-eac8-409e-b560-9c7d23fede2e", "scryfallOracleId": "f1072af9-9e6f-45ce-8c4b-8e678e7da8ce", "tcgplayerProductId": "92499"}, "isPromo": true, "isReprint": true, "isStarter": true, "keywords": ["Trample", "Tribute"], "layout": "normal", "legalities": {"commander": "Legal", "duel": "Legal", "legacy": "Legal", "modern": "Legal", "paupercommander": "Restricted", "penny": "Legal", "pioneer": "Legal", "vintage": "Legal"}, "manaCost": "{1}{R}{G}", "manaValue": 3.0, "name": "Fanatic of Xenagos", "number": "10", "power": "3", "printings": ["BNG", "F14", "PRM"], "promoTypes": ["tourney", "fnm"], "purchaseUrls": {"tcgplayer": "https://mtgjson.com/links/e358add822e7f5ab"}, "rarity": "rare", "rulings": [{"date": "2014-02-01", "text": "If the opponent pays tribute, the creature will enter the battlefield with the specified number of +1/+1 counters on it. It won’t enter the battlefield and then have the +1/+1 counters placed on it."}, {"date": "2014-02-01", "text": "The choice of whether to pay tribute is made as the creature with tribute is entering the battlefield. At that point, it’s too late to respond to the creature spell. For example, in a multiplayer game, opponents won’t know whether tribute will be paid or which opponent will be chosen to pay tribute or not when deciding whether to counter the creature spell."}, {"date": "2014-02-01", "text": "If the triggered ability has a target, that target will not be known while the creature spell with tribute is on the stack."}, {"date": "2014-02-01", "text": "Players can’t respond to the tribute decision before the creature enters the battlefield. That is, if the opponent doesn’t pay tribute, the triggered ability will trigger before any player has a chance to remove the creature."}, {"date": "2014-02-01", "text": "The triggered ability will resolve even if the creature with tribute isn’t on the battlefield at that time."}, {"date": "2017-04-18", "text": "For effects that check which player put counters on the entering creature, the player chosen to pay tribute puts those counters on it, not the creature’s controller."}], "setCode": "F14", "subtypes": ["Centaur", "Warrior"], "supertypes": [], "text": "Trample\nTribute 1 (As this creature enters the battlefield, an opponent of your choice may put a +1/+1 counter on it.)\nWhen Fanatic of Xenagos enters the battlefield, if tribute wasn't paid, it gets +1/+1 and gains haste until end of turn.", "toughness": "3", "type": "Creature — Centaur Warrior", "types": ["Creature"], "uuid": "7d09d943-dc9c-5e70-8e54-54fd522fd225", "watermark": "wotc"}, {"artist": "Dave Kendall", "availability": ["paper"], "borderColor": "black", "colorIdentity": ["B"], "colors": ["B"], "convertedManaCost": 2.0, "edhrecRank": 8710, "finishes": ["foil"], "foreignData": [], "frameEffects": ["nyxtouched"], "frameVersion": "2015", "hasFoil": true, "hasNonFoil": false, "identifiers": {"mcmId": "269745", "mtgjsonV4Id": "e1d774c6-7b21-56d4-9302-dc0534cb850d", "scryfallId": "15060db3-65bb-404b-9fa1-71297ef23621", "scryfallIllustrationId": "df9fade0-f35f-4b38-a7f9-b1975797bb5f", "scryfallOracleId": "419b5b4f-cac7-44bf-b1e2-655b5a5d37b1", "tcgplayerProductId": "92500"}, "isPromo": true, "isReprint": true, "isStarter": true, "layout": "normal", "legalities": {"commander": "Legal", "duel": "Legal", "gladiator": "Legal", "historic": "Legal", "historicbrawl": "Legal", "legacy": "Legal", "modern": "Legal", "paupercommander": "Restricted", "penny": "Legal", "pioneer": "Legal", "vintage": "Legal"}, "manaCost": "{1}{B}", "manaValue": 2.0, "name": "Brain Maggot", "number": "11", "power": "1", "printings": ["F14", "HA2", "JOU", "PRM"], "promoTypes": ["tourney", "fnm"], "purchaseUrls": {"tcgplayer": "https://mtgjson.com/links/d5ced5eff94cccc3"}, "rarity": "rare", "rulings": [{"date": "2014-04-26", "text": "Brain Maggot’s ability causes a zone change with a duration, a new style of ability that’s somewhat reminiscent of older cards like Tidehollow Sculler. However, unlike Tidehollow Sculler, Brain Maggot has a single ability that creates two one-shot effects: one that exiles the nonland card when the ability resolves, and another that returns the exiled card to its owner’s hand immediately after Brain Maggot leaves the battlefield."}, {"date": "2014-04-26", "text": "If Brain Maggot leaves the battlefield before its enters-the-battlefield ability resolves, the opponent will reveal their hand, but no card will be exiled."}, {"date": "2014-04-26", "text": "The exiled card returns to its owner’s hand immediately after Brain Maggot leaves the battlefield. Nothing happens between the two events, including state-based actions."}, {"date": "2014-04-26", "text": "In a multiplayer game, if Brain Maggot’s owner leaves the game, the exiled card will return to its owner’s hand. Because the one-shot effect that returns the card isn’t an ability that goes on the stack, it won’t cease to exist along with the leaving player’s spells and abilities on the stack."}], "setCode": "F14", "subtypes": ["Insect"], "supertypes": [], "text": "When Brain Maggot enters the battlefield, target opponent reveals their hand and you choose a nonland card from it. Exile that card until Brain Maggot leaves the battlefield.", "toughness": "1", "type": "Enchantment Creature — Insect", "types": ["Enchantment", "Creature"], "uuid": "53fb8831-993f-5fcd-a6a1-67c9df6ea03d", "watermark": "wotc"}, {"artist": "Mathias Kollros", "availability": ["paper"], "borderColor": "black", "colorIdentity": ["R"], "colors": ["R"], "convertedManaCost": 4.0, "edhrecRank": 12749, "finishes": ["foil"], "foreignData": [], "frameVersion": "2015", "hasFoil": true, "hasNonFoil": false, "identifiers": {"mcmId": "269746", "mtgjsonV4Id": "2792c27d-50ba-514d-87d6-1ff1e26c6523", "scryfallId": "f5a1071a-c50c-439f-8387-5b2c143e24e4", "scryfallIllustrationId": "982307bb-d44e-42f1-967a-f94c6d13c675", "scryfallOracleId": "2249001c-08d5-4c0a-86f8-d97519a39f37", "tcgplayerProductId": "94752"}, "isPromo": true, "isReprint": true, "isStarter": true, "keywords": ["Convoke"], "layout": "normal", "legalities": {"commander": "Legal", "duel": "Legal", "legacy": "Legal", "modern": "Legal", "penny": "Legal", "pioneer": "Legal", "vintage": "Legal"}, "manaCost": "{2}{R}{R}", "manaValue": 4.0, "name": "Stoke the Flames", "number": "12", "printings": ["F14", "M15", "PRM"], "promoTypes": ["tourney", "fnm"], "purchaseUrls": {"tcgplayer": "https://mtgjson.com/links/1099354d9574863f"}, "rarity": "rare", "rulings": [{"date": "2014-07-18", "text": "The rules for convoke have changed slightly since it last appeared in an expansion. Previously, convoke reduced the cost to cast a spell. Under current rules, you tap creatures at the same time you pay the spell’s costs. Tapping a creature this way is simply another way to pay."}, {"date": "2014-07-18", "text": "Convoke doesn’t change a spell’s mana cost or converted mana cost."}, {"date": "2014-07-18", "text": "When calculating a spell’s total cost, include any alternative costs, additional costs, or anything else that increases or reduces the cost to cast the spell. Convoke applies after the total cost is calculated."}, {"date": "2014-07-18", "text": "Because convoke isn’t an alternative cost, it can be used in conjunction with alternative costs."}, {"date": "2014-07-18", "text": "Tapping a multicolored creature using convoke will pay for {1} or one mana of your choice of any of that creature’s colors."}, {"date": "2014-07-18", "text": "When using convoke to cast a spell with {X} in its mana cost, first choose the value for X. That choice, plus any cost increases or decreases, will determine the spell’s total cost. Then you can tap creatures you control to help pay that cost. For example, if you cast Chord of Calling (a spell with convoke and mana cost {X}{G}{G}{G}) and choose X to be 3, the total cost is {3}{G}{G}{G}. If you tap two green creatures and two red creatures, you’ll have to pay {1}{G}."}, {"date": "2014-07-18", "text": "If a creature you control has a mana ability with {T} in the cost, activating that ability while casting a spell with convoke will result in the creature being tapped when you pay the spell’s costs. You won’t be able to tap it again for convoke. Similarly, if you sacrifice a creature to activate a mana ability while casting a spell with convoke, that creature won’t be on the battlefield when you pay the spell’s costs, so you won’t be able to tap it for convoke."}], "setCode": "F14", "subtypes": [], "supertypes": [], "text": "Convoke (Your creatures can help cast this spell. Each creature you tap while casting this spell pays for {1} or one mana of that creature's color.)\nStoke the Flames deals 4 damage to any target.", "type": "Instant", "types": ["Instant"], "uuid": "34599410-6cf6-55ad-8cf1-39d242c921e4", "watermark": "wotc"}], "code": "F14", "isFoilOnly": true, "isOnlineOnly": false, "keyruneCode": "PMEI", "name": "Friday Night Magic 2014", "releaseDate": "2014-01-01", "tokens": [], "totalSetSize": 12, "translations": {}, "type": "promo"}
