{"cards": [{"artist": "Christine Choi", "availability": ["paper"], "borderColor": "black", "colorIdentity": ["G"], "colors": ["G"], "convertedManaCost": 3.0, "edhrecRank": 1070, "finishes": ["foil"], "foreignData": [], "frameVersion": "2015", "hasFoil": true, "hasNonFoil": false, "identifiers": {"mcmId": "285588", "mtgjsonV4Id": "9e40c031-9fbf-56bf-8d92-e05d2532b7ee", "scryfallId": "b94f8fda-bb5f-48e3-afb8-ff0b7bf6a2ea", "scryfallIllustrationId": "7328ddad-2f9e-4a83-bc13-955fdb6dc5f2", "scryfallOracleId": "e83236f8-1c45-4d31-8937-1c76db549955", "tcgplayerProductId": "110816"}, "isPromo": true, "isReprint": true, "isStarter": true, "keywords": ["Spell mastery"], "layout": "normal", "legalities": {"commander": "Legal", "duel": "Legal", "legacy": "Legal", "modern": "Legal", "pauper": "Legal", "paupercommander": "Legal", "penny": "Legal", "pioneer": "Legal", "vintage": "Legal"}, "manaCost": "{2}{G}", "manaValue": 3.0, "name": "Nissa's Pilgrimage", "number": "1", "printings": ["C17", "F16", "ORI", "PRM"], "promoTypes": ["tourney", "fnm"], "purchaseUrls": {"tcgplayer": "https://mtgjson.com/links/2bcbd0a3793289bf"}, "rarity": "rare", "rulings": [{"date": "2015-06-22", "text": "If you only find one basic Forest card, you’ll put it onto the battlefield tapped. You won’t be able to put it into your hand, even if you want to."}, {"date": "2015-06-22", "text": "If the spell mastery ability applies, and you find three basic Forest cards, one of them will be put onto the battlefield tapped and two of them will be put into your hand."}, {"date": "2015-06-22", "text": "Check to see if there are two or more instant and/or sorcery cards in your graveyard as the spell resolves to determine whether the spell mastery ability applies. The spell itself won’t count because it’s still on the stack as you make this check."}], "setCode": "F16", "subtypes": [], "supertypes": [], "text": "Search your library for up to two basic Forest cards, reveal those cards, and put one onto the battlefield tapped and the rest into your hand. Then shuffle.\nSpell mastery — If there are two or more instant and/or sorcery cards in your graveyard, search your library for up to three basic Forest cards instead of two.", "type": "Sorcery", "types": ["Sorcery"], "uuid": "afc16996-8309-5d29-b2ce-ee00995f1a6a", "watermark": "wotc"}, {"artist": "Anna Steinbauer", "availability": ["paper"], "borderColor": "black", "colorIdentity": ["U"], "colors": ["U"], "convertedManaCost": 1.0, "edhrecRank": 7926, "finishes": ["foil"], "flavorText": "\"The mind of an Eldrazi is a puzzle that can never be solved. The trick is to make sure a piece goes missing.\"\n—Jace Beleren", "foreignData": [], "frameVersion": "2015", "hasFoil": true, "hasNonFoil": false, "identifiers": {"mcmId": "286755", "mtgjsonV4Id": "a0c3956c-f54e-5235-a044-f25181b47f2c", "scryfallId": "1c67ab53-9489-4658-859e-9dd8a6e0f20d", "scryfallIllustrationId": "65b30d8c-ff4e-455a-bfd0-a688b304fb55", "scryfallOracleId": "56aec5bd-a8e8-403f-b339-0fc817426428", "tcgplayerProductId": "111837"}, "isPromo": true, "isReprint": true, "isStarter": true, "layout": "normal", "legalities": {"commander": "Legal", "duel": "Legal", "legacy": "Legal", "modern": "Legal", "pioneer": "Legal", "vintage": "Legal"}, "manaCost": "{X}{U}", "manaValue": 1.0, "name": "Clash of Wills", "number": "2", "printings": ["F16", "ORI", "PRM"], "promoTypes": ["tourney", "fnm"], "purchaseUrls": {"tcgplayer": "https://mtgjson.com/links/630c3eb89dd36be8"}, "rarity": "rare", "rulings": [], "setCode": "F16", "subtypes": [], "supertypes": [], "text": "Counter target spell unless its controller pays {X}.", "type": "Instant", "types": ["Instant"], "uuid": "05313963-05f0-5bba-93dd-6ca5e3ed2770", "watermark": "wotc"}, {"artist": "Darek Zabrocki", "availability": ["paper"], "borderColor": "black", "colorIdentity": ["R"], "colors": ["R"], "convertedManaCost": 2.0, "edhrecRank": 5274, "finishes": ["foil"], "flavorText": "\"All of these old relics have one thing in common. Every last one of them is made of smithereens.\"\n—Zada of Slab Haven", "foreignData": [], "frameVersion": "2015", "hasFoil": true, "hasNonFoil": false, "identifiers": {"mcmId": "287226", "mtgjsonV4Id": "7c302fdc-adcf-572a-b05c-875430db14a0", "scryfallId": "4daccff6-8395-4b11-a4ce-3576aa38bc09", "scryfallIllustrationId": "88b04d46-4695-463b-97ce-0ec63869cdfe", "scryfallOracleId": "e0583f29-c344-4b56-b0dc-bef1089a95c7", "tcgplayerProductId": "114846"}, "isPromo": true, "isReprint": true, "isStarter": true, "layout": "normal", "legalities": {"commander": "Legal", "duel": "Legal", "legacy": "Legal", "modern": "Legal", "pauper": "Legal", "paupercommander": "Legal", "penny": "Legal", "pioneer": "Legal", "vintage": "Legal"}, "manaCost": "{1}{R}", "manaValue": 2.0, "name": "Smash to Smithereens", "number": "3", "printings": ["F16", "MB1", "MM2", "ORI", "PRM", "SHM"], "promoTypes": ["tourney", "fnm"], "purchaseUrls": {"tcgplayer": "https://mtgjson.com/links/9442e4c41e373364"}, "rarity": "rare", "rulings": [{"date": "2015-06-22", "text": "Smash to Smithereens targets only the artifact, not any player. If that artifact becomes an illegal target by the time Smash to Smithereens tries to resolve, Smash to Smithereens won’t resolve and none of its effects will happen. No damage will be dealt."}], "setCode": "F16", "subtypes": [], "supertypes": [], "text": "Destroy target artifact. Smash to Smithereens deals 3 damage to that artifact's controller.", "type": "Instant", "types": ["Instant"], "uuid": "c66b7ce1-da86-59c7-a5e6-e10a31636dac", "watermark": "wotc"}, {"artist": "Jason Felix", "availability": ["paper"], "borderColor": "black", "colorIdentity": ["B"], "colors": [], "convertedManaCost": 0.0, "edhrecRank": 5067, "finishes": ["foil"], "flavorText": "\"We came to a place where the skin of Zendikar was peeled back and its bones lay bare to the sky.\"\n—Greenweaver Mina", "foreignData": [], "frameVersion": "2015", "hasFoil": true, "hasNonFoil": false, "identifiers": {"mcmId": "288443", "mtgjsonV4Id": "0b3b912c-fef4-5316-a777-751fd4203cf5", "scryfallId": "4598e556-e3e1-469c-8f1a-f4961796e775", "scryfallIllustrationId": "65c86b84-7804-43bc-952e-36f97bbe8ec7", "scryfallOracleId": "b8f3da11-7c8f-4846-98a6-204bfd8d572b", "tcgplayerProductId": "116843"}, "isPromo": true, "isReprint": true, "isStarter": true, "layout": "normal", "legalities": {"commander": "Legal", "duel": "Legal", "legacy": "Legal", "modern": "Legal", "penny": "Legal", "pioneer": "Legal", "vintage": "Legal"}, "manaValue": 0.0, "name": "Blighted Fen", "number": "4", "printings": ["BFZ", "F16", "MB1", "PRM"], "promoTypes": ["tourney", "fnm"], "purchaseUrls": {"tcgplayer": "https://mtgjson.com/links/c99023d803121919"}, "rarity": "rare", "rulings": [], "setCode": "F16", "subtypes": [], "supertypes": [], "text": "{T}: Add {C}.\n{4}{B}, {T}, Sacrifice Blighted Fen: Target opponent sacrifices a creature.", "type": "Land", "types": ["Land"], "uuid": "b9a0d38d-3ef1-51dd-a77e-e256ec707ec7", "watermark": "wotc"}, {"artist": "Mark Zug", "availability": ["paper"], "borderColor": "black", "colorIdentity": ["R"], "colors": ["R"], "convertedManaCost": 3.0, "edhrecRank": 1763, "finishes": ["foil"], "flavorText": "Inspiration comes in all shapes and sizes.", "foreignData": [], "frameVersion": "2015", "hasFoil": true, "hasNonFoil": false, "identifiers": {"mcmId": "288444", "mtgjsonV4Id": "774fb036-b8c4-5af5-86ad-183fe318000a", "scryfallId": "153abbb7-85e7-4d43-a62e-541aa6d9c8b2", "scryfallIllustrationId": "7c7a7613-3849-4de0-afc5-97294e24b78c", "scryfallOracleId": "39882df0-c20f-469d-94ba-1617224e71a1", "tcgplayerProductId": "118275"}, "isPromo": true, "isReprint": true, "isStarter": true, "layout": "normal", "legalities": {"commander": "Legal", "duel": "Legal", "gladiator": "Legal", "historic": "Legal", "historicbrawl": "Legal", "legacy": "Legal", "modern": "Legal", "paupercommander": "Restricted", "penny": "Legal", "pioneer": "Legal", "premodern": "Legal", "vintage": "Legal"}, "manaCost": "{1}{R}{R}", "manaValue": 3.0, "name": "Goblin Warchief", "number": "5", "power": "2", "printings": ["DD1", "DDN", "DOM", "EVG", "F06", "F16", "MB1", "PRM", "SCG", "VMA", "WC03"], "promoTypes": ["tourney", "fnm"], "purchaseUrls": {"tcgplayer": "https://mtgjson.com/links/e3584fe9c4688cc5"}, "rarity": "rare", "rulings": [{"date": "2018-04-27", "text": "Goblin Warchief’s effect reduces only generic mana in the cost of Goblin spells you cast. For example, it doesn’t reduce the cost of Skirk Prospector below {R}."}], "setCode": "F16", "subtypes": ["Goblin", "Warrior"], "supertypes": [], "text": "Goblin spells you cast cost {1} less to cast.\nGoblins you control have haste.", "toughness": "2", "type": "Creature — Goblin Warrior", "types": ["Creature"], "uuid": "c72fd89d-60f2-59a5-9f77-8d138aebd38c", "watermark": "wotc"}, {"artist": "Christine Choi", "availability": ["paper"], "borderColor": "black", "colorIdentity": ["G"], "colors": ["G"], "convertedManaCost": 2.0, "edhrecRank": 764, "finishes": ["foil"], "flavorText": "\"As long as there is a single shred of life, there is hope.\"\n—Nissa Revane", "foreignData": [], "frameVersion": "2015", "hasFoil": true, "hasNonFoil": false, "identifiers": {"mcmId": "289303", "mtgjsonV4Id": "a1b8db56-1b21-5bf6-9a96-7afa6215efcd", "scryfallId": "369661e8-aaef-42c2-931e-d5ded2dd2884", "scryfallIllustrationId": "65a50fb1-2f77-4752-aa0a-b1d3063715aa", "scryfallOracleId": "ee24bf27-484d-4e1c-998e-6a74e3d3f6c4", "tcgplayerProductId": "118778"}, "isPromo": true, "isReprint": true, "isStarter": true, "layout": "normal", "legalities": {"commander": "Legal", "duel": "Legal", "legacy": "Legal", "modern": "Legal", "penny": "Legal", "pioneer": "Legal", "vintage": "Legal"}, "manaCost": "{1}{G}", "manaValue": 2.0, "name": "Sylvan Scrying", "number": "6", "printings": ["10E", "BFZ", "F16", "MB1", "MRD", "PRM", "TSR"], "promoTypes": ["tourney", "fnm"], "purchaseUrls": {"tcgplayer": "https://mtgjson.com/links/98bda30a88a9daeb"}, "rarity": "rare", "rulings": [], "setCode": "F16", "subtypes": [], "supertypes": [], "text": "Search your library for a land card, reveal it, put it into your hand, then shuffle.", "type": "Sorcery", "types": ["Sorcery"], "uuid": "72e4c524-ec1a-5a87-973f-beae49f028e7", "watermark": "wotc"}, {"artist": "Joseph Meehan", "availability": ["paper"], "borderColor": "black", "colorIdentity": [], "colors": [], "convertedManaCost": 2.0, "edhrecRank": 6343, "finishes": ["foil"], "flavorText": "\"For those without the Planeswalker spark, the merest touch of the Blind Eternities can kill.\"\n—Ugin", "foreignData": [], "frameVersion": "2015", "hasFoil": true, "hasNonFoil": false, "identifiers": {"mcmId": "289695", "mtgjsonV4Id": "cfa145cf-d420-5a05-a138-7ab561707c4a", "scryfallId": "acaee41d-5f7c-481d-8591-f9dc47c784e4", "scryfallIllustrationId": "9de8918e-d6c8-45ba-9072-adb98973e126", "scryfallOracleId": "7346337e-ac12-4dd2-826d-77ec0013e74f", "tcgplayerProductId": "119741"}, "isPromo": true, "isReprint": true, "isStarter": true, "layout": "normal", "legalities": {"commander": "Legal", "duel": "Legal", "legacy": "Legal", "modern": "Legal", "pauper": "Banned", "paupercommander": "Legal", "penny": "Legal", "pioneer": "Legal", "vintage": "Legal"}, "manaCost": "{1}{C}", "manaValue": 2.0, "name": "Spatial Contortion", "number": "7", "printings": ["F16", "OGW", "PRM"], "promoTypes": ["tourney", "fnm"], "purchaseUrls": {"tcgplayer": "https://mtgjson.com/links/c1e3329875f32196"}, "rarity": "rare", "rulings": [{"date": "2021-02-01", "text": "Spatial Contortion is banned in Pauper (not just non-legal), due to a special case on MTGO: https://magic.wizards.com/en/articles/archive/news/january-21-2019-banned-and-restricted-announcement"}], "setCode": "F16", "subtypes": [], "supertypes": [], "text": "({C} represents colorless mana.)\nTarget creature gets +3/-3 until end of turn.", "type": "Instant", "types": ["Instant"], "uuid": "33715391-d8c3-557a-b170-efe5ba409998"}, {"artist": "Jonas De Ro", "availability": ["paper"], "borderColor": "black", "colorIdentity": [], "colors": [], "convertedManaCost": 0.0, "edhrecRank": 5852, "finishes": ["foil"], "foreignData": [], "frameVersion": "2015", "hasFoil": true, "hasNonFoil": false, "identifiers": {"mcmId": "290533", "mtgjsonV4Id": "a84b9410-db5b-51a2-9551-73346b31c87f", "scryfallId": "265d3d67-37de-4461-86d0-0f398b5e4169", "scryfallIllustrationId": "d3231194-10af-4ba4-90a5-18f82042854a", "scryfallOracleId": "3c1fe86a-3696-4634-bc26-cd45846529ec", "tcgplayerProductId": "121361"}, "isPromo": true, "isReprint": true, "isStarter": true, "layout": "normal", "legalities": {"commander": "Legal", "duel": "Legal", "legacy": "Legal", "modern": "Legal", "pauper": "Legal", "paupercommander": "Legal", "penny": "Legal", "pioneer": "Legal", "vintage": "Legal"}, "manaValue": 0.0, "name": "Crumbling Vestige", "number": "8", "printings": ["F16", "OGW", "PRM"], "promoTypes": ["tourney", "fnm"], "purchaseUrls": {"tcgplayer": "https://mtgjson.com/links/02b338369998522f"}, "rarity": "rare", "rulings": [], "setCode": "F16", "subtypes": [], "supertypes": [], "text": "Crumbling Vestige enters the battlefield tapped.\nWhen Crumbling Vestige enters the battlefield, add one mana of any color.\n{T}: Add {C}. ({C} represents colorless mana.)", "type": "Land", "types": ["Land"], "uuid": "51dee472-a0b8-5dc7-bd00-c139ad9850f5", "watermark": "wotc"}, {"artist": "Svetlin Velinov", "availability": ["paper"], "borderColor": "black", "colorIdentity": ["B"], "colors": [], "convertedManaCost": 3.0, "edhrecRank": 14009, "finishes": ["foil"], "flavorText": "Only one Eldrazi stood against them, yet the defenders were outnumbered.", "foreignData": [], "frameEffects": ["devoid"], "frameVersion": "2015", "hasFoil": true, "hasNonFoil": false, "identifiers": {"mcmId": "290914", "mtgjsonV4Id": "137a3703-4063-554c-96c4-9e1af698f5cd", "scryfallId": "10bf8dbf-ae2e-41cd-904c-84b9cca14c27", "scryfallIllustrationId": "6e442c14-66cc-4d4b-a39e-08dc1318c0fa", "scryfallOracleId": "cc2d016a-af44-427b-a25a-593274369449", "tcgplayerProductId": "119740"}, "isPromo": true, "isReprint": true, "isStarter": true, "keywords": ["Devoid"], "layout": "normal", "legalities": {"commander": "Legal", "duel": "Legal", "legacy": "Legal", "modern": "Legal", "penny": "Legal", "pioneer": "Legal", "vintage": "Legal"}, "manaCost": "{1}{B}{B}", "manaValue": 3.0, "name": "Flaying Tendrils", "number": "9", "printings": ["F16", "OGW", "PRM"], "promoTypes": ["tourney", "fnm"], "purchaseUrls": {"tcgplayer": "https://mtgjson.com/links/bbdb90fa6dc5d8a1"}, "rarity": "rare", "rulings": [{"date": "2016-01-22", "text": "Only creatures that are on the battlefield as Flaying Tendrils resolves will get -2/-2. However, any creature that would die that turn will be exiled, even if it wasn’t on the battlefield or wasn’t a creature as Flaying Tendrils resolved."}, {"date": "2016-01-22", "text": "Creatures that Flaying Tendrils would cause to die will be exiled instead. The game doesn’t check to see which creatures die until after Flaying Tendrils has finished resolving."}], "setCode": "F16", "subtypes": [], "supertypes": [], "text": "Devoid (This card has no color.)\nAll creatures get -2/-2 until end of turn. If a creature would die this turn, exile it instead.", "type": "Sorcery", "types": ["Sorcery"], "uuid": "69675113-474c-58a4-b4d1-de6e082068ce"}, {"artist": "Lucas Graciano", "availability": ["paper"], "borderColor": "black", "colorIdentity": ["U"], "colors": ["U"], "convertedManaCost": 6.0, "edhrecRank": 3509, "finishes": ["foil"], "flavorText": "\"Dear brother, it's sweet that you have chosen to share your toys with Ludevic, but I too have found some new playmates.\"\n—Ghoulcaller Gisa", "foreignData": [], "frameVersion": "2015", "hasFoil": true, "hasNonFoil": false, "identifiers": {"mcmId": "291564", "mtgjsonV4Id": "ebba14eb-2cb0-51b5-9939-5c760339c853", "scryfallId": "85e32c7f-830b-41a3-9f7e-9b6016335cf1", "scryfallIllustrationId": "7f9716a0-058e-4865-88d9-f9594796ad24", "scryfallOracleId": "390b862a-2a85-44bd-832c-f5bbd3eb4ea0", "tcgplayerProductId": "123619"}, "isPromo": true, "isReprint": true, "isStarter": true, "layout": "normal", "legalities": {"commander": "Legal", "duel": "Legal", "legacy": "Legal", "modern": "Legal", "penny": "Legal", "pioneer": "Legal", "vintage": "Legal"}, "manaCost": "{5}{U}", "manaValue": 6.0, "name": "Rise from the Tides", "number": "10", "printings": ["F16", "GN2", "PRM", "SOI", "UMA"], "promoTypes": ["tourney", "fnm"], "purchaseUrls": {"tcgplayer": "https://mtgjson.com/links/f6091d24426b2de8"}, "rarity": "rare", "rulings": [{"date": "2018-12-07", "text": "Rise from the Tides is still on the stack while you count the number of instant and sorcery cards in your graveyard. It doesn’t count itself."}], "setCode": "F16", "subtypes": [], "supertypes": [], "text": "Create a tapped 2/2 black Zombie creature token for each instant and sorcery card in your graveyard.", "type": "Sorcery", "types": ["Sorcery"], "uuid": "5c6d63c8-e5c9-5828-9123-2f59dee9fef2", "watermark": "wotc"}, {"artist": "Eric Deschamps", "availability": ["paper"], "borderColor": "black", "colorIdentity": ["R"], "colors": ["R"], "convertedManaCost": 3.0, "edhrecRank": 3607, "finishes": ["foil"], "flavorText": "\"Let the flames ignore the sinless.\"", "foreignData": [], "frameVersion": "2015", "hasFoil": true, "hasNonFoil": false, "identifiers": {"mcmId": "292083", "mtgjsonV4Id": "c919cd0e-9acb-5ccc-bbf6-b1b70956d6e5", "scryfallId": "73493d43-7952-4202-818d-a1a05788af6f", "scryfallIllustrationId": "34b75711-4105-4032-ae6a-a609cdd5b540", "scryfallOracleId": "f07bd49d-8e71-4d56-be2a-638514011318", "tcgplayerProductId": "125191"}, "isPromo": true, "isReprint": true, "isStarter": true, "keywords": ["Madness"], "layout": "normal", "legalities": {"commander": "Legal", "duel": "Legal", "gladiator": "Legal", "historic": "Legal", "historicbrawl": "Legal", "legacy": "Legal", "modern": "Legal", "pauper": "Legal", "paupercommander": "Legal", "penny": "Legal", "pioneer": "Legal", "premodern": "Legal", "vintage": "Legal"}, "manaCost": "{1}{R}{R}", "manaValue": 3.0, "name": "Fiery Temper", "number": "11", "printings": ["C19", "F16", "J21", "MB1", "PGTW", "PRM", "SOI", "TOR", "TSB", "UMA"], "promoTypes": ["tourney", "fnm"], "purchaseUrls": {"tcgplayer": "https://mtgjson.com/links/cec4c2d0c1fb6409"}, "rarity": "rare", "rulings": [{"date": "2016-04-08", "text": "Cards are discarded in a Magic game only from a player’s hand. Effects that put cards from a player’s library into that player’s graveyard do not cause those cards to be discarded."}, {"date": "2016-04-08", "text": "A spell cast for its madness cost is put onto the stack like any other spell. It can be countered, copied, and so on. As it resolves, it’s put onto the battlefield if it’s a permanent card or into its owner’s graveyard if it’s an instant or sorcery card."}, {"date": "2016-04-08", "text": "Casting a spell for its madness cost doesn’t change its mana cost or its mana value. You just pay the madness cost instead."}, {"date": "2016-04-08", "text": "Effects that cause you to pay more or less for a spell will cause you to pay that much more or less for its madness cost, too."}, {"date": "2016-04-08", "text": "Madness works independently of why you’re discarding the card. You could discard it to pay a cost, because a spell or ability tells you to, or even because you have too many cards in your hand at the end of your turn. You can’t discard a card with madness just because you want to, though."}, {"date": "2016-04-08", "text": "When you cast a card with madness, it was still discarded. If it was discarded to pay a cost, that cost is still paid. Abilities that trigger when a card is discarded will still trigger."}, {"date": "2016-04-08", "text": "If you choose not to cast a card with madness when the madness triggered ability resolves, it’s put into your graveyard. You don’t get another chance to cast it later."}, {"date": "2016-04-08", "text": "If you discard a card with madness to pay the cost of a spell or activated ability, that card’s madness trigger (and the spell that card becomes, if you choose to cast it) will resolve before the spell or ability the discard paid for."}, {"date": "2016-04-08", "text": "If you discard a card with madness while resolving a spell or ability, it moves immediately to exile. Continue resolving that spell or ability—the card is not in your graveyard at this time. Its madness trigger will be placed onto the stack once that spell or ability has completely resolved."}], "setCode": "F16", "subtypes": [], "supertypes": [], "text": "Fiery Temper deals 3 damage to any target.\nMadness {R} (If you discard this card, discard it into exile. When you do, cast it for its madness cost or put it into your graveyard.)", "type": "Instant", "types": ["Instant"], "uuid": "4d8ca46a-31e8-5cf6-8fdf-3df14f5dd181", "watermark": "wotc"}, {"artist": "Magali Villeneuve", "availability": ["paper"], "borderColor": "black", "colorIdentity": ["B"], "colors": ["B"], "convertedManaCost": 2.0, "edhrecRank": 7312, "finishes": ["foil"], "flavorText": "At Sorin's appeal, Olivia Voldaren summoned the full might of her bloodline to gather at Lurenbraum Fortress.", "foreignData": [], "frameVersion": "2015", "hasFoil": true, "hasNonFoil": false, "identifiers": {"mcmId": "293172", "mtgjsonV4Id": "2aec16fb-ea4c-5cea-88a3-32b6fee0d17b", "scryfallId": "00c77bdd-6e82-4330-b4e4-aa147838e365", "scryfallIllustrationId": "5722073b-4eae-46fd-a63e-73abd1a475cf", "scryfallOracleId": "8e90300b-c0da-4484-b065-e2fafa4e1b15", "tcgplayerProductId": "125796"}, "isPromo": true, "isReprint": true, "isStarter": true, "layout": "normal", "legalities": {"commander": "Legal", "duel": "Legal", "legacy": "Legal", "modern": "Legal", "penny": "Legal", "pioneer": "Legal", "vintage": "Legal"}, "manaCost": "{1}{B}", "manaValue": 2.0, "name": "Call the Bloodline", "number": "12", "printings": ["F16", "PRM", "SOI"], "promoTypes": ["tourney", "fnm"], "purchaseUrls": {"tcgplayer": "https://mtgjson.com/links/b7431c240c8efd5c"}, "rarity": "rare", "rulings": [{"date": "2016-04-08", "text": "You can activate Call the Bloodline’s ability once on each player’s turn, not just your own."}], "setCode": "F16", "subtypes": [], "supertypes": [], "text": "{1}, Discard a card: Create a 1/1 black Vampire Knight creature token with lifelink. Activate only once each turn.", "type": "Enchantment", "types": ["Enchantment"], "uuid": "bf51f631-d594-5715-b6fa-d922afcfb393", "watermark": "wotc"}], "code": "F16", "isFoilOnly": true, "isOnlineOnly": false, "keyruneCode": "PMEI", "name": "Friday Night Magic 2016", "releaseDate": "2016-01-01", "tokens": [], "totalSetSize": 12, "translations": {}, "type": "promo"}
