{"cards": [{"artist": "Steve White", "availability": ["paper"], "borderColor": "black", "colorIdentity": ["G"], "colors": ["G"], "convertedManaCost": 2.0, "edhrecRank": 10045, "finishes": ["foil"], "flavorText": "\"But no one heard the snake's gentle hiss for peace over the elephant's trumpeting of war.\"\n—Afari, *Tales*", "foreignData": [], "frameVersion": "1997", "hasFoil": true, "hasNonFoil": false, "identifiers": {"mcmId": "15775", "mtgjsonV4Id": "cd783adc-9e85-5c02-a7eb-d4030907282a", "scryfallId": "390dc916-2207-4a76-a886-13fe47496a4a", "scryfallIllustrationId": "d41f9827-e2c5-49db-8ad5-9533fda38f68", "scryfallOracleId": "86187aed-77ce-4b2d-aab0-0a8f807a9451", "tcgplayerProductId": "38148"}, "isPromo": true, "isReprint": true, "isStarter": true, "keywords": ["Islandwalk", "Landwalk"], "layout": "normal", "legalities": {"commander": "Legal", "duel": "Legal", "legacy": "Legal", "modern": "Legal", "pauper": "Legal", "paupercommander": "Legal", "penny": "Legal", "premodern": "Legal", "vintage": "Legal"}, "manaCost": "{1}{G}", "manaValue": 2.0, "name": "River Boa", "number": "1", "power": "2", "printings": ["6ED", "BRB", "DDM", "DPA", "FNM", "MB1", "PRM", "PS11", "VIS", "WC97", "WC99", "ZEN"], "promoTypes": ["tourney", "fnm"], "purchaseUrls": {"tcgplayer": "https://mtgjson.com/links/85a67814c1d97b3c"}, "rarity": "rare", "rulings": [], "setCode": "FNM", "subtypes": ["Snake"], "supertypes": [], "text": "Islandwalk (This creature can't be blocked as long as defending player controls an Island.)\n{G}: Regenerate River Boa.", "toughness": "1", "type": "Creature — Snake", "types": ["Creature"], "uuid": "3a4c491b-d8e9-5f8e-a098-dfcf1bd6fd6f"}, {"artist": "Ron Spencer", "availability": ["paper"], "borderColor": "black", "colorIdentity": ["B"], "colors": ["B"], "convertedManaCost": 2.0, "edhrecRank": 6864, "finishes": ["foil"], "foreignData": [], "frameVersion": "1997", "hasFoil": true, "hasNonFoil": false, "identifiers": {"mcmId": "15776", "mtgjsonV4Id": "41d3ffff-f970-5c4d-80b4-a4405d13b3bc", "scryfallId": "24e1fbc9-a891-401a-99f6-0173ca7b45ad", "scryfallIllustrationId": "f868fd9b-79d8-4269-b13d-3b41bc586895", "scryfallOracleId": "b81f041d-98db-4408-9472-c483e4a502bc", "tcgplayerProductId": "38166"}, "isPromo": true, "isReprint": true, "isStarter": true, "layout": "normal", "legalities": {"commander": "Legal", "duel": "Legal", "legacy": "Legal", "modern": "Legal", "pauper": "Legal", "paupercommander": "Legal", "penny": "Legal", "premodern": "Legal", "vintage": "Legal"}, "manaCost": "{1}{B}", "manaValue": 2.0, "name": "Terror", "number": "2", "printings": ["10E", "2ED", "3ED", "4BB", "4ED", "5ED", "6ED", "ATH", "BRB", "BTD", "CED", "CEI", "DPA", "FBB", "FNM", "ITP", "LEA", "LEB", "ME4", "MRD", "P05", "PRM", "PS11", "RQS", "SUM", "TD0"], "promoTypes": ["tourney", "fnm"], "purchaseUrls": {"tcgplayer": "https://mtgjson.com/links/dfd6c700a0dd0583"}, "rarity": "rare", "rulings": [], "setCode": "FNM", "subtypes": [], "supertypes": [], "text": "Destroy target nonartifact, nonblack creature. It can't be regenerated.", "type": "Instant", "types": ["Instant"], "uuid": "78b6f49b-4492-52bf-a3dd-e26fb0c9b6fa"}, {"artist": "Eric Peterson", "availability": ["paper"], "borderColor": "black", "colorIdentity": ["W"], "colors": ["W"], "convertedManaCost": 2.0, "edhrecRank": 15090, "finishes": ["foil"], "flavorText": "\"If it bears wings, I will pin it to the skies over Tefemburu.\"\n—Roya, Zhalfirin archer", "foreignData": [], "frameVersion": "1997", "hasFoil": true, "hasNonFoil": false, "identifiers": {"mcmId": "15777", "mtgjsonV4Id": "53c37d86-fedc-5cc7-80fa-29359e062db8", "scryfallId": "dcac27a2-69b2-4427-ba91-671c3d8496a9", "scryfallIllustrationId": "0de4bca0-b3d6-4e3f-ac9c-c90c6a400ecf", "scryfallOracleId": "51531db1-ba59-4ccc-9a91-54de2887fc8b", "tcgplayerProductId": "38126"}, "isPromo": true, "isReprint": true, "isStarter": true, "keywords": ["First strike", "Reach"], "layout": "normal", "legalities": {"commander": "Legal", "duel": "Legal", "legacy": "Legal", "paupercommander": "Restricted", "penny": "Legal", "premodern": "Legal", "vintage": "Legal"}, "manaCost": "{W}{W}", "manaValue": 2.0, "name": "Longbow Archer", "number": "3", "power": "2", "printings": ["6ED", "7ED", "FNM", "PRM", "VIS"], "promoTypes": ["tourney", "fnm"], "purchaseUrls": {"tcgplayer": "https://mtgjson.com/links/eb3a7274b079ae67"}, "rarity": "rare", "rulings": [{"date": "2008-04-01", "text": "This card now uses the Reach keyword ability to enable the blocking of flying creatures. This works because a creature with flying can only be blocked by creatures with flying or reach."}], "setCode": "FNM", "subtypes": ["Human", "Soldier", "Archer"], "supertypes": [], "text": "First strike; reach (This creature can block creatures with flying.)", "toughness": "2", "type": "Creature — Human Soldier Archer", "types": ["Creature"], "uuid": "82bab093-b7bf-5b58-8a65-5dc730ffb603"}, {"artist": "David O'Connor", "availability": ["paper"], "borderColor": "black", "colorIdentity": ["R"], "colors": ["R"], "convertedManaCost": 2.0, "edhrecRank": 7550, "finishes": ["foil"], "flavorText": "My thunder comes before the lightning; my lightning comes before the clouds; my rain dries all the land it touches. What am I?\n—Femeref riddle", "foreignData": [], "frameVersion": "1997", "hasFoil": true, "hasNonFoil": false, "identifiers": {"mcmId": "15778", "mtgjsonV4Id": "b7f50559-27b2-5c98-8780-5b6a754793bd", "scryfallId": "adb9c01f-626f-48b4-abfa-ede3972fcebc", "scryfallIllustrationId": "3fb659a8-20cb-453d-b3fc-a4dda1ec39de", "scryfallOracleId": "846a4f9c-d955-403f-8a08-5c7c3d32e180", "tcgplayerProductId": "38170"}, "isPromo": true, "isReprint": true, "isStarter": true, "layout": "normal", "legalities": {"brawl": "Legal", "commander": "Legal", "duel": "Legal", "gladiator": "Legal", "historic": "Legal", "historicbrawl": "Legal", "legacy": "Legal", "modern": "Legal", "penny": "Legal", "pioneer": "Legal", "premodern": "Legal", "vintage": "Legal"}, "manaCost": "{X}{R}{R}", "manaValue": 2.0, "name": "Volcanic Geyser", "number": "4", "printings": ["6ED", "E01", "FNM", "M13", "M14", "M21", "MIR", "PRM"], "promoTypes": ["tourney", "fnm"], "purchaseUrls": {"tcgplayer": "https://mtgjson.com/links/bf9eecf4681ceffb"}, "rarity": "rare", "rulings": [], "setCode": "FNM", "subtypes": [], "supertypes": [], "text": "Volcanic Geyser deals X damage to any target.", "type": "Instant", "types": ["Instant"], "uuid": "40a3cb81-4d01-5870-86d1-72d29d43505a"}, {"artist": "Liz Danforth", "availability": ["paper"], "borderColor": "black", "colorIdentity": ["B"], "colors": ["B"], "convertedManaCost": 4.0, "edhrecRank": 19404, "finishes": ["foil"], "flavorText": "The hardest of wizards can have the softest of minds.", "foreignData": [], "frameVersion": "1997", "hasFoil": true, "hasNonFoil": false, "identifiers": {"mcmId": "15779", "mtgjsonV4Id": "594e5f83-86bc-58a9-bab1-eccf71e90aa3", "scryfallId": "4a5f56ed-a3f6-4818-a53f-c88400c80658", "scryfallIllustrationId": "fe82bb84-6500-4652-8330-9d19637cf9ac", "scryfallOracleId": "5109aa76-ca40-44d1-abb4-5e7a23a2c274", "tcgplayerProductId": "38129"}, "isPromo": true, "isReprint": true, "isStarter": true, "layout": "normal", "legalities": {"commander": "Legal", "duel": "Legal", "legacy": "Legal", "premodern": "Legal", "vintage": "Legal"}, "manaCost": "{X}{3}{B}", "manaValue": 4.0, "name": "Mind Warp", "number": "5", "printings": ["5ED", "6ED", "FNM", "ICE", "PRM"], "promoTypes": ["tourney", "fnm"], "purchaseUrls": {"tcgplayer": "https://mtgjson.com/links/5eabcb76f4ac79a2"}, "rarity": "rare", "rulings": [{"date": "2004-10-04", "text": "The target player decides what order to put the cards in the graveyard. You decide which cards, but they do the discarding."}], "setCode": "FNM", "subtypes": [], "supertypes": [], "text": "Look at target player's hand and choose X cards from it. That player discards those cards.", "type": "Sorcery", "types": ["Sorcery"], "uuid": "cc893eae-3ef1-5aad-9813-b55aa7d7a206"}, {"artist": "Randy Gallegos", "availability": ["paper"], "borderColor": "black", "colorIdentity": ["R"], "colors": ["R"], "convertedManaCost": 1.0, "edhrecRank": 2849, "finishes": ["foil"], "flavorText": "Lightning tethers souls to the world.\n—Kor saying", "foreignData": [], "frameVersion": "1997", "hasFoil": true, "hasNonFoil": false, "identifiers": {"mcmId": "15780", "mtgjsonV4Id": "22aa705e-170a-5451-8ad9-5e29d37b5b9f", "scryfallId": "c8e54f25-6138-4de4-8322-f09d3b311eb1", "scryfallIllustrationId": "50db0b2e-d125-4b77-82f6-03944f9b515b", "scryfallOracleId": "a9d288b8-cdc1-4e55-a0c9-d6edfc95e65d", "tcgplayerProductId": "38153"}, "isPromo": true, "isReprint": true, "isStarter": true, "layout": "normal", "legalities": {"brawl": "Legal", "commander": "Legal", "duel": "Legal", "gladiator": "Legal", "historic": "Legal", "historicbrawl": "Legal", "legacy": "Legal", "modern": "Legal", "pauper": "Legal", "paupercommander": "Legal", "penny": "Legal", "pioneer": "Legal", "premodern": "Legal", "vintage": "Legal"}, "manaCost": "{R}", "manaValue": 1.0, "name": "Shock", "number": "6", "printings": ["10E", "6ED", "7ED", "8ED", "9ED", "AER", "ANB", "BBD", "BTD", "DDN", "DPA", "FNM", "M12", "M14", "M19", "M20", "M21", "MB1", "ONS", "PMEI", "PRM", "PS11", "PSAL", "STA", "STH", "WC98", "WC99"], "promoTypes": ["tourney", "fnm"], "purchaseUrls": {"tcgplayer": "https://mtgjson.com/links/09984753089094a7"}, "rarity": "rare", "rulings": [], "setCode": "FNM", "subtypes": [], "supertypes": [], "text": "Shock deals 2 damage to any target.", "type": "Instant", "types": ["Instant"], "uuid": "cb7edce0-3e4e-5a53-82fe-089b7cbb3148"}, {"artist": "Sandra Everingham", "availability": ["paper"], "borderColor": "black", "colorIdentity": ["G"], "colors": ["G"], "convertedManaCost": 1.0, "edhrecRank": 5710, "finishes": ["foil"], "foreignData": [], "frameVersion": "1997", "hasFoil": true, "hasNonFoil": false, "identifiers": {"mcmId": "15781", "mtgjsonV4Id": "6c34f716-463d-5184-99bb-85adeb19b771", "scryfallId": "62a8cde9-e049-4a96-8183-a768a8f1c4ee", "scryfallIllustrationId": "cc556586-46c2-441e-bba0-7944ea579762", "scryfallOracleId": "5748ebf1-24e3-499d-ab7c-c2cebd462a24", "tcgplayerProductId": "38105"}, "isPromo": true, "isReprint": true, "isStarter": true, "layout": "normal", "legalities": {"commander": "Legal", "duel": "Legal", "gladiator": "Legal", "historic": "Legal", "historicbrawl": "Legal", "legacy": "Legal", "modern": "Legal", "pauper": "Legal", "paupercommander": "Legal", "penny": "Legal", "pioneer": "Legal", "premodern": "Legal", "vintage": "Legal"}, "manaCost": "{G}", "manaValue": 1.0, "name": "Giant Growth", "number": "8", "printings": ["10E", "2ED", "3ED", "4BB", "4ED", "5ED", "6ED", "7ED", "8ED", "9ED", "A25", "ATH", "BBD", "BRB", "BTD", "CED", "CEI", "DD1", "DDD", "DKM", "DPA", "E02", "EVG", "FBB", "FNM", "GVL", "ICE", "J21", "LEA", "LEB", "M10", "M11", "M14", "MB1", "ME2", "ME3", "ME4", "P06", "PJJT", "PRM", "PS11", "PSUS", "RTR", "SUM", "WAR", "WC97", "WC99"], "promoTypes": ["tourney", "fnm"], "purchaseUrls": {"tcgplayer": "https://mtgjson.com/links/f338798b52b7848d"}, "rarity": "rare", "rulings": [], "setCode": "FNM", "subtypes": [], "supertypes": [], "text": "Target creature gets +3/+3 until end of turn.", "type": "Instant", "types": ["Instant"], "uuid": "6daa2d04-fae5-53b2-9216-6679231ff246"}, {"artist": "Douglas Shuler", "availability": ["paper"], "borderColor": "black", "colorIdentity": ["U"], "colors": ["U"], "convertedManaCost": 3.0, "edhrecRank": 7870, "finishes": ["foil"], "foreignData": [], "frameVersion": "1997", "hasFoil": true, "hasNonFoil": false, "identifiers": {"mcmId": "15782", "mtgjsonV4Id": "0593cc3f-34b8-5993-b010-3de697c0dbf7", "scryfallId": "fbd5c87e-db03-49d2-b4c6-3794ddf40030", "scryfallIllustrationId": "36cdffe3-29e6-4121-8a65-106217c4e9df", "scryfallOracleId": "5e961d15-5972-4e4b-9385-1cd7cd7c6bbe", "tcgplayerProductId": "38140"}, "isPromo": true, "isReprint": true, "isStarter": true, "layout": "normal", "legalities": {"commander": "Legal", "duel": "Legal", "legacy": "Legal", "modern": "Legal", "pauper": "Legal", "paupercommander": "Legal", "penny": "Legal", "premodern": "Legal", "vintage": "Legal"}, "manaCost": "{2}{U}", "manaValue": 3.0, "name": "Prodigal Sorcerer", "number": "9", "power": "1", "printings": ["2ED", "3ED", "4BB", "4ED", "5ED", "6ED", "7ED", "BRB", "CED", "CEI", "EMA", "FBB", "FNM", "LEA", "LEB", "MB1", "ME4", "PRM", "SUM", "TSB", "WC01"], "promoTypes": ["tourney", "fnm"], "purchaseUrls": {"tcgplayer": "https://mtgjson.com/links/9d5aeae20d8cc48e"}, "rarity": "rare", "rulings": [], "setCode": "FNM", "subtypes": ["Human", "Wizard"], "supertypes": [], "text": "{T}: Prodigal Sorcerer deals 1 damage to any target.", "toughness": "1", "type": "Creature — Human Wizard", "types": ["Creature"], "uuid": "a65335fd-6179-58d7-a8b4-4ca1194f69fc"}, {"artist": "Daniel Gelon", "availability": ["paper"], "borderColor": "black", "colorIdentity": ["R"], "colors": ["R"], "convertedManaCost": 3.0, "edhrecRank": 8542, "finishes": ["foil"], "foreignData": [], "frameVersion": "1997", "hasFoil": true, "hasNonFoil": false, "identifiers": {"mcmId": "15783", "mtgjsonV4Id": "46e434bb-3616-55d7-b55f-ed54929d7b4f", "scryfallId": "1ef36c44-dda9-45e3-bd58-b336235731e0", "scryfallIllustrationId": "e49a1b3f-2875-4fe3-bd84-240ad647b69a", "scryfallOracleId": "6e880df6-fc00-43d2-a9c8-f575f40b78c6", "tcgplayerProductId": "38162"}, "isPromo": true, "isReprint": true, "isStarter": true, "layout": "normal", "legalities": {"commander": "Legal", "duel": "Legal", "gladiator": "Legal", "historic": "Legal", "historicbrawl": "Legal", "legacy": "Legal", "modern": "Legal", "pauper": "Legal", "paupercommander": "Legal", "penny": "Legal", "premodern": "Legal", "vintage": "Legal"}, "manaCost": "{2}{R}", "manaValue": 3.0, "name": "Stone Rain", "number": "10", "printings": ["2ED", "3ED", "4BB", "4ED", "5ED", "6ED", "7ED", "8ED", "9ED", "CED", "CEI", "CHK", "FBB", "FNM", "ICE", "LEA", "LEB", "MIR", "MMQ", "P02", "PLIST", "POR", "PRM", "PTK", "S99", "STA", "SUM", "TMP", "WC00", "WC99"], "promoTypes": ["tourney", "fnm"], "purchaseUrls": {"tcgplayer": "https://mtgjson.com/links/89f60b79ff5c744c"}, "rarity": "rare", "rulings": [], "setCode": "FNM", "subtypes": [], "supertypes": [], "text": "Destroy target land.", "type": "Sorcery", "types": ["Sorcery"], "uuid": "7a750425-2a79-509c-ba98-3cfd7f3513ec"}, {"artist": "Anson Maddocks", "availability": ["paper"], "borderColor": "black", "colorIdentity": ["G"], "colors": ["G"], "convertedManaCost": 1.0, "edhrecRank": 49, "finishes": ["foil"], "foreignData": [], "frameVersion": "1997", "hasFoil": true, "hasNonFoil": false, "identifiers": {"mcmId": "15784", "mtgjsonV4Id": "e542c30f-6ad4-5fa6-94df-44c9752590a8", "scryfallId": "82c547f6-31e3-4e0b-b548-a0e467ceaa84", "scryfallIllustrationId": "0593112b-9ba0-4524-a853-52f954cd60f1", "scryfallOracleId": "68954295-54e3-4303-a6bc-fc4547a4e3a3", "tcgplayerProductId": "38124"}, "isPromo": true, "isReprint": true, "isStarter": true, "layout": "normal", "legalities": {"commander": "Legal", "duel": "Legal", "gladiator": "Legal", "historic": "Legal", "historicbrawl": "Legal", "legacy": "Legal", "modern": "Legal", "pauper": "Legal", "paupercommander": "Legal", "penny": "Legal", "pioneer": "Legal", "premodern": "Legal", "vintage": "Legal"}, "manaCost": "{G}", "manaValue": 1.0, "name": "Llanowar Elves", "number": "11", "power": "1", "printings": ["10E", "2ED", "3ED", "4BB", "4ED", "5ED", "6ED", "7ED", "9ED", "ATH", "BRB", "BTD", "C14", "CED", "CEI", "CMA", "DD1", "DOM", "EMA", "EVG", "FBB", "FNM", "GNT", "LEA", "LEB", "M10", "M11", "M12", "M19", "MB1", "PANA", "PDOM", "PG07", "PRM", "PTC", "SUM", "WC00", "WC01", "WC02", "WC99"], "promoTypes": ["tourney", "fnm"], "purchaseUrls": {"tcgplayer": "https://mtgjson.com/links/bf64d3d49e2687c8"}, "rarity": "rare", "rulings": [], "setCode": "FNM", "subtypes": ["Elf", "Druid"], "supertypes": [], "text": "{T}: Add {G}.", "toughness": "1", "type": "Creature — Elf Druid", "types": ["Creature"], "uuid": "20d0f270-13e0-5a7d-af6c-3a8374c7995d"}, {"artist": "Mark Poole", "availability": ["paper"], "borderColor": "black", "colorIdentity": ["W"], "colors": ["W"], "convertedManaCost": 5.0, "edhrecRank": 21290, "finishes": ["foil"], "flavorText": "\"Hold your position! Leave doubt for the dying!\"\n—Tahngarth of the *Weatherlight*", "foreignData": [], "frameVersion": "1997", "hasFoil": true, "hasNonFoil": false, "identifiers": {"mcmId": "15785", "mtgjsonV4Id": "f088726c-b068-514d-a63c-a2638ad2b75e", "scryfallId": "552b3d29-2490-4129-ad57-bf1d3eec9da3", "scryfallIllustrationId": "058c479b-7492-4dc0-8858-56eb72ca988b", "scryfallOracleId": "ec8bf245-4b2c-432b-9b2a-8d7b9224258c", "tcgplayerProductId": "38161"}, "isPromo": true, "isReprint": true, "isStarter": true, "layout": "normal", "legalities": {"commander": "Legal", "duel": "Legal", "legacy": "Legal", "modern": "Legal", "pauper": "Legal", "paupercommander": "Legal", "penny": "Legal", "premodern": "Legal", "vintage": "Legal"}, "manaCost": "{3}{W}{W}", "manaValue": 5.0, "name": "Staunch Defenders", "number": "12", "power": "3", "printings": ["6ED", "7ED", "8ED", "FNM", "PRM", "TMP", "TPR", "WC98"], "promoTypes": ["tourney", "fnm"], "purchaseUrls": {"tcgplayer": "https://mtgjson.com/links/02cbe9e3f091b456"}, "rarity": "rare", "rulings": [], "setCode": "FNM", "subtypes": ["Human", "Soldier"], "supertypes": [], "text": "When Staunch Defenders enters the battlefield, you gain 4 life.", "toughness": "4", "type": "Creature — Human Soldier", "types": ["Creature"], "uuid": "8d6b18b7-65e7-5322-88ae-8205293f78cd"}], "code": "FNM", "isFoilOnly": true, "isOnlineOnly": false, "keyruneCode": "DEFAULT", "name": "Friday Night Magic 2000", "releaseDate": "2000-01-01", "tcgplayerGroupId": 45, "tokens": [], "totalSetSize": 11, "translations": {}, "type": "promo"}
