{"cards": [{"artist": "Dom!", "availability": ["paper"], "borderColor": "black", "colorIdentity": ["U"], "colors": ["U"], "convertedManaCost": 2.0, "edhrecRank": 17, "finishes": ["foil"], "foreignData": [], "frameVersion": "1997", "hasFoil": true, "hasNonFoil": false, "identifiers": {"mcmId": "17592", "mtgjsonV4Id": "54141f98-6c75-5193-aa9a-2791867fb79e", "scryfallId": "7700d907-e212-4893-8c65-02c8906a803c", "scryfallIllustrationId": "a36cbed8-c500-4814-bf4d-80c065d985c7", "scryfallOracleId": "cc187110-1148-4090-bbb8-e205694a39f5", "tcgplayerProductId": "21702"}, "isPromo": true, "isReprint": true, "isStarter": true, "layout": "normal", "legalities": {"commander": "Legal", "duel": "Legal", "gladiator": "Legal", "historic": "Banned", "historicbrawl": "Legal", "legacy": "Legal", "modern": "Legal", "pauper": "Legal", "paupercommander": "Legal", "premodern": "Legal", "vintage": "Legal"}, "manaCost": "{U}{U}", "manaValue": 2.0, "name": "Counterspell", "number": "1", "printings": ["2ED", "3ED", "4BB", "4ED", "5ED", "6ED", "7ED", "A25", "BRB", "BTD", "CED", "CEI", "CMR", "DD2", "EMA", "F05", "FBB", "G00", "ICE", "JVC", "LEA", "LEB", "MB1", "ME2", "ME4", "MH2", "MMQ", "MP2", "PLGM", "PMEI", "PRM", "PTC", "S99", "SLD", "SS1", "STA", "SUM", "TMP", "TPR", "VMA", "WC00", "WC01", "WC02", "WC97", "WC98"], "promoTypes": ["judgegift"], "purchaseUrls": {"tcgplayer": "https://mtgjson.com/links/241fc2d84a50ba5f"}, "rarity": "rare", "rulings": [], "setCode": "G00", "subtypes": [], "supertypes": [], "text": "Counter target spell.", "type": "Instant", "types": ["Instant"], "uuid": "34aa9451-0ad3-5906-a995-915a797737cd"}, {"artist": "Gary Leach", "availability": ["paper"], "borderColor": "black", "colorIdentity": ["B"], "colors": ["B"], "convertedManaCost": 1.0, "edhrecRank": 75, "finishes": ["foil"], "foreignData": [], "frameVersion": "1997", "hasFoil": true, "hasNonFoil": false, "identifiers": {"mcmId": "17602", "mtgjsonV4Id": "fd65c94f-fece-53c9-8419-911d3ac01da3", "scryfallId": "33a6402e-1042-41be-a903-3a572aa5be3f", "scryfallIllustrationId": "1ffab604-294c-4568-aa4c-54a1205983e3", "scryfallOracleId": "ededbdae-d9dc-4206-9335-d7158f2d7700", "tcgplayerProductId": "38278"}, "isPromo": true, "isReprint": true, "isStarter": true, "layout": "normal", "legalities": {"commander": "Legal", "duel": "Banned", "legacy": "Banned", "premodern": "Banned", "vintage": "Restricted"}, "manaCost": "{B}", "manaValue": 1.0, "name": "Vampiric Tutor", "number": "2", "printings": ["6ED", "CMR", "EMA", "G00", "J18", "PRM", "VIS", "VMA", "WC99"], "promoTypes": ["judgegift"], "purchaseUrls": {"tcgplayer": "https://mtgjson.com/links/21fda4435dd36778"}, "rarity": "rare", "rulings": [{"date": "2016-06-08", "text": "The “shuffle and put the card on top” is a single action. If an effect causes the top card of the library to be face up, the second card down is not revealed."}], "setCode": "G00", "subtypes": [], "supertypes": [], "text": "Search your library for a card, then shuffle and put that card on top. You lose 2 life.", "type": "Instant", "types": ["Instant"], "uuid": "8efe97e2-ba14-5af4-aab4-24b8e9bfc056"}], "code": "G00", "isFoilOnly": true, "isOnlineOnly": false, "keyruneCode": "PARL", "name": "Judge Gift Cards 2000", "releaseDate": "2000-01-01", "tcgplayerGroupId": 62, "tokens": [], "totalSetSize": 2, "translations": {}, "type": "promo"}