{"cards": [{"artist": "Quinton Hoover", "availability": ["paper"], "borderColor": "black", "colorIdentity": ["R"], "colors": ["R"], "convertedManaCost": 3.0, "edhrecRank": 7006, "finishes": ["foil"], "flavorText": "\"Life, struck sharp on death, Makes awful lightning.\"\n—Elizabeth Barrett Browning,\n\"Aurora Leigh\"", "foreignData": [], "frameVersion": "1997", "hasFoil": true, "hasNonFoil": false, "identifiers": {"mcmId": "17591", "mtgjsonV4Id": "9e8bcc1f-e057-53cc-b7c3-0ba9d9e2746c", "scryfallId": "2b70b374-94b6-48d5-a1d7-04d012049c22", "scryfallIllustrationId": "5a032ef0-d987-4229-b150-6586bac38142", "scryfallOracleId": "7485cf25-eb41-4397-be13-7f0b8c10c70a", "tcgplayerProductId": "37963"}, "isPromo": true, "isReprint": true, "isStarter": true, "keywords": ["Haste", "Trample"], "layout": "normal", "legalities": {"commander": "Legal", "duel": "Legal", "legacy": "Legal", "modern": "Legal", "paupercommander": "Restricted", "penny": "Legal", "premodern": "Legal", "vintage": "Legal"}, "manaCost": "{R}{R}{R}", "manaValue": 3.0, "name": "Ball Lightning", "number": "1", "power": "6", "printings": ["4BB", "4ED", "5ED", "A25", "BTD", "DRK", "G01", "JMP", "M10", "ME1", "PD2", "PRM", "REN", "WC98"], "promoTypes": ["judgegift"], "purchaseUrls": {"tcgplayer": "https://mtgjson.com/links/630fe96dd931926f"}, "rarity": "rare", "rulings": [{"date": "2007-02-01", "text": "The creature is sacrificed at the end of every turn in which it is on the battlefield. There is no choice about what turn to sacrifice it."}], "setCode": "G01", "subtypes": ["Elemental"], "supertypes": [], "text": "Trample (This creature can deal excess combat damage to the player or planeswalker it's attacking.)\nHaste (This creature can attack and {T} as soon as it comes under your control.)\nAt the beginning of the end step, sacrifice Ball Lightning.", "toughness": "1", "type": "Creature — Elemental", "types": ["Creature"], "uuid": "042427ed-e43c-5327-b5bc-d46739a36d3d"}, {"artist": "Daren Bader", "availability": ["paper"], "borderColor": "black", "colorIdentity": ["G"], "colors": ["G"], "convertedManaCost": 2.0, "edhrecRank": 6663, "finishes": ["foil"], "foreignData": [], "frameVersion": "1997", "hasFoil": true, "hasNonFoil": false, "identifiers": {"mcmId": "17599", "mtgjsonV4Id": "35213395-8f36-509d-86ba-a6ce311601e7", "scryfallId": "5dd34ceb-2659-44fe-b11d-b6b71dcfef02", "scryfallIllustrationId": "b29b9393-1678-44a4-abeb-252be7c26382", "scryfallOracleId": "cf0dcb27-f02e-4065-81dc-75fbbb09ea3f", "tcgplayerProductId": "38262"}, "isPromo": true, "isReprint": true, "isStarter": true, "layout": "normal", "legalities": {"commander": "Legal", "duel": "Banned", "legacy": "Banned", "premodern": "Legal", "vintage": "Legal"}, "manaCost": "{1}{G}", "manaValue": 2.0, "name": "Oath of Druids", "number": "2", "printings": ["C16", "EXO", "G01", "PRM", "TPR", "VMA"], "promoTypes": ["judgegift"], "purchaseUrls": {"tcgplayer": "https://mtgjson.com/links/fd486a59cc1a8ec5"}, "rarity": "rare", "rulings": [{"date": "2009-10-01", "text": "The ability can only target an opponent of the current player."}, {"date": "2009-10-01", "text": "The targeted player controlling more creatures than the current player is a part of the targeting requirement. A player can’t be targeted by this ability unless it’s true, and the ability doesn’t resolve if it’s no longer true at that time."}], "setCode": "G01", "subtypes": [], "supertypes": [], "text": "At the beginning of each player's upkeep, that player chooses target player who controls more creatures than they do and is their opponent. The first player may reveal cards from the top of their library until they reveal a creature card. If the first player does, that player puts that card onto the battlefield and all other cards revealed this way into their graveyard.", "type": "Enchantment", "types": ["Enchantment"], "uuid": "5d967cd9-16f3-5f35-8844-be0a2b93415d"}], "code": "G01", "isFoilOnly": true, "isOnlineOnly": false, "keyruneCode": "PARL", "name": "Judge Gift Cards 2001", "releaseDate": "2001-01-01", "tcgplayerGroupId": 62, "tokens": [], "totalSetSize": 2, "translations": {}, "type": "promo"}