{"cards": [{"artist": "Ron Spencer", "availability": ["paper"], "borderColor": "black", "colorIdentity": ["R"], "colors": ["R"], "convertedManaCost": 3.0, "edhrecRank": 14652, "finishes": ["foil"], "foreignData": [], "frameVersion": "1997", "hasFoil": true, "hasNonFoil": false, "identifiers": {"mcmId": "17594", "mtgjsonV4Id": "8bbba934-0e89-5f1e-816f-b67dbb5d864b", "scryfallId": "40afb383-0453-4e27-82a7-5712ef5b39c3", "scryfallIllustrationId": "588f58c1-8e7c-4d4e-be2a-eec1ec7512f5", "scryfallOracleId": "3089bdd7-87e6-4d0e-ad98-c32e6f861c30", "tcgplayerProductId": "38249"}, "isPromo": true, "isReprint": true, "isStarter": true, "layout": "normal", "legalities": {"commander": "Legal", "duel": "Legal", "legacy": "Legal", "modern": "Legal", "penny": "Legal", "premodern": "Legal", "vintage": "Legal"}, "manaCost": "{1}{R}{R}", "manaValue": 3.0, "name": "Hammer of Bogardan", "number": "1", "printings": ["6ED", "8ED", "G02", "MIR", "PD2", "PRM", "WC97", "WC98", "WC99"], "promoTypes": ["judgegift"], "purchaseUrls": {"tcgplayer": "https://mtgjson.com/links/3ddc2dba58854f6a"}, "rarity": "rare", "rulings": [], "setCode": "G02", "subtypes": [], "supertypes": [], "text": "Hammer of Bogardan deals 3 damage to any target.\n{2}{R}{R}{R}: Return Hammer of Bogardan from your graveyard to your hand. Activate only during your upkeep.", "type": "Sorcery", "types": ["Sorcery"], "uuid": "bb01c2f9-9350-5ea4-979a-ef913acf938e"}, {"artist": "John Matson", "availability": ["paper"], "borderColor": "black", "colorIdentity": ["U"], "colors": ["U"], "convertedManaCost": 4.0, "edhrecRank": 11938, "finishes": ["foil"], "flavorText": "\"'Tis a shame, in such a tempest, to have but one anchor.\"\n—Laurence Sterne, *Tristram Shandy*", "foreignData": [], "frameVersion": "1997", "hasFoil": true, "hasNonFoil": false, "identifiers": {"mcmId": "17601", "mtgjsonV4Id": "4074ec88-ff9e-54dc-838a-be68edb85a3c", "scryfallId": "417d6751-6c77-4886-9d6a-5e5c9773825c", "scryfallIllustrationId": "f2670670-4476-49c9-8c5e-497a65d2133d", "scryfallOracleId": "d0314da0-da24-4f6e-b1f6-0d50617bcaaa", "tcgplayerProductId": "38277"}, "isPromo": true, "isReprint": true, "isStarter": true, "keywords": ["Flying"], "layout": "normal", "legalities": {"commander": "Legal", "duel": "Legal", "legacy": "Legal", "penny": "Legal", "premodern": "Legal", "vintage": "Legal"}, "manaCost": "{3}{U}", "manaValue": 4.0, "name": "Tradewind Rider", "number": "2", "power": "1", "printings": ["G02", "PRM", "TMP", "TPR", "VMA", "WC98"], "promoTypes": ["judgegift"], "purchaseUrls": {"tcgplayer": "https://mtgjson.com/links/00ba9412c53222ff"}, "rarity": "rare", "rulings": [], "setCode": "G02", "subtypes": ["Spirit"], "supertypes": [], "text": "Flying\n{T}, Tap two untapped creatures you control: Return target permanent to its owner's hand.", "toughness": "4", "type": "Creature — Spirit", "types": ["Creature"], "uuid": "8ba3c9bf-e5b0-5008-9755-267c97c4b81f"}], "code": "G02", "isFoilOnly": true, "isOnlineOnly": false, "keyruneCode": "PARL", "name": "Judge Gift Cards 2002", "releaseDate": "2002-01-01", "tcgplayerGroupId": 62, "tokens": [], "totalSetSize": 2, "translations": {}, "type": "promo"}