{"cards": [{"artist": "Brom", "availability": ["paper"], "borderColor": "black", "colorIdentity": [], "colors": [], "convertedManaCost": 0.0, "edhrecRank": 2710, "finishes": ["foil"], "foreignData": [], "frameVersion": "2003", "hasFoil": true, "hasNonFoil": false, "identifiers": {"mcmId": "17609", "mtgjsonV4Id": "d05e330d-1cb5-572b-9adb-b020fd7a5d49", "scryfallId": "b825eb24-751c-438a-a058-e08a17a30894", "scryfallIllustrationId": "9f565619-3ce5-411d-acac-604814e7c41c", "scryfallOracleId": "0c828f10-4775-492f-9224-1e2814ad2cad", "tcgplayerProductId": "38243"}, "isPromo": true, "isReprint": true, "isStarter": true, "layout": "normal", "legalities": {"commander": "Legal", "duel": "Legal", "legacy": "Legal", "modern": "Legal", "premodern": "Legal", "vintage": "Legal"}, "manaValue": 0.0, "name": "Gemstone Mine", "number": "1", "printings": ["G05", "PLIST", "PRM", "TSB", "WC97", "WC98", "WTH"], "promoTypes": ["judgegift"], "purchaseUrls": {"tcgplayer": "https://mtgjson.com/links/184308b20d0689a9"}, "rarity": "rare", "rulings": [{"date": "2004-10-04", "text": "Sacrificing this card when the last counter is removed is part of the effect of tapping it for mana."}, {"date": "2006-09-25", "text": "If the last mining counter is removed from Gemstone Mine in some way other than activating its ability (such as Chisei, Heart of Oceans), Gemstone Mine won’t be sacrificed but its ability can’t be activated."}], "setCode": "G05", "subtypes": [], "supertypes": [], "text": "Gemstone Mine enters the battlefield with three mining counters on it.\n{T}, Remove a mining counter from Gemstone Mine: Add one mana of any color. If there are no mining counters on Gemstone Mine, sacrifice it.", "type": "Land", "types": ["Land"], "uuid": "ea1ce36a-06af-5794-b33b-79f2d65e89c6", "watermark": "dci"}, {"artist": "Dameon Willich", "availability": ["paper"], "borderColor": "black", "colorIdentity": ["G"], "colors": ["G"], "convertedManaCost": 2.0, "edhrecRank": 326, "finishes": ["foil"], "foreignData": [], "frameVersion": "2003", "hasFoil": true, "hasNonFoil": false, "identifiers": {"mcmId": "17610", "mtgjsonV4Id": "40924b4c-6bb4-5490-bb3c-967cc2a6f87c", "scryfallId": "eea5640f-2f6e-485d-bd4c-4c4f9a29afc0", "scryfallIllustrationId": "ac024ad8-f00d-4b5f-b81b-71ebbb2476a2", "scryfallOracleId": "e6e4a8bd-5c40-4654-8de1-0da9afed90fd", "tcgplayerProductId": "38269"}, "isPromo": true, "isReprint": true, "isStarter": true, "layout": "normal", "legalities": {"commander": "Legal", "duel": "Legal", "gladiator": "Legal", "historic": "Legal", "historicbrawl": "Legal", "legacy": "Legal", "modern": "Legal", "penny": "Legal", "vintage": "Legal"}, "manaCost": "{1}{G}", "manaValue": 2.0, "name": "Regrowth", "number": "2", "printings": ["2ED", "3ED", "A25", "CED", "CEI", "DDL", "FBB", "G05", "LEA", "LEB", "MB1", "ME4", "MH1", "PRM", "STA", "SUM", "VMA"], "promoTypes": ["judgegift"], "purchaseUrls": {"tcgplayer": "https://mtgjson.com/links/93831356f82bda18"}, "rarity": "rare", "rulings": [], "setCode": "G05", "subtypes": [], "supertypes": [], "text": "Return target card from your graveyard to your hand.", "type": "Sorcery", "types": ["Sorcery"], "uuid": "f4e44018-ee23-5806-9680-d1af91e1dfaf", "watermark": "dci"}, {"artist": "Mark Tedin", "availability": ["paper"], "borderColor": "black", "colorIdentity": [], "colors": [], "convertedManaCost": 1.0, "edhrecRank": 1, "finishes": ["foil"], "foreignData": [], "frameVersion": "2003", "hasFoil": true, "hasNonFoil": false, "identifiers": {"mcmId": "17611", "mtgjsonV4Id": "c0c7dde8-424e-508d-9ada-5d26350da913", "scryfallId": "1a5b855b-f391-4963-a3d9-47880e084a7f", "scryfallIllustrationId": "54462260-8d64-4ec2-bac7-f2d469f187f3", "scryfallOracleId": "6ad8011d-3471-4369-9d68-b264cc027487", "tcgplayerProductId": "38270"}, "isPromo": true, "isReprint": true, "isStarter": true, "layout": "normal", "legalities": {"commander": "Legal", "duel": "Banned", "legacy": "Banned", "vintage": "Restricted"}, "manaCost": "{1}", "manaValue": 1.0, "name": "Sol Ring", "number": "3", "printings": ["2ED", "3ED", "AFC", "C13", "C14", "C15", "C16", "C17", "C18", "C19", "C20", "C21", "CC1", "CC2", "CED", "CEI", "CM2", "CMA", "CMD", "CMR", "FBB", "G05", "KHC", "LEA", "LEB", "MB1", "ME4", "MIC", "MPS", "PF19", "PRM", "PZ1", "SLD", "SUM", "V10", "VMA", "ZNC"], "promoTypes": ["judgegift"], "purchaseUrls": {"tcgplayer": "https://mtgjson.com/links/1145569406b35327"}, "rarity": "rare", "rulings": [], "setCode": "G05", "subtypes": [], "supertypes": [], "text": "{T}: Add {C}{C}.", "type": "Artifact", "types": ["Artifact"], "uuid": "f83184b5-ef8a-52e7-ad0e-219063d4e986", "watermark": "dci"}, {"artist": "Kaja Foglio & Phil Foglio", "availability": ["paper"], "borderColor": "black", "colorIdentity": [], "colors": [], "convertedManaCost": 0.0, "edhrecRank": 2214, "finishes": ["foil"], "foreignData": [], "frameVersion": "2003", "hasFoil": true, "hasNonFoil": false, "identifiers": {"mcmId": "17612", "mtgjsonV4Id": "e3cd33f9-5ea1-50c9-a7b3-34db35c5f92e", "scryfallId": "397d5e83-0634-4312-aa95-9f3cf928533c", "scryfallIllustrationId": "94a6f349-9fc7-472e-8713-a78eb95c8713", "scryfallOracleId": "5963e0ef-e0bc-4611-ad4f-813a4c0eacfb", "tcgplayerProductId": "38260"}, "isPromo": true, "isReprint": true, "isStarter": true, "layout": "normal", "legalities": {"commander": "Legal", "duel": "Legal", "legacy": "Legal", "modern": "Legal", "penny": "Legal", "premodern": "Legal", "vintage": "Legal"}, "manaValue": 0.0, "name": "Mishra's Factory", "number": "4", "printings": ["2XM", "4BB", "4ED", "A25", "AFC", "ATQ", "DDF", "EMA", "G05", "MB1", "ME1", "MH2", "PRM", "PTC", "REN", "RIN", "TD0"], "promoTypes": ["judgegift"], "purchaseUrls": {"tcgplayer": "https://mtgjson.com/links/5b57089988d491ac"}, "rarity": "rare", "rulings": [{"date": "2021-06-18", "text": "If Mishra’s Factory becomes a creature and you haven’t controlled it continuously since the beginning of your most recent turn, you won’t be able to activate its first or last abilities, and it won’t be able to attack (unless something is giving it haste)."}, {"date": "2021-06-18", "text": "Once Mishra’s Factory is an Assembly-Worker, it is a legal target for its last ability. For example, you could animate Mishra’s Factory, block with it, then activate it last ability to make it 3/3."}, {"date": "2021-06-18", "text": "If Mishra’s Factory is already a creature, activating the second ability will override any previous effects that set its power and/or toughness to specific values. Other effects that are affecting its power and/or toughness, including +1/+1 counters and the effects of spells like Giant Growth, will continue to apply."}], "setCode": "G05", "subtypes": [], "supertypes": [], "text": "{T}: Add {C}.\n{1}: Mishra's Factory becomes a 2/2 Assembly-Worker artifact creature until end of turn. It's still a land.\n{T}: Target Assembly-Worker creature gets +1/+1 until end of turn.", "type": "Land", "types": ["Land"], "uuid": "4b1580c1-546b-5397-8e12-07d097418c4c", "watermark": "dci"}], "code": "G05", "isFoilOnly": true, "isOnlineOnly": false, "keyruneCode": "PARL", "name": "Judge Gift Cards 2005", "releaseDate": "2005-01-01", "tcgplayerGroupId": 62, "tokens": [], "totalSetSize": 4, "translations": {}, "type": "promo"}