{"cards": [{"artist": "Rob Alexander", "availability": ["paper"], "borderColor": "black", "colorIdentity": ["W"], "colors": ["W"], "convertedManaCost": 6.0, "edhrecRank": 11545, "finishes": ["foil"], "flavorText": "\"She is a theme of honor and renown, ...Whose present courage may beat down our foes.\"\n—William Shakespeare, *Troilus and Cressida*", "foreignData": [], "frameVersion": "2003", "hasFoil": true, "hasNonFoil": false, "identifiers": {"mcmId": "17613", "mtgjsonV4Id": "d9d2c79e-e0ed-55e8-8835-5013145435d5", "scryfallId": "0ab545ad-5690-48f4-8d5e-7a06cfe8fc7c", "scryfallIllustrationId": "aa2ec3f1-2cf7-43ea-8b57-1a3cdbde3e7a", "scryfallOracleId": "2f6e9ab8-6951-4c5f-bcde-0e96e0fe87f2", "tcgplayerProductId": "38240"}, "isPromo": true, "isReprint": true, "isStarter": true, "keywords": ["Flying", "Morph"], "layout": "normal", "legalities": {"commander": "Legal", "duel": "Legal", "legacy": "Legal", "premodern": "Legal", "vintage": "Legal"}, "manaCost": "{4}{W}{W}", "manaValue": 6.0, "name": "Exalted Angel", "number": "1", "power": "4", "printings": ["G06", "ONS", "PRM", "V15", "WC03", "WC04"], "promoTypes": ["judgegift"], "purchaseUrls": {"tcgplayer": "https://mtgjson.com/links/e642e894181b677c"}, "rarity": "rare", "rulings": [{"date": "2004-10-04", "text": "You only gain the life when the triggered ability resolves. If you are reduced to zero life before the ability resolves, you will lose before gaining the life."}], "setCode": "G06", "subtypes": ["Angel"], "supertypes": [], "text": "Flying\nWhenever Exalted Angel deals damage, you gain that much life.\nMorph {2}{W}{W} (You may cast this card face down as a 2/2 creature for {3}. Turn it face up any time for its morph cost.)", "toughness": "5", "type": "Creature — Angel", "types": ["Creature"], "uuid": "60aa4183-5616-5685-9f03-67072fbbeb2a", "watermark": "dci"}, {"artist": "Michael Sutfin", "availability": ["paper"], "borderColor": "black", "colorIdentity": ["R"], "colors": ["R"], "convertedManaCost": 1.0, "edhrecRank": 7874, "finishes": ["foil"], "flavorText": "\"Fools dig for water, corpses, or gold. The earth's real treasure is far deeper.\"", "foreignData": [], "frameVersion": "2003", "hasFoil": true, "hasNonFoil": false, "identifiers": {"mcmId": "17614", "mtgjsonV4Id": "57386026-60dd-577f-b1cd-ebe71ebe2eb9", "scryfallId": "00c1c7c9-ca58-465a-9001-05e1c7baa51a", "scryfallIllustrationId": "02e98634-0830-48b0-b957-9aaace9acfc3", "scryfallOracleId": "37445e06-88a1-4e2e-a432-383736c9b977", "tcgplayerProductId": "38246"}, "isPromo": true, "isReprint": true, "isStarter": true, "layout": "normal", "legalities": {"commander": "Legal", "duel": "Legal", "gladiator": "Legal", "historic": "Legal", "historicbrawl": "Legal", "legacy": "Legal", "modern": "Legal", "premodern": "Legal", "vintage": "Legal"}, "manaCost": "{R}", "manaValue": 1.0, "name": "Grim Lavamancer", "number": "2", "power": "1", "printings": ["2XM", "E01", "G06", "JMP", "M12", "PD2", "PRM", "TOR"], "promoTypes": ["judgegift"], "purchaseUrls": {"tcgplayer": "https://mtgjson.com/links/09559a3ab0d4f733"}, "rarity": "rare", "rulings": [{"date": "2011-09-22", "text": "The two cards are exiled as the cost of Grim Lavamancer’s ability is paid. Players can’t respond to the paying of costs by trying to move those cards to another zone."}], "setCode": "G06", "subtypes": ["Human", "Wizard"], "supertypes": [], "text": "{R}, {T}, Exile two cards from your graveyard: Grim Lavamancer deals 2 damage to any target.", "toughness": "1", "type": "Creature — Human Wizard", "types": ["Creature"], "uuid": "11135e83-763d-500f-90f5-5684375edeb5", "watermark": "dci"}, {"artist": "Nottsuo", "availability": ["paper"], "borderColor": "black", "colorIdentity": ["U", "W"], "colors": ["U", "W"], "convertedManaCost": 2.0, "edhrecRank": 7127, "finishes": ["foil"], "flavorText": "Meddling mages chant so loudly that no one can get a spell in edgewise.", "foreignData": [], "frameVersion": "2003", "hasFoil": true, "hasNonFoil": false, "identifiers": {"mcmId": "17615", "mtgjsonV4Id": "ad8a6409-0f3b-5343-9af3-96d67911b8d7", "scryfallId": "ff33040f-08b3-4229-a543-d65610c25257", "scryfallIllustrationId": "cfbcc92f-64ed-4296-b5d9-1208b1b8c398", "scryfallOracleId": "a5d02339-9f6d-486e-87d8-5ec2274cf680", "tcgplayerProductId": "38257"}, "isPromo": true, "isReprint": true, "isStarter": true, "layout": "normal", "legalities": {"commander": "Legal", "duel": "Legal", "gladiator": "Legal", "historic": "Legal", "historicbrawl": "Banned", "legacy": "Legal", "modern": "Legal", "premodern": "Legal", "vintage": "Legal"}, "manaCost": "{W}{U}", "manaValue": 2.0, "name": "Meddling Mage", "number": "3", "power": "2", "printings": ["2XM", "ARB", "G06", "HA2", "MB1", "PLS", "PRM"], "promoTypes": ["judgegift"], "purchaseUrls": {"tcgplayer": "https://mtgjson.com/links/5c764e963ef3b19b"}, "rarity": "rare", "rulings": [{"date": "2009-05-01", "text": "No one can cast spells or activate abilities between the time a card is named and the time that Meddling Mage’s ability starts to work."}, {"date": "2009-05-01", "text": "Spells with the chosen name that somehow happen to already be on the stack when Meddling Mage enters the battlefield are not affected by Meddling Mage’s ability."}, {"date": "2009-05-01", "text": "Although the named card can’t be cast, it can still be put onto the battlefield by a spell or ability (if it’s a permanent card)."}, {"date": "2009-05-01", "text": "You can name either half of a split card, but not both. If you do so, that half (and both halves, if the split card has fuse) can’t be cast. The other half is unaffected."}, {"date": "2009-05-01", "text": "If a card with morph is named, that card may still be cast face down. Face-down cards have no names."}, {"date": "2009-05-01", "text": "Once Meddling Mage leaves the battlefield, the named card can be cast again."}], "setCode": "G06", "subtypes": ["Human", "Wizard"], "supertypes": [], "text": "As Meddling Mage enters the battlefield, choose a nonland card name.\nSpells with the chosen name can't be cast.", "toughness": "2", "type": "Creature — Human Wizard", "types": ["Creature"], "uuid": "fea7c8f5-3370-5d9e-91d9-3b7bfe93216b", "watermark": "dci"}, {"artist": "Ittoku", "availability": ["paper"], "borderColor": "black", "colorIdentity": ["B", "G"], "colors": ["B", "G"], "convertedManaCost": 3.0, "edhrecRank": 1094, "finishes": ["foil"], "flavorText": "\"The tyrannous and bloody deed is done, The most arch deed of piteous massacre That ever yet this land was guilty of.\"\n—William Shakespeare, *Richard III*", "foreignData": [], "frameVersion": "2003", "hasFoil": true, "hasNonFoil": false, "identifiers": {"mcmId": "17616", "mtgjsonV4Id": "7c80ff35-092e-580a-af91-8f51db0c6adb", "scryfallId": "7ccb3e75-dc82-4dab-be96-38da1c3f20e6", "scryfallIllustrationId": "861d15bd-4cc6-4e2c-a262-654ec16be219", "scryfallOracleId": "62e44e0d-eda0-4275-8367-49dab9a087c3", "tcgplayerProductId": "38264"}, "isPromo": true, "isReprint": true, "isStarter": true, "layout": "normal", "legalities": {"commander": "Legal", "duel": "Legal", "legacy": "Legal", "premodern": "Legal", "vintage": "Legal"}, "manaCost": "{1}{B}{G}", "manaValue": 3.0, "name": "Pernicious Deed", "number": "4", "printings": ["A25", "APC", "CNS", "G06", "PRM"], "promoTypes": ["judgegift"], "purchaseUrls": {"tcgplayer": "https://mtgjson.com/links/6d2b03b234220273"}, "rarity": "rare", "rulings": [{"date": "2018-03-16", "text": "If a permanent has {X} in its mana cost, X is considered to be 0."}, {"date": "2018-03-16", "text": "A token has a converted mana cost of 0 unless it is copying something else."}], "setCode": "G06", "subtypes": [], "supertypes": [], "text": "{X}, Sacrifice Pernicious Deed: Destroy each artifact, creature, and enchantment with mana value X or less.", "type": "Enchantment", "types": ["Enchantment"], "uuid": "0d7ad968-d838-5bc0-82d9-f19d7f5bffce", "watermark": "dci"}], "code": "G06", "isFoilOnly": true, "isOnlineOnly": false, "keyruneCode": "PARL", "name": "Judge Gift Cards 2006", "releaseDate": "2006-01-01", "tcgplayerGroupId": 62, "tokens": [], "totalSetSize": 4, "translations": {}, "type": "promo"}