{"cards": [{"artist": "Todd Lockwood", "availability": ["paper"], "borderColor": "black", "colorIdentity": ["G"], "colors": ["G"], "convertedManaCost": 4.0, "edhrecRank": 12398, "finishes": ["foil"], "flavorText": "\"All we know about the Krosan Forest we have learned from those few who made it out alive.\"\n—Elvish refugee", "foreignData": [], "frameVersion": "2003", "hasFoil": true, "hasNonFoil": false, "identifiers": {"mcmId": "18983", "mtgjsonV4Id": "5e64434d-4983-542f-8f17-5280f827ed4e", "scryfallId": "68c1142a-58c1-4a8e-808b-d47a45abb76b", "scryfallIllustrationId": "c7281c4b-a0dc-4c65-8de1-19198a1ce6fa", "scryfallOracleId": "ee771e66-72f8-480f-9920-92c68ab93c3b", "tcgplayerProductId": "38268"}, "isPromo": true, "isReprint": true, "isStarter": true, "layout": "normal", "legalities": {"commander": "Legal", "duel": "Legal", "gladiator": "Legal", "historic": "Legal", "historicbrawl": "Legal", "legacy": "Legal", "penny": "Legal", "premodern": "Legal", "vintage": "Legal"}, "manaCost": "{2}{G}{G}", "manaValue": 4.0, "name": "Ravenous Baloth", "number": "1", "power": "4", "printings": ["C13", "DDD", "G07", "GVL", "JMP", "ONS", "PRM"], "promoTypes": ["judgegift"], "purchaseUrls": {"tcgplayer": "https://mtgjson.com/links/eb488413c2fa1d9b"}, "rarity": "rare", "rulings": [], "setCode": "G07", "subtypes": ["Beast"], "supertypes": [], "text": "Sacrifice a Beast: You gain 4 life.", "toughness": "4", "type": "Creature — Beast", "types": ["Creature"], "uuid": "92c9d2c9-9533-5ae2-b1cf-07622eb0eac1", "watermark": "dci"}, {"artist": "Zoltan Boros & Gabor Szikszai", "availability": ["paper"], "borderColor": "black", "colorIdentity": ["U"], "colors": ["U"], "convertedManaCost": 3.0, "edhrecRank": 18558, "finishes": ["foil"], "flavorText": "The foolish wish for that which they desire. The cunning wish for that which they require.", "foreignData": [], "frameVersion": "2003", "hasFoil": true, "hasNonFoil": false, "identifiers": {"mcmId": "18984", "mtgjsonV4Id": "23f1e4ff-6d76-56bc-88db-937c32ea9310", "scryfallId": "c40e77eb-4363-4fd6-9f38-877d42e0f48c", "scryfallIllustrationId": "c6579860-6290-48c5-aa1e-69fff5c99cc6", "scryfallOracleId": "bdf80a55-b524-4d17-9be8-a0005403a0e7", "tcgplayerProductId": "38235"}, "isPromo": true, "isReprint": true, "isStarter": true, "layout": "normal", "legalities": {"commander": "Legal", "duel": "Legal", "legacy": "Legal", "premodern": "Legal", "vintage": "Legal"}, "manaCost": "{2}{U}", "manaValue": 3.0, "name": "Cunning Wish", "number": "2", "printings": ["G07", "JUD", "PRM", "WC02", "WC03"], "promoTypes": ["judgegift"], "purchaseUrls": {"tcgplayer": "https://mtgjson.com/links/c1c1bd6b7e94394b"}, "rarity": "rare", "rulings": [{"date": "2004-10-04", "text": "Can’t acquire the Ante cards. They are considered still “in the game” as are cards in the library and the graveyard."}, {"date": "2007-05-01", "text": "The choice is optional."}, {"date": "2007-05-01", "text": "If you fail to find something, you still exile this."}, {"date": "2007-09-16", "text": "Can’t acquire cards that are phased out."}, {"date": "2009-10-01", "text": "You can’t acquire exiled cards because those cards are still in one of the game’s zones."}, {"date": "2009-10-01", "text": "In a sanctioned event, a card that’s “outside the game” is one that’s in your sideboard. In an unsanctioned event, you may choose any card from your collection."}], "setCode": "G07", "subtypes": [], "supertypes": [], "text": "You may reveal an instant card you own from outside the game and put it into your hand. Exile Cunning Wish.", "type": "Instant", "types": ["Instant"], "uuid": "e9555d9e-fc6a-5ce9-bce3-3ee659aefc26", "watermark": "dci"}, {"artist": "Ron Spencer", "availability": ["paper"], "borderColor": "black", "colorIdentity": ["B"], "colors": ["B"], "convertedManaCost": 3.0, "edhrecRank": 1062, "finishes": ["foil"], "foreignData": [], "frameVersion": "2003", "hasFoil": true, "hasNonFoil": false, "identifiers": {"mcmId": "18985", "mtgjsonV4Id": "681dedc6-a7ec-557f-947f-9a99677e9b14", "scryfallId": "75d4f6fc-c5cd-416c-aafd-19c2f2c0cd51", "scryfallIllustrationId": "1eb67adf-187c-47e5-9fac-8db33729aaae", "scryfallOracleId": "322f0459-f394-44f0-977b-55fd0cbe0712", "tcgplayerProductId": "38283"}, "isPromo": true, "isReprint": true, "isReserved": true, "isStarter": true, "layout": "normal", "legalities": {"commander": "Legal", "duel": "Legal", "legacy": "Banned", "premodern": "Banned", "vintage": "Restricted"}, "manaCost": "{2}{B}", "manaValue": 3.0, "name": "Yawgmoth's Will", "number": "3", "printings": ["G07", "PRM", "USG", "VMA", "WC00", "WC99"], "promoTypes": ["judgegift"], "purchaseUrls": {"tcgplayer": "https://mtgjson.com/links/346aeef5e2b73451"}, "rarity": "rare", "rulings": [{"date": "2004-10-04", "text": "If you cast a Buyback spell, then there will be two effects trying to replace where the card goes. You get to choose if the Buyback returns the card to your hand or the card gets exiled."}, {"date": "2004-10-04", "text": "If an effect asks you to discard a card, you can’t “discard” something that is in your graveyard. Those cards are not in your hand. Thus, Cycling abilities of cards in the graveyard can’t be activated."}, {"date": "2004-10-04", "text": "The second ability creates a replacement effect. It applies to both costs and effects."}, {"date": "2004-10-04", "text": "If you play a card using Yawgmoth’s Will and something triggers only when “cast from your hand”, that something will not trigger. Such things trigger based on where the card came from."}, {"date": "2004-10-04", "text": "To “play a card” is to either cast a spell or to put a land onto the battlefield using the main phase special action."}, {"date": "2004-10-04", "text": "It will exile itself since it goes to the graveyard after its effect starts."}, {"date": "2006-10-15", "text": "You cannot Suspend a card from your graveyard, only your hand."}], "setCode": "G07", "subtypes": [], "supertypes": [], "text": "Until end of turn, you may play lands and cast spells from your graveyard.\nIf a card would be put into your graveyard from anywhere this turn, exile that card instead.", "type": "Sorcery", "types": ["Sorcery"], "uuid": "2640b259-fc12-5745-aac0-53f5bd6943cd", "watermark": "dci"}, {"artist": "Mark Zug", "availability": ["paper"], "borderColor": "black", "colorIdentity": ["B", "W"], "colors": ["B", "W"], "convertedManaCost": 3.0, "edhrecRank": 782, "finishes": ["foil"], "flavorText": "Some convictions are so strong that the world must break to accommodate them.", "foreignData": [], "frameVersion": "2003", "hasFoil": true, "hasNonFoil": false, "identifiers": {"mcmId": "18986", "mtgjsonV4Id": "ac886c46-34b5-54d1-94c3-3b100de28c22", "scryfallId": "2c2d88dd-813a-4cd5-9a6a-ca6f80564078", "scryfallIllustrationId": "c371e7fe-fe27-4bc7-bbe5-45029201c833", "scryfallOracleId": "63c1ac21-e3d8-40c2-8c09-3f31c52992ef", "tcgplayerProductId": "38279"}, "isPromo": true, "isReprint": true, "isStarter": true, "layout": "normal", "legalities": {"commander": "Legal", "duel": "Legal", "legacy": "Legal", "modern": "Legal", "premodern": "Legal", "vintage": "Legal"}, "manaCost": "{1}{W}{B}", "manaValue": 3.0, "name": "Vindicate", "number": "4", "printings": ["A25", "APC", "EMA", "G07", "J13", "MH2", "MP2", "PMH2", "PRM"], "promoTypes": ["judgegift"], "purchaseUrls": {"tcgplayer": "https://mtgjson.com/links/64867493ebfebef0"}, "rarity": "rare", "rulings": [], "setCode": "G07", "subtypes": [], "supertypes": [], "text": "Destroy target permanent.", "type": "Sorcery", "types": ["Sorcery"], "uuid": "a5af462e-afe3-53b5-9d9f-ab836e00b5ce", "watermark": "dci"}, {"artist": "Alan Pollack", "availability": ["paper"], "borderColor": "black", "colorIdentity": ["W"], "colors": ["W"], "convertedManaCost": 4.0, "edhrecRank": 2623, "finishes": ["foil"], "foreignData": [], "frameVersion": "2003", "hasFoil": true, "hasNonFoil": false, "identifiers": {"mcmId": "18987", "mtgjsonV4Id": "3390eb17-5ab7-53e3-9245-c5265254ab99", "scryfallId": "e3fd8bea-9fb2-4c28-b757-5b1dce091994", "scryfallIllustrationId": "d58b401a-a05a-4304-8ef7-dfd0b6655e89", "scryfallOracleId": "67a98359-6f02-4556-ad47-c01b643686d6", "tcgplayerProductId": "38237"}, "isPromo": true, "isReprint": true, "isStarter": true, "keywords": ["Cycling"], "layout": "normal", "legalities": {"commander": "Legal", "duel": "Legal", "legacy": "Legal", "penny": "Legal", "premodern": "Legal", "vintage": "Legal"}, "manaCost": "{X}{X}{2}{W}{W}", "manaValue": 4.0, "name": "Decree of Justice", "number": "5", "printings": ["A25", "C14", "C20", "DDO", "G07", "MB1", "PRM", "SCG", "TD0", "VMA", "WC03", "WC04"], "promoTypes": ["judgegift"], "purchaseUrls": {"tcgplayer": "https://mtgjson.com/links/8646ae9f0a0171a1"}, "rarity": "rare", "rulings": [{"date": "2008-10-01", "text": "Cycling is an activated ability. Effects that interact with activated abilities (such as Stifle or Rings of Brighthearth) will interact with cycling. Effects that interact with spells (such as Remove Soul or Faerie Tauntings) will not."}, {"date": "2008-10-01", "text": "When you cycle this card, first the cycling ability goes on the stack, then the triggered ability goes on the stack on top of it. The triggered ability will resolve before you draw a card from the cycling ability."}, {"date": "2008-10-01", "text": "The cycling ability and the triggered ability are separate. If the triggered ability doesn’t resolve (due to being countered with Stifle, for example, or if all its targets have become illegal), the cycling ability will still resolve and you’ll draw a card."}, {"date": "2018-03-16", "text": "A mana cost of {X}{X} means that you pay twice X. If you want X to be 3, you pay {8}{W}{W} to cast Decree of Justice."}], "setCode": "G07", "subtypes": [], "supertypes": [], "text": "Create X 4/4 white Angel creature tokens with flying.\nCycling {2}{W} ({2}{W}, Discard this card: Draw a card.)\nWhen you cycle Decree of Justice, you may pay {X}. If you do, create X 1/1 white Soldier creature tokens.", "type": "Sorcery", "types": ["Sorcery"], "uuid": "3055fa45-b8f0-57f6-a19f-33c40ed5468a", "watermark": "dci"}], "code": "G07", "isFoilOnly": true, "isOnlineOnly": false, "keyruneCode": "PARL", "name": "Judge Gift Cards 2007", "releaseDate": "2007-01-01", "tcgplayerGroupId": 62, "tokens": [], "totalSetSize": 5, "translations": {}, "type": "promo"}