{"cards": [{"artist": "Nils Hamm", "availability": ["paper"], "borderColor": "black", "colorIdentity": ["B"], "colors": ["B"], "convertedManaCost": 2.0, "edhrecRank": 787, "finishes": ["foil"], "flavorText": "In Lorwyn's brief evenings, the sun pauses at the horizon long enough for a certain species of violet to bloom with the fragrance of mischief.", "foreignData": [], "frameVersion": "2003", "hasFoil": true, "hasNonFoil": false, "identifiers": {"mcmId": "245690", "mtgjsonV4Id": "a28ac48d-b249-5189-9ef7-efb23885ae00", "scryfallId": "fc0d11d3-4d55-43a4-b59d-acc41aa671c5", "scryfallIllustrationId": "8e0f4417-d272-4741-a20b-8282f7a67ee1", "scryfallOracleId": "fb868840-09fa-49b1-85cb-b08ad065e972", "tcgplayerProductId": "39331"}, "isPromo": true, "isReprint": true, "isStarter": true, "layout": "normal", "legalities": {"commander": "Legal", "duel": "Legal", "legacy": "Legal", "modern": "Legal", "vintage": "Legal"}, "manaCost": "{1}{B}", "manaValue": 2.0, "name": "Bitterblossom", "number": "1", "printings": ["G11", "MM2", "MOR", "PRM", "PUMA", "SLD", "UMA"], "promoTypes": ["judgegift"], "purchaseUrls": {"tcgplayer": "https://mtgjson.com/links/3c4b43d70d88e585"}, "rarity": "rare", "rulings": [{"date": "2008-04-01", "text": "The effect is mandatory. You’ll lose 1 life even if you have only 1 life left."}, {"date": "2008-04-01", "text": "The life loss isn’t a payment. You’ll get a token even if you had 0 life (and another effect is stopping you from losing the game)."}], "setCode": "G11", "subtypes": ["Faerie"], "supertypes": [], "text": "At the beginning of your upkeep, you lose 1 life and create a 1/1 black Faerie Rogue creature token with flying.", "type": "Tribal Enchantment — Faerie", "types": ["Tribal", "Enchantment"], "uuid": "f224a1d0-5f51-534e-8c89-bdd511ebf29d", "watermark": "dci"}, {"artist": "Mark Zug", "availability": ["paper"], "borderColor": "black", "colorIdentity": [], "colors": [], "convertedManaCost": 3.0, "edhrecRank": 867, "finishes": ["foil"], "foreignData": [], "frameVersion": "1997", "hasFoil": true, "hasNonFoil": false, "identifiers": {"mcmId": "245054", "mtgjsonV4Id": "f2cd700d-b0c7-5434-a024-e4b5e052173c", "scryfallId": "298b410e-263e-4cb8-bc6d-309ecf3310d9", "scryfallIllustrationId": "d41559e7-442f-47a7-b0ef-721c58a4a4f1", "scryfallOracleId": "2ccdc60a-49a9-44b9-a7af-0ebf18b26785", "tcgplayerProductId": "39031"}, "isPromo": true, "isReprint": true, "isStarter": true, "keywords": ["Equip"], "layout": "normal", "legalities": {"commander": "Legal", "duel": "Legal", "legacy": "Legal", "modern": "Legal", "vintage": "Legal"}, "manaCost": "{3}", "manaValue": 3.0, "name": "Sword of Fire and Ice", "number": "2", "printings": ["2XM", "DST", "G11", "MMA", "MPS", "PRM"], "promoTypes": ["judgegift"], "purchaseUrls": {"tcgplayer": "https://mtgjson.com/links/23d3ed116b57c129"}, "rarity": "rare", "rulings": [{"date": "2013-06-07", "text": "The triggered ability has one target: the permanent or player to be dealt 2 damage. If that permanent or player is an illegal target when the ability tries to resolve, it won’t resolve and none of its effects will happen. You won’t draw a card."}], "setCode": "G11", "subtypes": ["Equipment"], "supertypes": [], "text": "Equipped creature gets +2/+2 and has protection from red and from blue.\nWhenever equipped creature deals combat damage to a player, Sword of Fire and Ice deals 2 damage to any target and you draw a card.\nEquip {2}", "type": "Artifact — Equipment", "types": ["Artifact"], "uuid": "0c56be6e-ec5f-584d-ac93-6f7bc5d0a962", "watermark": "dci"}, {"artist": "Jesper Ejsing", "availability": ["paper"], "borderColor": "black", "colorIdentity": ["U"], "colors": ["U"], "convertedManaCost": 3.0, "edhrecRank": 4267, "finishes": ["foil"], "foreignData": [], "frameVersion": "2003", "hasFoil": true, "hasNonFoil": false, "identifiers": {"mcmId": "245691", "mtgjsonV4Id": "5a902fa3-0820-5aa3-a405-b224c3723dba", "scryfallId": "78206620-db4a-44fb-b68c-fbbeaf2a9e24", "scryfallIllustrationId": "6adbfc4e-a188-45d1-909f-f540ae8b3ab8", "scryfallOracleId": "244d4807-0802-41bc-9460-55ac38a28a72", "tcgplayerProductId": "39332"}, "isPromo": true, "isReprint": true, "isStarter": true, "keywords": ["Flash", "Flying"], "layout": "normal", "leadershipSkills": {"brawl": false, "commander": true, "oathbreaker": false}, "legalities": {"commander": "Legal", "duel": "Legal", "legacy": "Legal", "modern": "Legal", "vintage": "Legal"}, "manaCost": "{1}{U}{U}", "manaValue": 3.0, "name": "Vendilion Clique", "number": "3", "power": "3", "printings": ["A25", "G11", "MM2", "MMA", "MOR", "PRM", "SLD"], "promoTypes": ["judgegift"], "purchaseUrls": {"tcgplayer": "https://mtgjson.com/links/ade8cabd942b7fe9"}, "rarity": "rare", "rulings": [], "setCode": "G11", "subtypes": ["Faerie", "Wizard"], "supertypes": ["Legendary"], "text": "Flash\nFlying\nWhen Vendilion Clique enters the battlefield, look at target player's hand. You may choose a nonland card from it. If you do, that player reveals the chosen card, puts it on the bottom of their library, then draws a card.", "toughness": "1", "type": "Legendary Creature — Faerie Wizard", "types": ["Creature"], "uuid": "2e8dcfa9-f1b9-5c3e-b04f-5c8ab9a0b702", "watermark": "dci"}, {"artist": "Ron Spears", "availability": ["paper"], "borderColor": "black", "colorIdentity": ["B"], "colors": ["B"], "convertedManaCost": 1.0, "edhrecRank": 289, "finishes": ["foil"], "flavorText": "A grave is the safest place to store ill-gotten treasures.", "foreignData": [], "frameVersion": "2003", "hasFoil": true, "hasNonFoil": false, "identifiers": {"mcmId": "266414", "mtgjsonV4Id": "aa6a01d5-92b1-5fa9-9319-21211efa3840", "scryfallId": "5c7bb22c-55b0-43e1-b52c-8bb4e75daaf6", "scryfallIllustrationId": "5f51eecd-6a7a-4e16-9f8f-2e4ed9ebaafc", "scryfallOracleId": "299fc083-0834-4064-8344-f895aff68867", "tcgplayerProductId": "79288"}, "isPromo": true, "isReprint": true, "isStarter": true, "layout": "normal", "legalities": {"commander": "Legal", "duel": "Banned", "legacy": "Legal", "premodern": "Banned", "vintage": "Legal"}, "manaCost": "{B}", "manaValue": 1.0, "name": "Entomb", "number": "4", "printings": ["EMA", "G11", "MP2", "ODY", "PD3", "PRM", "UMA", "WC03"], "promoTypes": ["judgegift"], "purchaseUrls": {"tcgplayer": "https://mtgjson.com/links/10e3219a20105e33"}, "rarity": "rare", "rulings": [], "setCode": "G11", "subtypes": [], "supertypes": [], "text": "Search your library for a card, put that card into your graveyard, then shuffle.", "type": "Instant", "types": ["Instant"], "uuid": "92df507a-17c3-5e64-94ee-c96c34af2cd8", "watermark": "dci"}, {"artist": "Matt Stewart", "availability": ["paper"], "borderColor": "black", "colorIdentity": [], "colors": [], "convertedManaCost": 0.0, "edhrecRank": 41, "finishes": ["foil"], "foreignData": [], "frameVersion": "2003", "hasFoil": true, "hasNonFoil": false, "identifiers": {"mcmId": "246714", "mtgjsonV4Id": "dc090b7a-cbff-5190-8672-56537596d09b", "scryfallId": "af226b54-7cde-462a-b1c5-42dfef1c2ee6", "scryfallIllustrationId": "b7c5b0f8-6bc4-4a4d-9d48-da1fa197e479", "scryfallOracleId": "2c63e4e1-89d2-4bc6-a232-94e75c4b1c8a", "tcgplayerProductId": "57646"}, "isPromo": true, "isReprint": true, "isStarter": true, "layout": "normal", "legalities": {"commander": "Legal", "duel": "Banned", "legacy": "Banned", "vintage": "Restricted"}, "manaCost": "{0}", "manaValue": 0.0, "name": "Mana Crypt", "number": "5", "printings": ["2XM", "EMA", "G11", "MB1", "ME2", "MPS", "PHPR", "PRM", "VMA"], "promoTypes": ["judgegift"], "purchaseUrls": {"tcgplayer": "https://mtgjson.com/links/6e515c7b0e56ab0c"}, "rarity": "rare", "rulings": [{"date": "2016-06-08", "text": "No player may choose to take actions between determining the result of the flip and damage being dealt if you lost the flip."}], "setCode": "G11", "subtypes": [], "supertypes": [], "text": "At the beginning of your upkeep, flip a coin. If you lose the flip, Mana Crypt deals 3 damage to you.\n{T}: Add {C}{C}.", "type": "Artifact", "types": ["Artifact"], "uuid": "4526ffbb-8ee0-5e2a-b27e-ab930be6f4c5", "watermark": "wotc"}, {"artist": "Ron Spears", "availability": ["paper"], "borderColor": "black", "colorIdentity": ["B"], "colors": ["B"], "convertedManaCost": 2.0, "edhrecRank": 525, "finishes": ["foil"], "flavorText": "Greatness, at any cost.", "foreignData": [], "frameVersion": "1997", "hasFoil": true, "hasNonFoil": false, "identifiers": {"mcmId": "248397", "mtgjsonV4Id": "67a18a9c-e0c4-53c7-b993-58ad858fbc71", "scryfallId": "14266659-4f24-4489-be7d-57e05fc874a2", "scryfallIllustrationId": "e8c534f2-d08c-4ff7-9a7a-46430090f698", "scryfallOracleId": "2068185c-1b50-47d0-aa3f-bf505d199428", "tcgplayerProductId": "48134"}, "isPromo": true, "isReprint": true, "isStarter": true, "layout": "normal", "legalities": {"commander": "Legal", "duel": "Legal", "legacy": "Legal", "modern": "Legal", "vintage": "Legal"}, "manaCost": "{1}{B}", "manaValue": 2.0, "name": "Dark Confidant", "number": "6", "power": "2", "printings": ["2XM", "G11", "MM2", "MMA", "PRM", "RAV"], "promoTypes": ["judgegift"], "purchaseUrls": {"tcgplayer": "https://mtgjson.com/links/c07a447eb0cb9c34"}, "rarity": "rare", "rulings": [], "setCode": "G11", "subtypes": ["Human", "Wizard"], "supertypes": [], "text": "At the beginning of your upkeep, reveal the top card of your library and put that card into your hand. You lose life equal to its mana value.", "toughness": "1", "type": "Creature — Human Wizard", "types": ["Creature"], "uuid": "3d69ebed-6f60-5dba-91c7-6343cc27df49"}, {"artist": "Chuck Lukacs", "availability": ["paper"], "borderColor": "black", "colorIdentity": ["G"], "colors": ["G"], "convertedManaCost": 5.0, "edhrecRank": 317, "finishes": ["foil"], "foreignData": [], "frameVersion": "2003", "hasFoil": true, "hasNonFoil": false, "identifiers": {"mcmId": "250563", "mtgjsonV4Id": "282e3c06-b3ba-5f96-a2e4-cf07d92b1375", "scryfallId": "dd5157b8-07df-4aec-8ea6-792cd582598f", "scryfallIllustrationId": "325884d5-0e57-4cbf-aa39-2a7b7ec645ae", "scryfallOracleId": "01546b7d-a233-4176-8843-d732074dc5b6", "tcgplayerProductId": "57636"}, "isPromo": true, "isReprint": true, "isStarter": true, "layout": "normal", "legalities": {"commander": "Legal", "duel": "Legal", "legacy": "Legal", "modern": "Legal", "vintage": "Legal"}, "manaCost": "{4}{G}", "manaValue": 5.0, "name": "Doubling Season", "number": "7", "printings": ["2XM", "BBD", "G11", "MMA", "PRM", "RAV"], "promoTypes": ["judgegift"], "purchaseUrls": {"tcgplayer": "https://mtgjson.com/links/7bcb19c81051e1be"}, "rarity": "rare", "rulings": [{"date": "2005-10-01", "text": "The tokens and counters that Doubling Season creates are exact copies of the kind of tokens and counters that were being created in the first place."}, {"date": "2005-10-01", "text": "Doubling Season affects cards that “enter the battlefield with” a certain number of counters. Triskelion, for example, would enter the battlefield with six +1/+1 counters on it rather than three."}, {"date": "2005-10-01", "text": "If there are two Doubling Seasons on the battlefield, then the number of tokens or counters is four times the original number. If there are three on the battlefield, then the number of tokens or counters is eight times the original number, and so on."}, {"date": "2005-10-01", "text": "Planeswalkers will enter the battlefield with double the normal amount of loyalty counters. However, if you activate an ability whose cost has you put loyalty counters on a planeswalker, the number you put on isn’t doubled. This is because those counters are put on as a cost, not as an effect."}], "setCode": "G11", "subtypes": [], "supertypes": [], "text": "If an effect would create one or more tokens under your control, it creates twice that many of those tokens instead.\nIf an effect would put one or more counters on a permanent you control, it puts twice that many of those counters on that permanent instead.", "type": "Enchantment", "types": ["Enchantment"], "uuid": "065006cf-3925-530a-acdb-7d979401884d", "watermark": "wotc"}, {"artist": "Scott M. Fischer", "availability": ["paper"], "borderColor": "black", "colorIdentity": ["R"], "colors": ["R"], "convertedManaCost": 1.0, "edhrecRank": 765, "finishes": ["foil"], "flavorText": "\"I wrecked your metal guy, boss. But look! I made you an ashtray.\"", "foreignData": [], "frameVersion": "2003", "hasFoil": true, "hasNonFoil": false, "identifiers": {"mcmId": "248395", "mtgjsonV4Id": "12cdd267-52f8-5ff8-9180-f2e0d3009447", "scryfallId": "e30ec0f5-5ce6-4498-abcb-8a116064ff3e", "scryfallIllustrationId": "9290e288-838e-4d63-bc1c-661d445cec08", "scryfallOracleId": "9fc28e1f-f4ea-4bf8-9442-a36dba3b3b29", "tcgplayerProductId": "57645"}, "isPromo": true, "isReprint": true, "isStarter": true, "layout": "normal", "legalities": {"commander": "Legal", "duel": "Legal", "legacy": "Legal", "premodern": "Legal", "vintage": "Legal"}, "manaCost": "{R}", "manaValue": 1.0, "name": "Goblin Welder", "number": "8", "power": "1", "printings": ["C14", "CM2", "DDU", "G11", "ULG"], "promoTypes": ["judgegift"], "purchaseUrls": {"tcgplayer": "https://mtgjson.com/links/6828cc7538d35a95"}, "rarity": "rare", "rulings": [{"date": "2008-08-01", "text": "As the new wording makes clear, both targets must still be legal as the ability resolves in order for it to do anything. If either one or both has become illegal, nothing gets sacrificed and nothing gets returned to the battlefield."}], "setCode": "G11", "subtypes": ["Goblin", "Artificer"], "supertypes": [], "text": "{T}: Choose target artifact a player controls and target artifact card in that player's graveyard. If both targets are still legal as this ability resolves, that player simultaneously sacrifices the artifact and returns the artifact card to the battlefield.", "toughness": "1", "type": "Creature — Goblin Artificer", "types": ["Creature"], "uuid": "b171d8b4-d6a1-5699-ac7b-38b87fe4badc", "watermark": "wotc"}], "code": "G11", "isFoilOnly": false, "isOnlineOnly": false, "keyruneCode": "PARL", "name": "Judge Gift Cards 2011", "releaseDate": "2011-01-01", "tcgplayerGroupId": 62, "tokens": [{"artist": "David Palumbo", "availability": ["paper"], "borderColor": "black", "colorIdentity": ["G"], "colors": ["G"], "finishes": ["nonfoil"], "frameVersion": "2003", "hasFoil": false, "hasNonFoil": true, "identifiers": {"mtgjsonV4Id": "ec20941f-5818-55f0-ad11-c9a4623f5327", "scryfallId": "ba563df6-08d8-465c-a89e-858e26f6b49b", "scryfallIllustrationId": "cc035855-ebc1-4443-976c-661e22b89991", "scryfallOracleId": "b2224843-8274-4872-a7ca-2adf69cc066b"}, "isPromo": true, "isReprint": true, "layout": "token", "name": "Wolf", "number": "9", "power": "2", "promoTypes": ["judgegift"], "reverseRelated": [], "setCode": "G11", "subtypes": ["Wolf"], "supertypes": [], "toughness": "2", "type": "Token Creature — Wolf", "types": ["Token", "Creature"], "uuid": "074fba10-055f-5c1c-b5a4-f11770c814d3"}], "totalSetSize": 8, "translations": {}, "type": "promo"}