{"cards": [{"artist": "Tyler Jacobson", "availability": ["paper"], "borderColor": "silver", "colorIdentity": ["G", "R", "W"], "colors": ["G", "R", "W"], "convertedManaCost": 4.0, "faceConvertedManaCost": 4.0, "faceManaValue": 4.0, "faceName": "Grimlock, Dinobot Leader", "finishes": ["foil"], "flavorText": "\"Me Grimlock no like you.\"", "foreignData": [], "frameVersion": "2015", "hasFoil": true, "hasNonFoil": false, "identifiers": {"mcmId": "300265", "mtgjsonV4Id": "ed04ca30-2b3c-5a01-9e9b-39ecade75f3e", "scryfallId": "f1bb8fb5-32f2-444d-85cb-de84657b21bd", "scryfallIllustrationId": "ab80af78-a169-436e-a75c-c829a4f71cbf", "scryfallOracleId": "41221db7-6161-449d-bac0-2f785d6020c2", "tcgplayerProductId": "145877"}, "isStarter": true, "layout": "transform", "leadershipSkills": {"brawl": false, "commander": true, "oathbreaker": false}, "legalities": {}, "manaCost": "{1}{R}{G}{W}", "manaValue": 4.0, "name": "Grimlock, Dinobot Leader // Grimlock, Ferocious King", "number": "1", "otherFaceIds": ["e6deae7b-2796-5906-b3b1-fb8b7a579f11"], "power": "4", "printings": ["H17"], "promoTypes": ["convention"], "purchaseUrls": {"tcgplayer": "https://mtgjson.com/links/9bc1fcd1d02dfea6"}, "rarity": "mythic", "rulings": [], "setCode": "H17", "side": "a", "subtypes": ["Autobot"], "supertypes": ["Legendary"], "text": "Dinosaurs, Vehicles, and other Transformers® creatures you control get +2/+0.\n{2}, Convert a Transformers toy you own to its other mode: Grimlock, Dinobot Leader becomes Grimlock, Ferocious King.", "toughness": "4", "type": "Legendary Artifact Creature — Autobot", "types": ["Artifact", "Creature"], "uuid": "6ea550a5-0bc3-58c7-84bf-06214f4b753f", "watermark": "transformers"}, {"artist": "Tyler Jacobson", "availability": ["paper"], "borderColor": "silver", "colorIdentity": ["G", "R", "W"], "colorIndicator": ["G", "R", "W"], "colors": ["G", "R", "W"], "convertedManaCost": 4.0, "faceConvertedManaCost": 0.0, "faceManaValue": 0.0, "faceName": "Grimlock, Ferocious King", "finishes": ["foil"], "flavorText": "\"Why you think Grimlock stupid? Me not stupid. Grimlock smartest Dinobot.\"", "foreignData": [], "frameVersion": "2015", "hasFoil": true, "hasNonFoil": false, "identifiers": {"mcmId": "300265", "mtgjsonV4Id": "f267a264-578c-5063-bd08-97d53be1b215", "scryfallId": "f1bb8fb5-32f2-444d-85cb-de84657b21bd", "scryfallIllustrationId": "36b32223-b900-4246-9dd9-cbbb01122377", "scryfallOracleId": "41221db7-6161-449d-bac0-2f785d6020c2", "tcgplayerProductId": "145877"}, "isStarter": true, "keywords": ["Trample"], "layout": "transform", "legalities": {}, "manaValue": 4.0, "name": "Grimlock, Dinobot Leader // Grimlock, Ferocious King", "number": "1", "otherFaceIds": ["6ea550a5-0bc3-58c7-84bf-06214f4b753f"], "power": "8", "printings": ["H17"], "promoTypes": ["convention"], "purchaseUrls": {"tcgplayer": "https://mtgjson.com/links/6d8d9b4cd1ab2a48"}, "rarity": "mythic", "rulings": [], "setCode": "H17", "side": "b", "subtypes": ["Dinosaur"], "supertypes": ["Legendary"], "text": "Trample\n{2}, Convert a Transformers toy you own to its other mode: Grimlock, Ferocious King becomes Grimlock, Dinobot Leader.", "toughness": "8", "type": "Legendary Artifact Creature — Dinosaur", "types": ["Artifact", "Creature"], "uuid": "e6deae7b-2796-5906-b3b1-fb8b7a579f11", "watermark": "transformers"}, {"artist": "Victor Adame Minguez", "availability": ["paper"], "borderColor": "silver", "colorIdentity": ["R", "U"], "colors": ["R", "U"], "convertedManaCost": 5.0, "finishes": ["foil"], "flavorText": "\"I'll tell you one thing—it's not nothin'!\"\n—Garj Grabclaw, goblin sergeant", "foreignData": [], "frameVersion": "2015", "hasFoil": true, "hasNonFoil": false, "identifiers": {"mcmId": "300267", "mtgjsonV4Id": "77fe0e3c-4357-5c8f-a8e5-e3a283e729ac", "scryfallId": "2eb08fc5-29a4-4911-ac94-dc5ff2fc2ace", "scryfallIllustrationId": "618cabf4-037e-43e1-9dec-51321a48f1af", "scryfallOracleId": "9db260cd-d6f9-4efc-b9a8-84bdc00a21ca", "tcgplayerProductId": "145875"}, "isStarter": true, "layout": "normal", "legalities": {}, "manaCost": "{3}{U}{R}", "manaValue": 5.0, "name": "Nerf War", "number": "2", "printings": ["H17"], "promoTypes": ["convention"], "purchaseUrls": {"tcgplayer": "https://mtgjson.com/links/366e1b4820f9d02a"}, "rarity": "mythic", "rulings": [], "setCode": "H17", "subtypes": [], "supertypes": [], "text": "Fire a Nerf® blaster until empty at target library from at least two meters away. For each card knocked off that library, put it into its owner's graveyard and Nerf War deals ½ damage to that player. (Foam darts only.)", "type": "Sorcery", "types": ["Sorcery"], "uuid": "214d34be-3570-5cab-839a-3af7eb53353a", "watermark": "nerf"}, {"artist": "Chris Rahn", "availability": ["paper"], "borderColor": "silver", "colorIdentity": [], "colors": [], "convertedManaCost": 3.0, "finishes": ["foil"], "foreignData": [], "frameVersion": "2015", "hasFoil": true, "hasNonFoil": false, "identifiers": {"mcmId": "300266", "mtgjsonV4Id": "973c2c45-fae5-5b63-8626-7ac41aa67e15", "scryfallId": "9e5180da-d757-415c-b92d-090ad5c1b658", "scryfallIllustrationId": "52c495e2-0e36-44de-a508-498fbd34fa8d", "scryfallOracleId": "8e0b725c-b27a-4aa2-8e4b-6ab47e73927d", "tcgplayerProductId": "145874"}, "isStarter": true, "keywords": ["Equip"], "layout": "normal", "legalities": {}, "manaCost": "{3}", "manaValue": 3.0, "name": "Sword of Dungeons & Dragons", "number": "3", "printings": ["H17", "UND", "UST"], "promoTypes": ["convention"], "purchaseUrls": {"tcgplayer": "https://mtgjson.com/links/ce3883c983ee8d4e"}, "rarity": "mythic", "rulings": [{"date": "2018-01-19", "text": "The Dragon token is monocolored. It’s gold."}, {"date": "2018-01-19", "text": "If asked to choose a color in a silver-bordered game, you can choose gold."}], "setCode": "H17", "subtypes": ["Equipment"], "supertypes": [], "text": "Equipped creature gets +2/+2 and has protection from Rogues and from Clerics.\nWhenever equipped creature deals combat damage to a player, create a 4/4 gold Dragon creature token with flying and roll a d20 (a twenty-sided die). If you roll a 20, repeat this process.\nEquip {2}", "type": "Artifact — Equipment", "types": ["Artifact"], "uuid": "e2085070-e5bf-589e-9858-fdbf3506972a", "watermark": "d&d"}], "code": "H17", "isFoilOnly": true, "isOnlineOnly": false, "keyruneCode": "H17", "name": "HasCon 2017", "releaseDate": "2017-09-20", "tokens": [{"artist": "Autumn Rain Turkel", "availability": ["paper"], "borderColor": "silver", "colorIdentity": [], "colors": [], "finishes": ["foil"], "frameVersion": "2015", "hasFoil": true, "hasNonFoil": false, "identifiers": {"mcmId": "301699", "mtgjsonV4Id": "b78e2594-4625-5dac-b2c9-cf5cddd1896c", "scryfallId": "8ee8b915-afd3-4fad-8aef-7e9cbbbbc2e4", "scryfallIllustrationId": "3dbbf7be-32ef-4782-aedc-fd7c6c24c7d7", "scryfallOracleId": "eaf318f0-2cad-437c-8162-78462ecbc235", "tcgplayerProductId": "145876"}, "keywords": ["Flying"], "layout": "token", "name": "Dragon", "number": "4", "power": "4", "promoTypes": ["convention"], "reverseRelated": ["Sword of Dungeons & Dragons"], "setCode": "H17", "subtypes": ["Dragon"], "supertypes": [], "text": "Flying", "toughness": "4", "type": "Token Creature — Dragon", "types": ["Token", "Creature"], "uuid": "d5abbb6b-aa86-501a-8dae-497523d36dcc", "watermark": "d&d"}], "totalSetSize": 4, "translations": {}, "type": "funny"}
