{"cards": [{"artist": "Matt Cavotta", "availability": ["arena"], "borderColor": "black", "colorIdentity": ["W"], "colors": ["W"], "convertedManaCost": 1.0, "edhrecRank": 16574, "finishes": ["nonfoil", "foil"], "foreignData": [], "frameVersion": "2015", "hasFoil": true, "hasNonFoil": true, "identifiers": {"mtgArenaId": "46873", "mtgjsonV4Id": "e538361b-ad92-5b73-8cac-b79281a645a0", "scryfallId": "8a8905ac-f349-4f02-a316-65dc702ffb37", "scryfallIllustrationId": "33fcbf39-2778-4964-8af0-6ff8ce085909", "scryfallOracleId": "b597e801-2648-48b9-8a21-02baa13e37af"}, "isOnlineOnly": true, "isReprint": true, "isStarter": true, "layout": "normal", "legalities": {"commander": "Legal", "duel": "Legal", "gladiator": "Legal", "historic": "Legal", "historicbrawl": "Legal", "legacy": "Legal", "modern": "Legal", "pauper": "Legal", "paupercommander": "Legal", "penny": "Legal", "vintage": "Legal"}, "manaCost": "{W}", "manaValue": 1.0, "name": "Court Homunculus", "number": "1", "power": "1", "printings": ["CON", "HA5", "MB1", "MM2", "MMA"], "purchaseUrls": {}, "rarity": "common", "rulings": [], "setCode": "HA5", "subtypes": ["Homunculus"], "supertypes": [], "text": "Court Homunculus gets +1/+1 as long as you control another artifact.", "toughness": "1", "type": "Artifact Creature — Homunculus", "types": ["Artifact", "Creature"], "uuid": "5e100e8b-6c2b-5d19-8164-0e41635c921d"}, {"artist": "Igor Kieryluk", "availability": ["arena"], "borderColor": "black", "colorIdentity": ["W"], "colors": ["W"], "convertedManaCost": 7.0, "edhrecRank": 443, "finishes": ["nonfoil", "foil"], "foreignData": [], "frameVersion": "2015", "hasFoil": true, "hasNonFoil": true, "identifiers": {"mtgArenaId": "50871", "mtgjsonV4Id": "091d2a25-41d3-52b5-9756-da39164fdc62", "scryfallId": "a4f74725-44d4-4ad1-8365-b21bc67e952e", "scryfallIllustrationId": "7618066e-d3fe-4ee5-aeea-f4e73a256ec0", "scryfallOracleId": "958d71ff-c9f7-46f0-96ca-79e7f4d65a16"}, "isOnlineOnly": true, "isReprint": true, "isStarter": true, "keywords": ["Vigilance"], "layout": "normal", "leadershipSkills": {"brawl": false, "commander": true, "oathbreaker": false}, "legalities": {"commander": "Legal", "duel": "Legal", "gladiator": "Legal", "historic": "Legal", "historicbrawl": "Legal", "legacy": "Legal", "modern": "Legal", "vintage": "Legal"}, "manaCost": "{5}{W}{W}", "manaValue": 7.0, "name": "Elesh Norn, Grand Cenobite", "number": "2", "power": "4", "printings": ["HA5", "IMA", "J14", "MB1", "MM2", "NPH", "PRM", "SLD"], "purchaseUrls": {}, "rarity": "mythic", "rulings": [{"date": "2017-11-17", "text": "If a second Elesh Norn, Grand Cenobite comes under your control, you’ll put one into its owner’s graveyard due to the “legend rule” at the same time that any of your opponents’ creatures getting -4/-4 are put into their owner’s graveyard for having 0 or less toughness."}], "setCode": "HA5", "subtypes": ["Phyrexian", "Praetor"], "supertypes": ["Legendary"], "text": "Vigilance\nOther creatures you control get +2/+2.\nCreatures your opponents control get -2/-2.", "toughness": "7", "type": "Legendary Creature — Phyrexian Praetor", "types": ["Creature"], "uuid": "f6d90436-54ff-57a8-a056-9173159788d4"}, {"artist": "Clint Cearley", "availability": ["arena"], "borderColor": "black", "colorIdentity": ["W"], "colors": ["W"], "convertedManaCost": 2.0, "edhrecRank": 898, "finishes": ["nonfoil", "foil"], "flavorText": "In life, they were a motley crew: farmers, lords, cutpurses, priests. In death, they are united in singular, benevolent purpose.", "foreignData": [], "frameVersion": "2015", "hasFoil": true, "hasNonFoil": true, "identifiers": {"mtgArenaId": "42684", "mtgjsonV4Id": "c8429336-2ee5-501e-b1c7-58c73eca28f6", "scryfallId": "12961074-f667-4653-8268-0b2798b354ba", "scryfallIllustrationId": "94187b15-b169-4556-bab1-6c7fe9d88555", "scryfallOracleId": "d21c3c8f-d105-4ba9-bf69-e5f26f0f8ec5"}, "isOnlineOnly": true, "isReprint": true, "isStarter": true, "layout": "normal", "legalities": {"commander": "Legal", "duel": "Legal", "gladiator": "Legal", "historic": "Legal", "historicbrawl": "Legal", "legacy": "Legal", "modern": "Legal", "penny": "Legal", "vintage": "Legal"}, "manaCost": "{1}{W}", "manaValue": 2.0, "name": "Intangible Virtue", "number": "3", "printings": ["C19", "CMR", "CNS", "EMA", "HA5", "ISD", "MD1", "MM3", "TSR"], "purchaseUrls": {}, "rarity": "uncommon", "rulings": [], "setCode": "HA5", "subtypes": [], "supertypes": [], "text": "Creature tokens you control get +1/+1 and have vigilance.", "type": "Enchantment", "types": ["Enchantment"], "uuid": "ec9a41a5-5a3a-5ff2-8083-ef2d6be1148b"}, {"artist": "Cliff Childs", "availability": ["arena"], "borderColor": "black", "colorIdentity": ["G", "W"], "colors": ["W"], "convertedManaCost": 2.0, "edhrecRank": 12698, "finishes": ["nonfoil", "foil"], "foreignData": [], "frameVersion": "2015", "hasFoil": true, "hasNonFoil": true, "identifiers": {"mtgArenaId": "43257", "mtgjsonV4Id": "b130dcd0-842b-521c-92c6-37a581a0a816", "scryfallId": "658f5cd6-4b46-4fb5-a774-ab410b200ea3", "scryfallIllustrationId": "9931ff97-cd1a-4844-a0c5-24183075e7e6", "scryfallOracleId": "4620bfa8-7198-44ae-a162-51a19ca0f555"}, "isOnlineOnly": true, "isReprint": true, "isStarter": true, "keywords": ["Flashback"], "layout": "normal", "legalities": {"commander": "Legal", "duel": "Legal", "gladiator": "Legal", "historic": "Legal", "historicbrawl": "Legal", "legacy": "Legal", "modern": "Legal", "pauper": "Legal", "paupercommander": "Legal", "penny": "Legal", "premodern": "Legal", "vintage": "Legal"}, "manaCost": "{1}{W}", "manaValue": 2.0, "name": "Ray of Revelation", "number": "4", "printings": ["DKA", "HA5", "JUD", "WC02", "WC03"], "purchaseUrls": {}, "rarity": "common", "rulings": [], "setCode": "HA5", "subtypes": [], "supertypes": [], "text": "Destroy target enchantment.\nFlashback {G} (You may cast this card from your graveyard for its flashback cost. Then exile it.)", "type": "Instant", "types": ["Instant"], "uuid": "3cd2fbcd-3c39-5935-95bc-fb793b99d8fc"}, {"artist": "Eric Deschamps", "availability": ["arena"], "borderColor": "black", "colorIdentity": ["U"], "colors": ["U"], "convertedManaCost": 10.0, "edhrecRank": 1365, "finishes": ["nonfoil", "foil"], "foreignData": [], "frameVersion": "2015", "hasFoil": true, "hasNonFoil": true, "identifiers": {"mtgArenaId": "50873", "mtgjsonV4Id": "49f678b7-0c8e-532f-8008-68cff7754d29", "scryfallId": "a7b8a82b-7dc2-4a39-8af5-c71511d164a3", "scryfallIllustrationId": "5ffdd945-3f26-4e61-a9f4-97261ee7552c", "scryfallOracleId": "eb23aed0-c450-4e57-96f2-2866dceca004"}, "isOnlineOnly": true, "isReprint": true, "isStarter": true, "keywords": ["Flash"], "layout": "normal", "leadershipSkills": {"brawl": false, "commander": true, "oathbreaker": false}, "legalities": {"commander": "Legal", "duel": "Legal", "gladiator": "Legal", "historic": "Legal", "historicbrawl": "Legal", "legacy": "Legal", "modern": "Legal", "vintage": "Legal"}, "manaCost": "{8}{U}{U}", "manaValue": 10.0, "name": "Jin-Gitaxias, Core Augur", "number": "5", "power": "5", "printings": ["HA5", "IMA", "NPH", "SLD"], "purchaseUrls": {}, "rarity": "mythic", "rulings": [{"date": "2017-11-17", "text": "If a player has more cards in their hand than their maximum hand size during the cleanup step of that player’s turn, that player discards until they have that many cards. A player’s maximum hand size isn’t checked at any time other than their own cleanup step."}, {"date": "2017-11-17", "text": "Jin-Gitaxias doesn’t affect the maximum hand size of its controller. Because the cleanup step is after the end step, its controller may have to discard some of the cards that were just drawn."}, {"date": "2017-11-17", "text": "Unless another spell or ability is affecting your opponent’s maximum hand size, Jin-Gitaxias’s ability will result in your opponent having a maximum hand size of zero. They will discard each card from their hand during their cleanup step."}], "setCode": "HA5", "subtypes": ["Phyrexian", "Praetor"], "supertypes": ["Legendary"], "text": "Flash\nAt the beginning of your end step, draw seven cards.\nEach opponent's maximum hand size is reduced by seven.", "toughness": "4", "type": "Legendary Creature — Phyrexian Praetor", "types": ["Creature"], "uuid": "f096fd5b-653b-52d6-8e98-84b275db57f2"}, {"artist": "Austin Hsu", "availability": ["arena"], "borderColor": "black", "colorIdentity": ["U"], "colors": ["U"], "convertedManaCost": 2.0, "edhrecRank": 3480, "finishes": ["nonfoil", "foil"], "foreignData": [], "frameVersion": "2015", "hasFoil": true, "hasNonFoil": true, "identifiers": {"mtgArenaId": "32925", "mtgjsonV4Id": "df24e915-f06e-5e28-95b7-7a28396f1ffa", "scryfallId": "db0e0989-e21b-4737-b653-69746f6ef974", "scryfallIllustrationId": "e2142a55-86c0-4335-a2e6-5226a4f61bdf", "scryfallOracleId": "67362406-b1ca-49e2-800d-9050bfe8742a"}, "isOnlineOnly": true, "isReprint": true, "isStarter": true, "layout": "normal", "legalities": {"commander": "Legal", "duel": "Legal", "gladiator": "Legal", "historic": "Legal", "historicbrawl": "Legal", "legacy": "Legal", "modern": "Legal", "pauper": "Legal", "paupercommander": "Legal", "penny": "Legal", "premodern": "Legal", "vintage": "Legal"}, "manaCost": "{1}{U}", "manaValue": 2.0, "name": "Merfolk Looter", "number": "6", "power": "1", "printings": ["10E", "7ED", "A25", "AFC", "CN2", "DDT", "EMA", "EXO", "HA5", "M10", "M12", "MB1", "TD0", "TPR", "WC01", "WC02"], "purchaseUrls": {}, "rarity": "common", "rulings": [{"date": "2018-03-16", "text": "You can’t do anything in between drawing a card and discarding a card, including casting or cycling the card you drew."}], "setCode": "HA5", "subtypes": ["Merfolk", "Rogue"], "supertypes": [], "text": "{T}: Draw a card, then discard a card.", "toughness": "1", "type": "Creature — Merfolk Rogue", "types": ["Creature"], "uuid": "227bd464-48b0-55e2-9317-0255c4605f95"}, {"artist": "Chase Stone", "availability": ["arena"], "borderColor": "black", "colorIdentity": ["U"], "colors": ["U"], "convertedManaCost": 5.0, "edhrecRank": 4409, "finishes": ["nonfoil", "foil"], "flavorText": "The Hold, an illegal research facility in a derelict merchant ship, became a wellspring of renegade intelligence.", "foreignData": [], "frameVersion": "2015", "hasFoil": true, "hasNonFoil": true, "identifiers": {"mtgArenaId": "64261", "mtgjsonV4Id": "1fbfc083-b57f-55f2-8131-22083a780e01", "scryfallId": "0411f5be-898a-4adc-bb89-a839a3b21c05", "scryfallIllustrationId": "7e62a2d5-5216-4d27-a979-4c77488ab4ca", "scryfallOracleId": "f56596be-e12f-4ab6-af61-3ef8dc87134c"}, "isOnlineOnly": true, "isReprint": true, "isStarter": true, "keywords": ["Improvise"], "layout": "normal", "legalities": {"commander": "Legal", "duel": "Legal", "gladiator": "Legal", "historic": "Legal", "historicbrawl": "Legal", "legacy": "Legal", "modern": "Legal", "penny": "Legal", "pioneer": "Legal", "vintage": "Legal"}, "manaCost": "{3}{U}{U}", "manaValue": 5.0, "name": "Reverse Engineer", "number": "7", "printings": ["AER", "C18", "F17", "HA5", "PRM"], "purchaseUrls": {}, "rarity": "uncommon", "rulings": [{"date": "2018-07-13", "text": "Improvise doesn’t change a spell’s mana cost or converted mana cost."}, {"date": "2018-07-13", "text": "When calculating a spell’s total cost, include any alternative costs, additional costs, or anything else that increases or reduces the cost to cast the spell. Improvise applies after the total cost is calculated."}, {"date": "2018-07-13", "text": "Improvise can’t pay for {W}, {U}, {B}, {R}, {G}, or {C} mana symbols in a spell’s total cost."}, {"date": "2018-07-13", "text": "Improvise can’t be used to pay for anything other than the cost of casting the spell. For example, it can’t be used during the resolution of an ability that says “Counter target spell unless its controller pays {3}.”"}, {"date": "2018-07-13", "text": "If an artifact you control has a mana ability with {T} in the cost, activating that ability while casting a spell with improvise will result in the artifact being tapped when you pay the spell’s costs. You won’t be able to tap it again for improvise. Similarly, if you sacrifice an artifact to activate a mana ability while casting a spell with improvise, that artifact won’t be on the battlefield when you pay the spell’s costs, so you won’t be able to tap it for improvise."}, {"date": "2018-07-13", "text": "Tapping an artifact won’t cause its abilities to stop applying unless those abilities say so."}, {"date": "2018-07-13", "text": "Equipment attached to a creature doesn’t become tapped when that creature becomes tapped, and tapping that Equipment doesn’t cause the creature to become tapped."}, {"date": "2018-07-13", "text": "When using improvise to cast a spell with {X} in its mana cost, first choose the value for X. That choice, plus any cost increases or decreases, will determine the spell’s total cost. Then you can tap artifacts you control to help pay that cost. For example, if you cast Saheeli’s Directive and choose X to be 3, the total cost is {3}{R}{R}{R}. If you tap two artifacts, you’ll have to pay {1}{R}{R}{R}."}], "setCode": "HA5", "subtypes": [], "supertypes": [], "text": "Improvise (Your artifacts can help cast this spell. Each artifact you tap after you're done activating mana abilities pays for {1}.)\nDraw three cards.", "type": "Sorcery", "types": ["Sorcery"], "uuid": "35554ac4-5e61-55d2-a1aa-46f0826398e6"}, {"artist": "Dany Orizio", "availability": ["arena"], "borderColor": "black", "colorIdentity": ["U"], "colors": ["U"], "convertedManaCost": 1.0, "edhrecRank": 3002, "finishes": ["nonfoil", "foil"], "flavorText": "\"If I wanted your opinion, I'd have told you what it was.\"\n—Pemmin, Riptide survivor", "foreignData": [], "frameVersion": "2015", "hasFoil": true, "hasNonFoil": true, "identifiers": {"mtgArenaId": "18902", "mtgjsonV4Id": "f10e8657-936a-5b37-869e-12f2dc61ca09", "scryfallId": "136e3710-9696-44ce-89c6-83a470e04e5d", "scryfallIllustrationId": "b3adbbdc-9747-4745-95f1-fda5617529f2", "scryfallOracleId": "b3b00911-ece7-4484-bc36-f211ce72b6cc"}, "isOnlineOnly": true, "isReprint": true, "isStarter": true, "layout": "normal", "legalities": {"commander": "Legal", "duel": "Legal", "gladiator": "Legal", "historic": "Legal", "historicbrawl": "Legal", "legacy": "Legal", "premodern": "Legal", "vintage": "Legal"}, "manaCost": "{U}", "manaValue": 1.0, "name": "Stifle", "number": "8", "printings": ["CNS", "G09", "HA5", "MP2", "PRM", "SCG", "WC04"], "purchaseUrls": {}, "rarity": "rare", "rulings": [{"date": "2004-10-04", "text": "An activated ability has a “Cost: Effect” format. Look for the colon. A triggered ability starts with “when”, “whenever”, or “at”."}, {"date": "2004-10-04", "text": "Turn-based actions and special actions like the normal card draw, combat damage, or turning a face-down creature face up can’t be targeted."}, {"date": "2004-10-04", "text": "It can target delayed triggered abilities. For example, a card that says “Whenever a player cycles a card, you may exile target creature. If you do, return that creature to the battlefield at the beginning of the end step.” triggers when a player cycles a card and creates a delayed trigger that happens at the beginning of the end step. You can choose to target the “at the beginning of the end step” trigger when it is placed on the stack at end of turn."}], "setCode": "HA5", "subtypes": [], "supertypes": [], "text": "Counter target activated or triggered ability. (Mana abilities can't be targeted.)", "type": "Instant", "types": ["Instant"], "uuid": "d809c0b0-380b-56ab-a4f6-92a871e1a22f"}, {"artist": "Winona Nelson", "availability": ["arena"], "borderColor": "black", "colorIdentity": ["U"], "colors": ["U"], "convertedManaCost": 4.0, "edhrecRank": 2122, "finishes": ["nonfoil", "foil"], "foreignData": [], "frameVersion": "2015", "hasFoil": true, "hasNonFoil": true, "identifiers": {"mtgArenaId": "61231", "mtgjsonV4Id": "c06b49af-2ede-584f-8cd3-6a4dcf4fe5e9", "scryfallId": "3547e067-97a9-4500-8a0b-3b0321cf2846", "scryfallIllustrationId": "2053511b-0ae3-4ba4-a8a1-3b2218bccdcd", "scryfallOracleId": "7060f2c8-fca0-4b7a-bddf-37682f434596"}, "isOnlineOnly": true, "isReprint": true, "isStarter": true, "layout": "normal", "legalities": {"commander": "Legal", "duel": "Legal", "gladiator": "Legal", "historic": "Legal", "historicbrawl": "Legal", "legacy": "Legal", "modern": "Legal", "paupercommander": "Restricted", "penny": "Legal", "pioneer": "Legal", "vintage": "Legal"}, "manaCost": "{2}{U}{U}", "manaValue": 4.0, "name": "Whirler Rogue", "number": "9", "power": "2", "printings": ["C18", "DDU", "GNT", "HA5", "KHC", "ORI", "ZNC"], "purchaseUrls": {}, "rarity": "uncommon", "rulings": [{"date": "2015-06-22", "text": "You may tap any two untapped artifacts you control, including artifact creatures that haven’t been under your control continuously since the beginning of your most recent turn."}, {"date": "2015-06-22", "text": "Activating the second ability of Whirler Rogue after a creature has become blocked won’t cause it to become unblocked."}], "setCode": "HA5", "subtypes": ["Human", "Rogue", "Artificer"], "supertypes": [], "text": "When Whirler Rogue enters the battlefield, create two 1/1 colorless Thopter artifact creature tokens with flying.\nTap two untapped artifacts you control: Target creature can't be blocked this turn.", "toughness": "2", "type": "Creature — Human Rogue Artificer", "types": ["Creature"], "uuid": "416d6e15-be84-557b-b58d-e4eac42e2509"}, {"artist": "Jana Schirmer & Johannes Voss", "availability": ["arena"], "borderColor": "black", "colorIdentity": ["B"], "colors": ["B"], "convertedManaCost": 7.0, "edhrecRank": 505, "finishes": ["nonfoil", "foil"], "foreignData": [], "frameVersion": "2015", "hasFoil": true, "hasNonFoil": true, "identifiers": {"mtgArenaId": "50875", "mtgjsonV4Id": "78c93477-af8b-5f31-b494-3cbf46ad1244", "scryfallId": "3b3d4fc9-ed2f-48ad-9f02-a03538ac9196", "scryfallIllustrationId": "f797e52c-0ecb-43b6-81ce-592c1fe285b1", "scryfallOracleId": "9218b56d-aaec-482f-99e9-d95d227bfe25"}, "isOnlineOnly": true, "isReprint": true, "isStarter": true, "keywords": ["Swampwalk"], "layout": "normal", "leadershipSkills": {"brawl": false, "commander": true, "oathbreaker": false}, "legalities": {"commander": "Legal", "duel": "Legal", "gladiator": "Legal", "historic": "Legal", "historicbrawl": "Legal", "legacy": "Legal", "modern": "Legal", "vintage": "Legal"}, "manaCost": "{5}{B}{B}", "manaValue": 7.0, "name": "Sheoldred, Whispering One", "number": "10", "power": "6", "printings": ["HA5", "IMA", "JMP", "NPH", "PNPH", "PRM", "SLD"], "purchaseUrls": {}, "rarity": "mythic", "rulings": [{"date": "2017-11-17", "text": "Swampwalk is a keyword ability that means “This creature can’t be blocked if defending player controls a Swamp.” Most nonbasic lands don’t have basic land types, even if they produce colored mana. For example, Graven Cairns is neither a Swamp nor a Mountain, while Blood Crypt is both."}, {"date": "2017-11-17", "text": "If another triggered ability during your upkeep causes you to sacrifice a creature, such as that of Lord of the Pit, you won’t be able to target it with Sheoldred’s triggered ability as that ability is put on the stack."}, {"date": "2017-11-17", "text": "The opponent whose upkeep it is chooses a creature to sacrifice when Sheoldred’s second triggered ability resolves."}, {"date": "2017-11-17", "text": "In a Two-Headed Giant game, the last ability will trigger twice at the beginning of the opposing team’s upkeep, once for each player on that team. Each player sacrifices only a creature they control."}], "setCode": "HA5", "subtypes": ["Phyrexian", "Praetor"], "supertypes": ["Legendary"], "text": "Swampwalk (This creature can't be blocked as long as defending player controls a Swamp.)\nAt the beginning of your upkeep, return target creature card from your graveyard to the battlefield.\nAt the beginning of each opponent's upkeep, that player sacrifices a creature.", "toughness": "6", "type": "Legendary Creature — Phyrexian Praetor", "types": ["Creature"], "uuid": "61b422e5-4ea6-5f83-966e-51ace7574cc6"}, {"artist": "Brad Rigney", "availability": ["arena"], "borderColor": "black", "colorIdentity": ["B"], "colors": ["B"], "convertedManaCost": 2.0, "edhrecRank": 7882, "finishes": ["nonfoil", "foil"], "flavorText": "From the remnants of the dead, Geth forged a swarm to safeguard his throne.", "foreignData": [], "frameVersion": "2015", "hasFoil": true, "hasNonFoil": true, "identifiers": {"mtgArenaId": "39770", "mtgjsonV4Id": "591c524b-2a2b-56c3-930a-979c27b40584", "scryfallId": "d0bde0ae-5245-4251-a7bf-ddd8373412f3", "scryfallIllustrationId": "f2350041-fbb5-4141-a636-f5d6ce75e7cd", "scryfallOracleId": "64cf5d59-7bcd-4b0b-a160-c8468d4c0f60"}, "isOnlineOnly": true, "isReprint": true, "isStarter": true, "keywords": ["Flying", "Lifelink"], "layout": "normal", "legalities": {"commander": "Legal", "duel": "Legal", "gladiator": "Legal", "historic": "Legal", "historicbrawl": "Legal", "legacy": "Legal", "modern": "Legal", "pauper": "Legal", "paupercommander": "Legal", "vintage": "Legal"}, "manaCost": "{1}{B/P}", "manaValue": 2.0, "name": "Vault Skirge", "number": "11", "power": "1", "printings": ["HA5", "NPH", "PRM", "PWP11"], "purchaseUrls": {}, "rarity": "common", "rulings": [{"date": "2011-06-01", "text": "A card with Phyrexian mana symbols in its mana cost is each color that appears in that mana cost, regardless of how that cost may have been paid."}, {"date": "2011-06-01", "text": "To calculate the converted mana cost of a card with Phyrexian mana symbols in its cost, count each Phyrexian mana symbol as 1."}, {"date": "2011-06-01", "text": "As you cast a spell or activate an activated ability with one or more Phyrexian mana symbols in its cost, you choose how to pay for each Phyrexian mana symbol at the same time you would choose modes or choose a value for X."}, {"date": "2011-06-01", "text": "If you’re at 1 life or less, you can’t pay 2 life."}, {"date": "2011-06-01", "text": "Phyrexian mana is not a new color. Players can’t add Phyrexian mana to their mana pools."}], "setCode": "HA5", "subtypes": ["Phyrexian", "Imp"], "supertypes": [], "text": "({B/P} can be paid with either {B} or 2 life.)\nFlying\nLifelink (Damage dealt by this creature also causes you to gain that much life.)", "toughness": "1", "type": "Artifact Creature — Phyrexian Imp", "types": ["Artifact", "Creature"], "uuid": "e774959e-12df-54c8-aef0-570504f365d4"}, {"artist": "Ryan Yee", "availability": ["arena"], "borderColor": "black", "colorIdentity": ["G", "R"], "colors": ["R"], "convertedManaCost": 2.0, "edhrecRank": 5297, "finishes": ["nonfoil", "foil"], "foreignData": [], "frameVersion": "2015", "hasFoil": true, "hasNonFoil": true, "identifiers": {"mtgArenaId": "42618", "mtgjsonV4Id": "a186f575-2c22-56cc-9adc-e92049c23f58", "scryfallId": "c6440065-8d1e-4767-9706-8906d5aa29a9", "scryfallIllustrationId": "72b021ab-cf32-490d-8deb-9502a0a8d40a", "scryfallOracleId": "306593b0-6ea8-476f-a3f2-e17876c1bab4"}, "isOnlineOnly": true, "isReprint": true, "isStarter": true, "keywords": ["Flashback"], "layout": "normal", "legalities": {"commander": "Legal", "duel": "Legal", "gladiator": "Legal", "historic": "Legal", "historicbrawl": "Legal", "legacy": "Legal", "modern": "Legal", "pauper": "Legal", "paupercommander": "Legal", "penny": "Legal", "vintage": "Legal"}, "manaCost": "{1}{R}", "manaValue": 2.0, "name": "Ancient Grudge", "number": "12", "printings": ["F12", "HA5", "ISD", "MB1", "MM3", "PRM", "SLD", "TD0", "TSP", "TSR"], "purchaseUrls": {}, "rarity": "common", "rulings": [{"date": "2021-03-19", "text": "“Flashback [cost]” means “You may cast this card from your graveyard by paying [cost] rather than paying its mana cost” and “If the flashback cost was paid, exile this card instead of putting it anywhere else any time it would leave the stack.”"}, {"date": "2021-03-19", "text": "You must still follow any timing restrictions and permissions, including those based on the card’s type. For instance, you can cast a sorcery using flashback only when you could normally cast a sorcery."}, {"date": "2021-03-19", "text": "To determine the total cost of a spell, start with the mana cost or alternative cost (such as a flashback cost) you’re paying, add any cost increases, then apply any cost reductions. The mana value of the spell is determined only by its mana cost, no matter what the total cost to cast the spell was."}, {"date": "2021-03-19", "text": "A spell cast using flashback will always be exiled afterward, whether it resolves, is countered, or leaves the stack in some other way."}, {"date": "2021-03-19", "text": "You can cast a spell using flashback even if it was somehow put into your graveyard without having been cast."}, {"date": "2021-03-19", "text": "If a card with flashback is put into your graveyard during your turn, you can cast it if it’s legal to do so before any other player can take any actions."}], "setCode": "HA5", "subtypes": [], "supertypes": [], "text": "Destroy target artifact.\nFlashback {G} (You may cast this card from your graveyard for its flashback cost. Then exile it.)", "type": "Instant", "types": ["Instant"], "uuid": "295db6cc-ec5c-5c9e-b107-c1180bfd4720"}, {"artist": "Kev Walker", "availability": ["arena"], "borderColor": "black", "colorIdentity": ["R"], "colors": ["R"], "convertedManaCost": 9.0, "edhrecRank": 5614, "finishes": ["nonfoil", "foil"], "foreignData": [], "frameVersion": "2015", "hasFoil": true, "hasNonFoil": true, "identifiers": {"mtgArenaId": "18892", "mtgjsonV4Id": "ce7c11db-a241-5245-abd4-95e71b49c4f0", "scryfallId": "0be15359-8b3b-430e-b99f-7e0657d1a98d", "scryfallIllustrationId": "aa700c3d-7b86-4118-89f9-2c1700d19ca1", "scryfallOracleId": "d74c3871-018a-4450-a613-f67703bb0d72"}, "isOnlineOnly": true, "isReprint": true, "isStarter": true, "keywords": ["Storm"], "layout": "normal", "legalities": {"commander": "Legal", "duel": "Legal", "gladiator": "Legal", "historic": "Legal", "historicbrawl": "Legal", "legacy": "Legal", "modern": "Legal", "penny": "Legal", "premodern": "Legal", "vintage": "Legal"}, "manaCost": "{8}{R}", "manaValue": 9.0, "name": "Dragonstorm", "number": "13", "printings": ["DRB", "HA5", "MMA", "SCG", "TSB"], "purchaseUrls": {}, "rarity": "rare", "rulings": [{"date": "2013-06-07", "text": "The copies are put directly onto the stack. They aren’t cast and won’t be counted by other spells with storm cast later in the turn."}, {"date": "2013-06-07", "text": "Spells cast from zones other than a player’s hand and spells that were countered are counted by the storm ability."}, {"date": "2013-06-07", "text": "A copy of a spell can be countered like any other spell, but it must be countered individually. Countering a spell with storm won’t affect the copies."}, {"date": "2013-06-07", "text": "The triggered ability that creates the copies can itself be countered by anything that can counter a triggered ability. If it is countered, no copies will be put onto the stack."}], "setCode": "HA5", "subtypes": [], "supertypes": [], "text": "Search your library for a Dragon permanent card, put it onto the battlefield, then shuffle.\nStorm (When you cast this spell, copy it for each spell cast before it this turn.)", "type": "Sorcery", "types": ["Sorcery"], "uuid": "87787fcd-6cda-5583-bfad-ee54f9539fd6"}, {"artist": "Lars Grant-West", "availability": ["arena"], "borderColor": "black", "colorIdentity": ["R"], "colors": ["R"], "convertedManaCost": 3.0, "edhrecRank": 2556, "finishes": ["nonfoil", "foil"], "foreignData": [], "frameVersion": "2015", "hasFoil": true, "hasNonFoil": true, "identifiers": {"mtgArenaId": "78136", "mtgjsonV4Id": "6d2df96e-4178-58ab-a605-d6a42dd10280", "scryfallId": "bc9d0757-92e3-4e8d-9751-ac13ca639bde", "scryfallIllustrationId": "e93bec82-c7e4-4a78-9d01-b11ee24eea8c", "scryfallOracleId": "e69279f6-50a1-4db5-83be-30a2ea7fc6a9"}, "isOnlineOnly": true, "isReprint": true, "isStarter": true, "layout": "normal", "legalities": {"commander": "Legal", "duel": "Legal", "gladiator": "Legal", "historic": "Legal", "historicbrawl": "Legal", "legacy": "Legal", "modern": "Legal", "penny": "Legal", "vintage": "Legal"}, "manaCost": "{2}{R}", "manaValue": 3.0, "name": "Trash for Treasure", "number": "14", "printings": ["2XM", "C16", "HA5", "MRD"], "purchaseUrls": {}, "rarity": "uncommon", "rulings": [], "setCode": "HA5", "subtypes": [], "supertypes": [], "text": "As an additional cost to cast this spell, sacrifice an artifact.\nReturn target artifact card from your graveyard to the battlefield.", "type": "Sorcery", "types": ["Sorcery"], "uuid": "76bbf56d-f15f-5614-a3b1-0e8666752c86"}, {"artist": "Brad Rigney", "availability": ["arena"], "borderColor": "black", "colorIdentity": ["R"], "colors": ["R"], "convertedManaCost": 5.0, "edhrecRank": 1811, "finishes": ["nonfoil", "foil"], "flavorText": "When the Mirran resistance arrived, the furnace dwellers looked to Urabrask for guidance. His decree stunned the others: \"Let them be.\"", "foreignData": [], "frameVersion": "2015", "hasFoil": true, "hasNonFoil": true, "identifiers": {"mtgArenaId": "39738", "mtgjsonV4Id": "12c4d0f1-9103-5181-ba57-c53b7d055e5b", "scryfallId": "b3a660f8-e583-4442-90d6-2b270cb4ff91", "scryfallIllustrationId": "de56db23-4235-4447-9837-dd5a1a483f2d", "scryfallOracleId": "5b2ffb53-86b7-4665-a5c7-b85b035b6c81"}, "isOnlineOnly": true, "isReprint": true, "isStarter": true, "layout": "normal", "leadershipSkills": {"brawl": false, "commander": true, "oathbreaker": false}, "legalities": {"commander": "Legal", "duel": "Legal", "gladiator": "Legal", "historic": "Legal", "historicbrawl": "Legal", "legacy": "Legal", "modern": "Legal", "penny": "Legal", "vintage": "Legal"}, "manaCost": "{3}{R}{R}", "manaValue": 5.0, "name": "Urabrask the Hidden", "number": "15", "power": "4", "printings": ["HA5", "IMA", "NPH", "SLD"], "purchaseUrls": {}, "rarity": "mythic", "rulings": [{"date": "2017-11-17", "text": "Urabrask the Hidden gives itself haste while it’s on the battlefield."}, {"date": "2017-11-17", "text": "If a creature an opponent controls enters the battlefield at the same time that Urabrask the Hidden enters the battlefield under your control, Urabrask’s effect doesn’t apply to your opponent’s creature."}], "setCode": "HA5", "subtypes": ["Phyrexian", "Praetor"], "supertypes": ["Legendary"], "text": "Creatures you control have haste.\nCreatures your opponents control enter the battlefield tapped.", "toughness": "4", "type": "Legendary Creature — Phyrexian Praetor", "types": ["Creature"], "uuid": "3a2e3171-602d-53f6-b38c-74b9c56c6229"}, {"artist": "Richard Sardinha", "availability": ["arena"], "borderColor": "black", "colorIdentity": ["G"], "colors": ["G"], "convertedManaCost": 2.0, "edhrecRank": 2303, "finishes": ["nonfoil", "foil"], "foreignData": [], "frameVersion": "2015", "hasFoil": true, "hasNonFoil": true, "identifiers": {"mtgArenaId": "24649", "mtgjsonV4Id": "e5458a01-86b8-5edd-9b19-96b4048205e6", "scryfallId": "80d21973-a06c-49f8-8224-06e8d8c280eb", "scryfallIllustrationId": "6dd4f276-324d-488f-b2c1-8a473ccbdb9d", "scryfallOracleId": "30aefabc-5fd2-451b-aa93-8e5a972c7691"}, "isOnlineOnly": true, "isReprint": true, "isStarter": true, "layout": "normal", "legalities": {"commander": "Legal", "duel": "Legal", "gladiator": "Legal", "historic": "Legal", "historicbrawl": "Legal", "legacy": "Legal", "modern": "Legal", "pauper": "Legal", "paupercommander": "Legal", "vintage": "Legal"}, "manaCost": "{1}{G}", "manaValue": 2.0, "name": "Into the North", "number": "16", "printings": ["CSP", "HA5", "PLIST"], "purchaseUrls": {}, "rarity": "common", "rulings": [], "setCode": "HA5", "subtypes": [], "supertypes": [], "text": "Search your library for a snow land card, put it onto the battlefield tapped, then shuffle.", "type": "Sorcery", "types": ["Sorcery"], "uuid": "bdcf82e6-338a-59ef-92be-9312f9fd0c55"}, {"artist": "Karl Kopinski", "availability": ["arena"], "borderColor": "black", "colorIdentity": ["G"], "colors": ["G"], "convertedManaCost": 8.0, "edhrecRank": 1142, "finishes": ["nonfoil", "foil"], "foreignData": [], "frameVersion": "2015", "hasFoil": true, "hasNonFoil": true, "identifiers": {"mtgArenaId": "50879", "mtgjsonV4Id": "ade9f8d3-eb58-5a18-9e33-3a03214b394f", "scryfallId": "46886564-eef4-4a04-a148-c23f2a1877af", "scryfallIllustrationId": "3f5f3485-3d63-4249-ae25-0bac6ae5f347", "scryfallOracleId": "dbf0ad03-ab31-49d2-89b1-05b45948a61f"}, "isOnlineOnly": true, "isReprint": true, "isStarter": true, "keywords": ["Trample"], "layout": "normal", "leadershipSkills": {"brawl": false, "commander": true, "oathbreaker": false}, "legalities": {"commander": "Legal", "duel": "Legal", "gladiator": "Legal", "historic": "Legal", "historicbrawl": "Legal", "legacy": "Legal", "modern": "Legal", "vintage": "Legal"}, "manaCost": "{6}{G}{G}", "manaValue": 8.0, "name": "Vorinclex, Voice of Hunger", "number": "17", "power": "7", "printings": ["HA5", "IMA", "NPH", "PLIST", "SLD"], "purchaseUrls": {}, "rarity": "mythic", "rulings": [{"date": "2017-11-17", "text": "The types of mana are white, blue, black, red, green, and colorless."}, {"date": "2017-11-17", "text": "If a land you control produces multiple mana of more than one type, Vorinclex’s first triggered ability adds one mana of only one of those types. You choose which of those types it adds."}, {"date": "2017-11-17", "text": "If Vorinclex leaves the battlefield after its second ability has triggered, that ability still resolves and the affected land won’t untap during its controller’s next untap step."}], "setCode": "HA5", "subtypes": ["Phyrexian", "Praetor"], "supertypes": ["Legendary"], "text": "Trample\nWhenever you tap a land for mana, add one mana of any type that land produced.\nWhenever an opponent taps a land for mana, that land doesn't untap during its controller's next untap step.", "toughness": "6", "type": "Legendary Creature — Phyrexian Praetor", "types": ["Creature"], "uuid": "bd7cffbb-6a2f-54a8-b1df-bd3bf355dbc6"}, {"artist": "Willian Murai", "availability": ["arena"], "borderColor": "black", "colorIdentity": ["U", "W"], "colors": ["U", "W"], "convertedManaCost": 4.0, "edhrecRank": 5747, "finishes": ["nonfoil", "foil"], "foreignData": [], "frameVersion": "2015", "hasFoil": true, "hasNonFoil": true, "identifiers": {"mtgArenaId": "60987", "mtgjsonV4Id": "231e1ff6-7e6c-571b-b829-e6b42989f777", "scryfallId": "823b3d6d-31cb-4f0f-bdd1-73856d61f1a5", "scryfallIllustrationId": "a7620a78-9e35-4474-8f3c-b22215a55108", "scryfallOracleId": "c1fafe93-8fd2-44c1-a4a0-5c9ecee550cc"}, "isOnlineOnly": true, "isReprint": true, "isStarter": true, "layout": "normal", "legalities": {"commander": "Legal", "duel": "Legal", "gladiator": "Legal", "historic": "Legal", "historicbrawl": "Legal", "legacy": "Legal", "modern": "Legal", "penny": "Legal", "pioneer": "Legal", "vintage": "Legal"}, "manaCost": "{2}{W}{U}", "manaValue": 4.0, "name": "Ojutai's Command", "number": "18", "printings": ["DTK", "HA5", "PDTK", "PRM"], "purchaseUrls": {}, "rarity": "rare", "rulings": [{"date": "2015-02-25", "text": "You choose the two modes as you cast the spell. You must choose two different modes. Once modes are chosen, they can’t be changed."}, {"date": "2015-02-25", "text": "You can choose a mode only if you can choose legal targets for that mode. Ignore the targeting requirements for modes that aren’t chosen. For example, you can cast Ojutai’s Command without targeting a creature spell provided you don’t choose the third mode."}, {"date": "2015-02-25", "text": "As the spell resolves, follow the instructions of the modes you chose in the order they are printed on the card. For example, if you chose the second and fourth modes of Ojutai’s Command, you would gain 4 life and then draw a card. (The order won’t matter in most cases.)"}, {"date": "2015-02-25", "text": "If a Command is copied, the effect that creates the copy will usually allow you to choose new targets for the copy, but you can’t choose new modes."}, {"date": "2015-02-25", "text": "If all targets for the chosen modes become illegal before the Command resolves, the spell won’t resolve and none of its effects will happen. If at least one target is still legal, the spell will resolve but will have no effect on any illegal targets."}], "setCode": "HA5", "subtypes": [], "supertypes": [], "text": "Choose two —\n• Return target creature card with mana value 2 or less from your graveyard to the battlefield.\n• You gain 4 life.\n• Counter target creature spell.\n• Draw a card.", "type": "Instant", "types": ["Instant"], "uuid": "0e4b7c3d-aa65-57b7-8c62-32feb58d1c6b"}, {"artist": "Nils Hamm", "availability": ["arena"], "borderColor": "black", "colorIdentity": ["B", "U"], "colors": ["B", "U"], "convertedManaCost": 5.0, "edhrecRank": 3627, "finishes": ["nonfoil", "foil"], "foreignData": [], "frameVersion": "2015", "hasFoil": true, "hasNonFoil": true, "identifiers": {"mtgArenaId": "60997", "mtgjsonV4Id": "7944a765-a359-56f2-8a84-cb7a3a1d2733", "scryfallId": "f132720a-d0f5-42d4-b917-f378d075beee", "scryfallIllustrationId": "4f8f5aa8-c6f3-41d7-96e6-aa9be5d2e0f2", "scryfallOracleId": "7052fbd6-94df-41a9-a382-641701086804"}, "isOnlineOnly": true, "isReprint": true, "isStarter": true, "layout": "normal", "legalities": {"commander": "Legal", "duel": "Legal", "gladiator": "Legal", "historic": "Legal", "historicbrawl": "Legal", "legacy": "Legal", "modern": "Legal", "penny": "Legal", "pioneer": "Legal", "vintage": "Legal"}, "manaCost": "{3}{U}{B}", "manaValue": 5.0, "name": "Silumgar's Command", "number": "19", "printings": ["C17", "DTK", "HA5", "PDTK", "ZNC"], "purchaseUrls": {}, "rarity": "rare", "rulings": [{"date": "2015-02-25", "text": "If a Command is copied, the effect that creates the copy will usually allow you to choose new targets for the copy, but you can’t choose new modes."}, {"date": "2015-02-25", "text": "As the spell resolves, follow the instructions of the modes you chose in the order they are printed on the card. For example, if you chose the second and fourth modes of Ojutai’s Command, you would gain 4 life and then draw a card. (The order won’t matter in most cases.)"}, {"date": "2015-02-25", "text": "You choose the two modes as you cast the spell. You must choose two different modes. Once modes are chosen, they can’t be changed."}, {"date": "2015-02-25", "text": "You can choose a mode only if you can choose legal targets for that mode. Ignore the targeting requirements for modes that aren’t chosen. For example, you can cast Ojutai’s Command without targeting a creature spell provided you don’t choose the third mode."}, {"date": "2015-02-25", "text": "If all targets for the chosen modes become illegal before the Command resolves, the spell won’t resolve and none of its effects will happen. If at least one target is still legal, the spell will resolve but will have no effect on any illegal targets."}], "setCode": "HA5", "subtypes": [], "supertypes": [], "text": "Choose two —\n• Counter target noncreature spell.\n• Return target permanent to its owner's hand.\n• Target creature gets -3/-3 until end of turn.\n• Destroy target planeswalker.", "type": "Instant", "types": ["Instant"], "uuid": "d8287104-7bee-5c44-9a08-4adf1dcb01a7"}, {"artist": "Daarken", "availability": ["arena"], "borderColor": "black", "colorIdentity": ["B", "R"], "colors": ["B", "R"], "convertedManaCost": 3.0, "edhrecRank": 3039, "finishes": ["nonfoil", "foil"], "foreignData": [], "frameVersion": "2015", "hasFoil": true, "hasNonFoil": true, "identifiers": {"mtgArenaId": "60981", "mtgjsonV4Id": "ef253788-4af3-54b4-8e5e-b35f744fb180", "scryfallId": "5277892b-ed64-4e2f-a267-d31f3599729a", "scryfallIllustrationId": "ad9fbd57-2375-42c7-8fe7-39b01adacda3", "scryfallOracleId": "45f1e957-09f0-4d46-8e32-238f26060a87"}, "isOnlineOnly": true, "isReprint": true, "isStarter": true, "layout": "normal", "legalities": {"commander": "Legal", "duel": "Legal", "gladiator": "Legal", "historic": "Legal", "historicbrawl": "Legal", "legacy": "Legal", "modern": "Legal", "pioneer": "Legal", "vintage": "Legal"}, "manaCost": "{1}{B}{R}", "manaValue": 3.0, "name": "Kolaghan's Command", "number": "20", "printings": ["DTK", "HA5", "MB1", "PDTK"], "purchaseUrls": {}, "rarity": "rare", "rulings": [{"date": "2015-02-25", "text": "You choose the two modes as you cast the spell. You must choose two different modes. Once modes are chosen, they can’t be changed."}, {"date": "2015-02-25", "text": "You can choose a mode only if you can choose legal targets for that mode. Ignore the targeting requirements for modes that aren’t chosen. For example, you can cast Ojutai’s Command without targeting a creature spell provided you don’t choose the third mode."}, {"date": "2015-02-25", "text": "As the spell resolves, follow the instructions of the modes you chose in the order they are printed on the card. For example, if you chose the second and fourth modes of Ojutai’s Command, you would gain 4 life and then draw a card. (The order won’t matter in most cases.)"}, {"date": "2015-02-25", "text": "If a Command is copied, the effect that creates the copy will usually allow you to choose new targets for the copy, but you can’t choose new modes."}, {"date": "2015-02-25", "text": "If all targets for the chosen modes become illegal before the Command resolves, the spell won’t resolve and none of its effects will happen. If at least one target is still legal, the spell will resolve but will have no effect on any illegal targets."}], "setCode": "HA5", "subtypes": [], "supertypes": [], "text": "Choose two —\n• Return target creature card from your graveyard to your hand.\n• Target player discards a card.\n• Destroy target artifact.\n• Kolaghan's Command deals 2 damage to any target.", "type": "Instant", "types": ["Instant"], "uuid": "a7a8556b-1bfa-5124-ba3b-23c80691293a"}, {"artist": "Chris Rahn", "availability": ["arena"], "borderColor": "black", "colorIdentity": ["G", "R"], "colors": ["G", "R"], "convertedManaCost": 2.0, "edhrecRank": 6574, "finishes": ["nonfoil", "foil"], "foreignData": [], "frameVersion": "2015", "hasFoil": true, "hasNonFoil": true, "identifiers": {"mtgArenaId": "60959", "mtgjsonV4Id": "4655ff82-8d4d-5121-802a-71e82e90daf1", "scryfallId": "12ddf922-f5ae-488f-9e1d-bb1bd21f2b61", "scryfallIllustrationId": "d4ea949e-be2f-4ce0-ad2a-b61affd26e01", "scryfallOracleId": "1943cbb0-2b12-4450-90af-060b8c8627c3"}, "isOnlineOnly": true, "isReprint": true, "isStarter": true, "layout": "normal", "legalities": {"commander": "Legal", "duel": "Legal", "gladiator": "Legal", "historic": "Legal", "historicbrawl": "Legal", "legacy": "Legal", "modern": "Legal", "pioneer": "Legal", "vintage": "Legal"}, "manaCost": "{R}{G}", "manaValue": 2.0, "name": "Atarka's Command", "number": "21", "printings": ["DTK", "HA5", "PDTK"], "purchaseUrls": {}, "rarity": "rare", "rulings": [{"date": "2015-02-25", "text": "The first mode won’t affect life that was gained earlier in the turn."}, {"date": "2015-02-25", "text": "If you choose the third mode and put a land card onto the battlefield, that doesn’t count as playing a land. For example, you can both play a land and put a land onto the battlefield this way during your turn."}, {"date": "2015-02-25", "text": "You choose the two modes as you cast the spell. You must choose two different modes. Once modes are chosen, they can’t be changed."}, {"date": "2015-02-25", "text": "You can choose a mode only if you can choose legal targets for that mode. Ignore the targeting requirements for modes that aren’t chosen. For example, you can cast Ojutai’s Command without targeting a creature spell provided you don’t choose the third mode."}, {"date": "2015-02-25", "text": "As the spell resolves, follow the instructions of the modes you chose in the order they are printed on the card. For example, if you chose the second and fourth modes of Ojutai’s Command, you would gain 4 life and then draw a card. (The order won’t matter in most cases.)"}, {"date": "2015-02-25", "text": "If a Command is copied, the effect that creates the copy will usually allow you to choose new targets for the copy, but you can’t choose new modes."}, {"date": "2015-02-25", "text": "If all targets for the chosen modes become illegal before the Command resolves, the spell won’t resolve and none of its effects will happen. If at least one target is still legal, the spell will resolve but will have no effect on any illegal targets."}], "setCode": "HA5", "subtypes": [], "supertypes": [], "text": "Choose two —\n• Your opponents can't gain life this turn.\n• Atarka's Command deals 3 damage to each opponent.\n• You may put a land card from your hand onto the battlefield.\n• Creatures you control get +1/+1 and gain reach until end of turn.", "type": "Instant", "types": ["Instant"], "uuid": "02194f6f-1920-5f2d-8f08-9448817abbc1"}, {"artist": "James Ryman", "availability": ["arena"], "borderColor": "black", "colorIdentity": ["G", "W"], "colors": ["G", "W"], "convertedManaCost": 2.0, "edhrecRank": 4596, "finishes": ["nonfoil", "foil"], "foreignData": [], "frameVersion": "2015", "hasFoil": true, "hasNonFoil": true, "identifiers": {"mtgArenaId": "60975", "mtgjsonV4Id": "4b81324f-927b-53de-a4b0-0759cc7f99ae", "scryfallId": "e695af5f-f87e-41b5-98a4-a21bbd82b920", "scryfallIllustrationId": "b3350718-95be-4a64-9f66-c8243af10b02", "scryfallOracleId": "3bd8ea71-cbcc-4659-b9a8-88cf27ee12d8"}, "isOnlineOnly": true, "isReprint": true, "isStarter": true, "keywords": ["Fight"], "layout": "normal", "legalities": {"commander": "Legal", "duel": "Legal", "gladiator": "Legal", "historic": "Legal", "historicbrawl": "Legal", "legacy": "Legal", "modern": "Legal", "pioneer": "Legal", "vintage": "Legal"}, "manaCost": "{G}{W}", "manaValue": 2.0, "name": "Dromoka's Command", "number": "22", "printings": ["DTK", "HA5", "PDTK"], "purchaseUrls": {}, "rarity": "rare", "rulings": [{"date": "2015-02-25", "text": "Although most instants and sorceries that cause damage to be dealt are the sources of that damage, a few cause other objects to deal damage (for example, spells that cause creatures to fight). The first ability of Dromoka’s Command won’t prevent damage caused by those other sources."}, {"date": "2015-02-25", "text": "You can target any player with the second ability, including one that doesn’t control an enchantment."}, {"date": "2015-02-25", "text": "You choose the two modes as you cast the spell. You must choose two different modes. Once modes are chosen, they can’t be changed."}, {"date": "2015-02-25", "text": "You can choose a mode only if you can choose legal targets for that mode. Ignore the targeting requirements for modes that aren’t chosen. For example, you can cast Ojutai’s Command without targeting a creature spell provided you don’t choose the third mode."}, {"date": "2015-02-25", "text": "As the spell resolves, follow the instructions of the modes you chose in the order they are printed on the card. For example, if you chose the second and fourth modes of Ojutai’s Command, you would gain 4 life and then draw a card. (The order won’t matter in most cases.)"}, {"date": "2015-02-25", "text": "If a Command is copied, the effect that creates the copy will usually allow you to choose new targets for the copy, but you can’t choose new modes."}, {"date": "2015-02-25", "text": "If all targets for the chosen modes become illegal before the Command resolves, the spell won’t resolve and none of its effects will happen. If at least one target is still legal, the spell will resolve but will have no effect on any illegal targets."}], "setCode": "HA5", "subtypes": [], "supertypes": [], "text": "Choose two —\n• Prevent all damage target instant or sorcery spell would deal this turn.\n• Target player sacrifices an enchantment.\n• Put a +1/+1 counter on target creature.\n• Target creature you control fights target creature you don't control.", "type": "Instant", "types": ["Instant"], "uuid": "68568b2d-fa3c-5099-8e89-581aa53bbbc6"}, {"artist": "Dave Kendall", "availability": ["arena"], "borderColor": "black", "colorIdentity": ["B", "G"], "colors": ["B", "G"], "convertedManaCost": 2.0, "edhrecRank": 968, "finishes": ["nonfoil", "foil"], "foreignData": [], "frameVersion": "2015", "hasFoil": true, "hasNonFoil": true, "identifiers": {"mtgArenaId": "51619", "mtgjsonV4Id": "5abfc794-4f79-5187-bc9e-be48d59004cf", "scryfallId": "86565584-3f85-45af-9942-ac3848fa3978", "scryfallIllustrationId": "87b4e8f7-73bb-4e47-b8ea-19f95475566e", "scryfallOracleId": "a89ebf63-63c9-42cd-98b4-ec852cd9b0a8"}, "isOnlineOnly": true, "isReprint": true, "isStarter": true, "layout": "normal", "legalities": {"commander": "Legal", "duel": "Legal", "gladiator": "Legal", "historic": "Legal", "historicbrawl": "Legal", "legacy": "Legal", "modern": "Legal", "pauper": "Legal", "paupercommander": "Legal", "penny": "Legal", "pioneer": "Legal", "vintage": "Legal"}, "manaCost": "{B}{G}", "manaValue": 2.0, "name": "Grisly Salvage", "number": "23", "printings": ["C15", "C18", "C20", "CMA", "F13", "GK1", "HA5", "PRM", "RTR"], "purchaseUrls": {}, "rarity": "common", "rulings": [], "setCode": "HA5", "subtypes": [], "supertypes": [], "text": "Reveal the top five cards of your library. You may put a creature or land card from among them into your hand. Put the rest into your graveyard.", "type": "Instant", "types": ["Instant"], "uuid": "e22e963e-a5cf-5336-9b05-d9a636af90fd"}, {"artist": "Steven Belledin", "availability": ["arena"], "borderColor": "black", "colorIdentity": [], "colors": [], "convertedManaCost": 2.0, "edhrecRank": 865, "finishes": ["nonfoil", "foil"], "flavorText": "\"Our glorious infection has taken hold.\"\n—Elesh Norn, Grand Cenobite", "foreignData": [], "frameVersion": "2015", "hasFoil": true, "hasNonFoil": true, "identifiers": {"mtgArenaId": "39339", "mtgjsonV4Id": "48ad2189-4b00-5845-8188-1c06bd01f17f", "scryfallId": "012f7d7a-1de3-4012-8e5e-51828e839f2d", "scryfallIllustrationId": "3f2196a0-3b87-43e4-9b7c-6a5d1fb53ff7", "scryfallOracleId": "5b5ef43b-13fd-4461-8d2d-18be65e9a790"}, "isOnlineOnly": true, "isReprint": true, "isStarter": true, "layout": "normal", "legalities": {"commander": "Legal", "duel": "Legal", "gladiator": "Legal", "historic": "Legal", "historicbrawl": "Legal", "legacy": "Legal", "modern": "Legal", "pauper": "Legal", "paupercommander": "Legal", "penny": "Legal", "vintage": "Legal"}, "manaCost": "{2}", "manaValue": 2.0, "name": "Ichor Wellspring", "number": "24", "printings": ["2XM", "C14", "C16", "C21", "CM2", "DDU", "HA5", "MBS"], "purchaseUrls": {}, "rarity": "common", "rulings": [{"date": "2011-06-01", "text": "The ability will trigger when Ichor Wellspring is put into a graveyard from the battlefield, even if the ability that triggered when it entered the battlefield hasn’t resolved yet."}], "setCode": "HA5", "subtypes": [], "supertypes": [], "text": "When Ichor Wellspring enters the battlefield or is put into a graveyard from the battlefield, draw a card.", "type": "Artifact", "types": ["Artifact"], "uuid": "f345970f-3a0b-5ad0-84a6-afeb564fd135"}, {"artist": "Jean-Sébastien Rossbach", "availability": ["arena"], "borderColor": "black", "colorIdentity": [], "colors": [], "convertedManaCost": 1.0, "edhrecRank": 2447, "finishes": ["nonfoil", "foil"], "foreignData": [], "frameVersion": "2015", "hasFoil": true, "hasNonFoil": true, "identifiers": {"mtgArenaId": "30895", "mtgjsonV4Id": "1c59532a-bf36-597d-9467-5aa40f3c9458", "scryfallId": "376ffc81-27cf-4d71-a557-3f4a54caa983", "scryfallIllustrationId": "1d878886-49de-4351-b12b-b5a274e466d5", "scryfallOracleId": "6a9c3401-570c-41cb-a605-75dfa57d6ab7"}, "isOnlineOnly": true, "isReprint": true, "isStarter": true, "layout": "normal", "legalities": {"commander": "Legal", "duel": "Legal", "gladiator": "Legal", "historic": "Legal", "historicbrawl": "Legal", "legacy": "Legal", "modern": "Legal", "pauper": "Legal", "paupercommander": "Legal", "vintage": "Legal"}, "manaCost": "{1}", "manaValue": 1.0, "name": "Relic of Progenitus", "number": "25", "printings": ["ALA", "EMA", "HA5", "HOP", "MD1", "MMA", "TD0"], "purchaseUrls": {}, "rarity": "common", "rulings": [{"date": "2016-06-08", "text": "If you activate Relic of Progenitus’s first ability, the targeted player chooses which card to exile. The choice is made as the ability resolves."}, {"date": "2016-06-08", "text": "You can activate Relic of Progenitus’s second ability even if no players have any cards in their graveyards. You’ll still draw a card."}], "setCode": "HA5", "subtypes": [], "supertypes": [], "text": "{T}: Target player exiles a card from their graveyard.\n{1}, Exile Relic of Progenitus: Exile all cards from all graveyards. Draw a card.", "type": "Artifact", "types": ["Artifact"], "uuid": "6c41a003-5acd-5979-9aba-af1a49596caa"}], "code": "HA5", "isFoilOnly": false, "isOnlineOnly": true, "keyruneCode": "HA1", "name": "Historic Anthology 5", "releaseDate": "2021-05-27", "tokens": [], "totalSetSize": 25, "translations": {}, "type": "box"}
