{"cards": [{"artist": "Darrell Riche", "availability": ["paper"], "borderColor": "silver", "colorIdentity": ["G"], "colors": ["G"], "convertedManaCost": 3.0, "finishes": ["foil"], "flavorText": "Experiments intended to create the perfect holiday emissary resulted in a substance harder than darksteel and a fraction as merry.", "foreignData": [], "frameVersion": "2003", "hasFoil": true, "hasNonFoil": false, "identifiers": {"mcmId": "17554", "mtgjsonV4Id": "618b0567-5627-53e6-9cd5-d25a4b79591b", "scryfallId": "d4022a4e-9e8a-47ef-b0e2-9e8910857e76", "scryfallIllustrationId": "8815168d-576b-48a0-97bb-38ef15f8d586", "scryfallOracleId": "2fa739c6-c1c4-4e08-bbe3-43bfee94d0c3", "tcgplayerProductId": "38444"}, "isPromo": true, "isStarter": true, "layout": "normal", "legalities": {}, "manaCost": "{1}{G}{G}", "manaValue": 3.0, "name": "Fruitcake Elemental", "number": "6", "originalReleaseDate": "2006-12-01", "power": "7", "printings": ["HHO"], "promoTypes": ["datestamped", "event"], "purchaseUrls": {"tcgplayer": "https://mtgjson.com/links/0f61f3f05084e8ad"}, "rarity": "rare", "rulings": [], "setCode": "HHO", "subtypes": ["Elemental"], "supertypes": [], "text": "Fruitcake Elemental is indestructible.\nAt the end of your turn, Fruitcake Elemental deals 7 damage to you.\n{3}: Target player gains control of Fruitcake Elemental.", "toughness": "7", "type": "Creature — Elemental", "types": ["Creature"], "uuid": "317205bc-2c9c-5851-b783-8a2266361547"}, {"artist": "Jason Chan", "availability": ["paper"], "borderColor": "silver", "colorIdentity": ["U"], "colors": ["U"], "convertedManaCost": 4.0, "finishes": ["foil"], "flavorText": "\"Thanks! You shouldn't have.\"", "foreignData": [], "frameVersion": "2003", "hasFoil": true, "hasNonFoil": false, "identifiers": {"mcmId": "20040", "mtgjsonV4Id": "02a55531-9364-597a-8f6e-9af40fb6486c", "scryfallId": "ba72c564-0ca6-4f52-b19a-175646965291", "scryfallIllustrationId": "ea9cfae4-50ad-441f-8653-8b80ebb95657", "scryfallOracleId": "e717c42b-3177-42e1-83c1-11da11d62aa5", "tcgplayerProductId": "38445"}, "isPromo": true, "isStarter": true, "layout": "normal", "legalities": {}, "manaCost": "{3}{U}", "manaValue": 4.0, "name": "Gifts Given", "number": "7", "originalReleaseDate": "2007-12-01", "printings": ["HHO"], "promoTypes": ["datestamped", "event"], "purchaseUrls": {"tcgplayer": "https://mtgjson.com/links/9067c022293d9d5b"}, "rarity": "rare", "rulings": [], "setCode": "HHO", "subtypes": [], "supertypes": [], "text": "Search target opponent's library for four cards with different names and reveal them. That player chooses two of those cards. Put the chosen cards into the player's graveyard and the rest into your hand. Then that player shuffles their library.", "type": "Instant", "types": ["Instant"], "uuid": "b9c93bde-7e6a-5a9d-b078-2cf886f7007e", "variations": ["87e5a278-5cfd-5abf-bc89-5d6a50d91fac"]}, {"artist": "Paul Bonner", "availability": ["paper"], "borderColor": "silver", "colorIdentity": ["B"], "colors": ["B"], "convertedManaCost": 4.0, "finishes": ["foil"], "flavorText": "'Tis better to give than to receive.", "foreignData": [], "frameVersion": "2003", "hasFoil": true, "hasNonFoil": false, "identifiers": {"mcmId": "20791", "mtgjsonV4Id": "4aee423f-a652-5996-95db-8f48436571bf", "scryfallId": "af171b8b-05cd-4a05-ae0b-6e80935addab", "scryfallIllustrationId": "7dcf1370-e504-45ec-ab30-f500ad583743", "scryfallOracleId": "b91d2680-e6f4-490f-bd78-3162a4c270aa", "tcgplayerProductId": "38446"}, "isPromo": true, "isStarter": true, "layout": "normal", "legalities": {}, "manaCost": "{2}{B}{B}", "manaValue": 4.0, "name": "Evil Presents", "number": "8", "originalReleaseDate": "2008-12-01", "printings": ["HHO"], "promoTypes": ["datestamped", "event"], "purchaseUrls": {"tcgplayer": "https://mtgjson.com/links/6780eb815e7f9f6b"}, "rarity": "rare", "rulings": [], "setCode": "HHO", "subtypes": [], "supertypes": [], "text": "Put a creature card from your hand into play under target opponent's control. That creature attacks each turn if able... and always attacks its controller.", "type": "Sorcery", "types": ["Sorcery"], "uuid": "3075198c-e8ed-5db3-be18-3ad44ab47750"}, {"artist": "Kev Walker", "availability": ["paper"], "borderColor": "silver", "colorIdentity": ["R"], "colors": ["R"], "convertedManaCost": 4.0, "finishes": ["foil"], "flavorText": "Arriving home, he suddenly longed for the bloodsoaked battlefields behind him.", "foreignData": [], "frameVersion": "2003", "hasFoil": true, "hasNonFoil": false, "identifiers": {"mcmId": "22108", "mtgjsonV4Id": "bdb38581-123f-5f07-ba4f-49388416bbc3", "scryfallId": "e177c12e-551a-4688-aa34-740f873dd37d", "scryfallIllustrationId": "43d9db48-16de-48bb-966d-242923750eda", "scryfallOracleId": "d3c36e20-3c6c-423a-a9ba-8e8bd7b735e6", "tcgplayerProductId": "38447"}, "isPromo": true, "isStarter": true, "layout": "normal", "legalities": {}, "manaCost": "{R}{R}{R}{R}", "manaValue": 4.0, "name": "Season's Beatings", "number": "9", "originalReleaseDate": "2009-12-01", "printings": ["HHO"], "promoTypes": ["datestamped", "event"], "purchaseUrls": {"tcgplayer": "https://mtgjson.com/links/a5861abea44b6830"}, "rarity": "rare", "rulings": [], "setCode": "HHO", "subtypes": [], "supertypes": [], "text": "Family gathering — Each creature target player controls deals damage equal to its power to another random creature that player controls.", "type": "Sorcery", "types": ["Sorcery"], "uuid": "f661dff6-a4df-5954-bb74-2014710a0899"}, {"artist": "rk post", "availability": ["paper"], "borderColor": "silver", "colorIdentity": ["W"], "colors": ["W"], "convertedManaCost": 4.0, "finishes": ["foil"], "flavorText": "WARNING: Shake gently. Contents may cause choking, hypothermia, and/or planar invasion.", "foreignData": [], "frameVersion": "2003", "hasFoil": true, "hasNonFoil": false, "identifiers": {"mcmId": "245057", "mtgjsonV4Id": "a53fa6df-ace0-5f73-98d8-026f2e236f37", "scryfallId": "cdafb8ac-e9af-4195-928a-43d004a2e9bd", "scryfallIllustrationId": "9147e8b5-9f6d-4926-b909-63cecd3455ca", "scryfallOracleId": "768ae935-3a06-4317-aee4-22ccc2ab84b8", "tcgplayerProductId": "71898"}, "isPromo": true, "isStarter": true, "layout": "normal", "legalities": {}, "manaCost": "{2}{W}{W}", "manaValue": 4.0, "name": "Snow Mercy", "number": "10", "originalReleaseDate": "2010-12-01", "printings": ["HHO"], "promoTypes": ["datestamped", "event"], "purchaseUrls": {"tcgplayer": "https://mtgjson.com/links/3ab3b3298b9dbcad"}, "rarity": "rare", "rulings": [], "setCode": "HHO", "subtypes": [], "supertypes": ["Snow"], "text": "Whenever a creature deals damage to you, put a globe counter on it.\n{T}, {Q}, {T}, {Q}, {T}: Tap all creatures with globe counters on them.", "type": "Snow Enchantment", "types": ["Enchantment"], "uuid": "c8a7227c-39a4-5ce9-882c-c0d04860d3db"}, {"artist": "Steve Prescott", "availability": ["paper"], "borderColor": "silver", "colorIdentity": ["G", "R"], "colors": ["G", "R"], "convertedManaCost": 4.0, "finishes": ["foil"], "flavorText": "It loves having family for dinner.", "foreignData": [], "frameVersion": "2003", "hasFoil": true, "hasNonFoil": false, "identifiers": {"mcmId": "252040", "mtgjsonV4Id": "d1b7e6ed-5ce2-5a9a-89de-2b70188a4236", "scryfallId": "34f1e901-7728-41e2-ad1b-94c877404a58", "scryfallIllustrationId": "2bf5613a-ab5e-47d8-82b1-6252efa99c67", "scryfallOracleId": "a01cab88-0874-4b2d-8fbc-a9601a0572f3", "tcgplayerProductId": "57653"}, "isPromo": true, "isStarter": true, "layout": "normal", "legalities": {}, "manaCost": "{2}{R}{G}", "manaValue": 4.0, "name": "Yule Ooze", "number": "11", "originalReleaseDate": "2011-12-01", "power": "1", "printings": ["HHO"], "promoTypes": ["datestamped", "event"], "purchaseUrls": {"tcgplayer": "https://mtgjson.com/links/6f4839d4b005c7d6"}, "rarity": "rare", "rulings": [], "setCode": "HHO", "subtypes": ["Ooze"], "supertypes": [], "text": "At the beginning of your upkeep, destroy another nonland permanent chosen at random, then put a number of +1/+1 counters on Yule Ooze equal to that permanent's converted mana cost.\n{R}{G}, Eat some food: Regenerate Yule Ooze.", "toughness": "1", "type": "Creature — Ooze", "types": ["Creature"], "uuid": "8067d275-fb65-5277-b812-8cf33604a788"}, {"artist": "Greg Staples", "availability": ["paper"], "borderColor": "silver", "colorIdentity": ["B", "W"], "colors": ["B"], "convertedManaCost": 6.0, "faceConvertedManaCost": 3.0, "faceManaValue": 3.0, "faceName": "Naughty", "finishes": ["foil"], "foreignData": [], "frameVersion": "2003", "hasFoil": true, "hasNonFoil": false, "identifiers": {"mcmId": "259776", "mtgjsonV4Id": "db5c111c-cc04-51d9-90d0-3f6272711f23", "scryfallId": "7ed5261d-4bf1-4cb4-8ffe-a51439eb40c9", "scryfallIllustrationId": "58aaf2a4-f913-4fe4-98de-8db2ad4b4200", "scryfallOracleId": "e51d8b31-17f6-417b-a9f5-f5da5ec534dd", "tcgplayerProductId": "67401"}, "isPromo": true, "isStarter": true, "layout": "split", "legalities": {}, "manaCost": "{1}{B}{B}", "manaValue": 6.0, "name": "Naughty // Nice", "number": "12", "originalReleaseDate": "2012-12-01", "otherFaceIds": ["fe1eb202-2af9-5d10-97ae-b5f897dafad1"], "printings": ["HHO"], "promoTypes": ["datestamped", "event"], "purchaseUrls": {"tcgplayer": "https://mtgjson.com/links/eae315687c2efeee"}, "rarity": "rare", "rulings": [], "setCode": "HHO", "side": "a", "subtypes": [], "supertypes": [], "text": "Search another target player's library for a card and put that card into your hand. Then shuffle that player's library.", "type": "Sorcery", "types": ["Sorcery"], "uuid": "70d841b6-f07c-50dd-ade4-21eb49e270e7"}, {"artist": "Greg Staples", "availability": ["paper"], "borderColor": "silver", "colorIdentity": ["B", "W"], "colors": ["W"], "convertedManaCost": 6.0, "faceConvertedManaCost": 3.0, "faceManaValue": 3.0, "faceName": "Nice", "finishes": ["foil"], "foreignData": [], "frameVersion": "2003", "hasFoil": true, "hasNonFoil": false, "identifiers": {"mcmId": "259776", "mtgjsonV4Id": "6ebb0525-5cb0-53f7-acac-ceb4ea9f3619", "scryfallId": "7ed5261d-4bf1-4cb4-8ffe-a51439eb40c9", "scryfallIllustrationId": "58aaf2a4-f913-4fe4-98de-8db2ad4b4200", "scryfallOracleId": "e51d8b31-17f6-417b-a9f5-f5da5ec534dd", "tcgplayerProductId": "67401"}, "isPromo": true, "isStarter": true, "layout": "split", "legalities": {}, "manaCost": "{1}{W}{W}", "manaValue": 6.0, "name": "Naughty // Nice", "number": "12", "otherFaceIds": ["70d841b6-f07c-50dd-ade4-21eb49e270e7"], "printings": ["HHO"], "promoTypes": ["datestamped", "event"], "purchaseUrls": {"tcgplayer": "https://mtgjson.com/links/75ad2e8f0d86adc9"}, "rarity": "rare", "rulings": [], "setCode": "HHO", "side": "b", "subtypes": [], "supertypes": [], "text": "Search your library for a card and put it into another target player's hand. Then shuffle your library.", "type": "Sorcery", "types": ["Sorcery"], "uuid": "fe1eb202-2af9-5d10-97ae-b5f897dafad1"}, {"artist": "Terese Nielsen", "availability": ["paper"], "borderColor": "silver", "colorIdentity": [], "colors": [], "convertedManaCost": 5.0, "finishes": ["foil"], "flavorText": "Just hope yours isn't full of coal golems.", "foreignData": [], "frameVersion": "2003", "hasFoil": true, "hasNonFoil": false, "identifiers": {"mcmId": "265521", "mtgjsonV4Id": "ff7519ed-5799-58ce-9ec3-01bce87eeadc", "scryfallId": "616af376-26a2-4302-8a0e-e922634602f4", "scryfallIllustrationId": "38aab1c6-c09c-4ad1-9490-5ed37ba65c2f", "scryfallOracleId": "4dc780cc-9961-445f-93bc-54ec80789bce", "tcgplayerProductId": "78237"}, "isPromo": true, "isStarter": true, "layout": "normal", "legalities": {}, "manaCost": "{5}", "manaValue": 5.0, "name": "Stocking Tiger", "number": "13", "originalReleaseDate": "2013-12-01", "power": "3", "printings": ["HHO"], "promoTypes": ["datestamped", "event"], "purchaseUrls": {"tcgplayer": "https://mtgjson.com/links/e71c19981777ef01"}, "rarity": "rare", "rulings": [], "setCode": "HHO", "subtypes": ["Cat", "Construct"], "supertypes": [], "text": "Stocking Tiger enters the battlefield with a sealed Magic booster pack under it.\nWhen Stocking Tiger deals combat damage to a player, unwrap the booster pack and put it into your hand.", "toughness": "3", "type": "Artifact Creature — Cat Construct", "types": ["Artifact", "Creature"], "uuid": "62454821-9d81-55d7-b541-d13b53aa29c9", "variations": ["6caa0158-0c12-5932-8776-09ceba54b59f"]}, {"artist": "Terese Nielsen", "availability": ["paper"], "borderColor": "black", "colorIdentity": [], "colors": [], "convertedManaCost": 5.0, "finishes": ["nonfoil", "foil"], "flavorText": "Just hope yours isn't full of coal golems.", "foreignData": [], "frameVersion": "2003", "hasFoil": true, "hasNonFoil": true, "identifiers": {"mcmId": "286815", "mtgjsonV4Id": "7b23ded1-2262-5390-9d1b-4544408cb8ff", "scryfallId": "3f839548-e6d9-41c3-ac56-ffe2cf13cfad", "scryfallIllustrationId": "38aab1c6-c09c-4ad1-9490-5ed37ba65c2f", "scryfallOracleId": "4dc780cc-9961-445f-93bc-54ec80789bce", "tcgplayerProductId": "106210"}, "isPromo": true, "layout": "normal", "legalities": {}, "manaCost": "{5}", "manaValue": 5.0, "name": "Stocking Tiger", "number": "13†", "originalReleaseDate": "2013-12-01", "power": "3", "printings": ["HHO"], "promoTypes": ["event"], "purchaseUrls": {"tcgplayer": "https://mtgjson.com/links/13a8411f2076e151"}, "rarity": "rare", "rulings": [], "setCode": "HHO", "subtypes": ["Cat", "Construct"], "supertypes": [], "text": "Stocking Tiger enters the battlefield with a sealed Magic booster pack under it.\nWhen Stocking Tiger deals combat damage to a player, unwrap the booster pack and put it into your hand.", "toughness": "3", "type": "Artifact Creature — Cat Construct", "types": ["Artifact", "Creature"], "uuid": "6caa0158-0c12-5932-8776-09ceba54b59f", "variations": ["62454821-9d81-55d7-b541-d13b53aa29c9"]}, {"artist": "Jung Park", "availability": ["paper"], "borderColor": "silver", "colorIdentity": [], "colors": [], "convertedManaCost": 0.0, "finishes": ["foil"], "flavorText": "Even though Urza tried to apologize, Mishra continued to bear a grudge.", "foreignData": [], "frameVersion": "2015", "hasFoil": true, "hasNonFoil": false, "identifiers": {"mcmId": "271312", "mtgjsonV4Id": "313fbf01-9394-564e-a077-49519cc1661c", "scryfallId": "de9211a8-3321-4987-bdb0-3882ef9ccd6c", "scryfallIllustrationId": "52abedb0-6b52-4ad6-ab39-aaf90ad4f06e", "scryfallOracleId": "714d7ae4-b51b-4587-8722-9084b2847e4e", "tcgplayerProductId": "95046"}, "isPromo": true, "isStarter": true, "layout": "normal", "legalities": {}, "manaValue": 0.0, "name": "Mishra's Toy Workshop", "number": "14", "originalReleaseDate": "2014-12-02", "printings": ["HHO"], "promoTypes": ["datestamped", "event"], "purchaseUrls": {"tcgplayer": "https://mtgjson.com/links/fa63a4114b2d97ef"}, "rarity": "mythic", "rulings": [], "setCode": "HHO", "subtypes": [], "supertypes": [], "text": "{T}: Add {C}{C}{C}. Spend this mana only on spells and abilities that put tokens onto the battlefield. Use toys to represent the tokens.", "type": "Land", "types": ["Land"], "uuid": "e55a1819-4d47-5d6c-b4ef-b9d3b3282ff8"}, {"artist": "Mark Zug", "availability": ["paper"], "borderColor": "silver", "colorIdentity": ["R"], "colors": ["R"], "convertedManaCost": 2.0, "finishes": ["foil"], "flavorText": "\"What fun it is to ride and sing a slaying song tonight!\"", "foreignData": [], "frameVersion": "2015", "hasFoil": true, "hasNonFoil": false, "identifiers": {"mcmId": "286943", "mtgjsonV4Id": "9311feeb-5f90-552a-baf2-a473fc59c2bc", "scryfallId": "464ff1cb-3731-4e72-8a70-fbe7043e12ce", "scryfallIllustrationId": "2630dd75-0d91-4626-b4e1-8ebb995a73d3", "scryfallOracleId": "22eee71d-135b-4e18-b00f-f3be4fa42f4d", "tcgplayerProductId": "110267"}, "isPromo": true, "isStarter": true, "layout": "normal", "legalities": {}, "manaCost": "{1}{R}", "manaValue": 2.0, "name": "Goblin Sleigh Ride", "number": "15", "originalReleaseDate": "2015-12-01", "printings": ["HHO"], "promoTypes": ["datestamped", "event"], "purchaseUrls": {"tcgplayer": "https://mtgjson.com/links/fc70e9ac5e361917"}, "rarity": "mythic", "rulings": [], "setCode": "HHO", "subtypes": [], "supertypes": [], "text": "Target creature you control climbs into Goblin Sleigh Ride. You slide them on their merry way. If the creature stayed on, it deals damage equal to its toughness to each other creature touched during the slide.", "type": "Sorcery", "types": ["Sorcery"], "uuid": "59660422-4529-5208-a54b-599883ea5b6e"}, {"artist": "Victor Adame Minguez", "availability": ["paper"], "borderColor": "silver", "colorIdentity": ["U"], "colors": ["U"], "convertedManaCost": 4.0, "finishes": ["foil"], "flavorText": "They all thought her dream was just pie in the sky.", "foreignData": [], "frameVersion": "2015", "hasFoil": true, "hasNonFoil": false, "identifiers": {"mcmId": "294237", "mtgjsonV4Id": "c2ae5b34-9cc3-59bb-9b68-eeac94de03e2", "scryfallId": "833f4412-98eb-4ba5-8ae7-f3c973291db7", "scryfallIllustrationId": "dd1e10fd-47c0-4b23-aa15-5340fd0c2d78", "scryfallOracleId": "7c4e3a25-6b72-45ab-bcb0-9c4a67a4c7b1", "tcgplayerProductId": "125324"}, "isPromo": true, "isStarter": true, "layout": "normal", "legalities": {}, "manaCost": "{2}{U}{U}", "manaValue": 4.0, "name": "Thopter Pie Network", "number": "16", "originalReleaseDate": "2016-12-01", "printings": ["HHO"], "promoTypes": ["datestamped", "event"], "purchaseUrls": {"tcgplayer": "https://mtgjson.com/links/cc7e8eefc36e6e96"}, "rarity": "mythic", "rulings": [], "setCode": "HHO", "subtypes": [], "supertypes": [], "text": "At the beginning of your upkeep, if you're eating, create a 1/1 colorless Thopter artifact creature token with flying. Use food to represent the token.\nWhenever a creature token you control dies, if it's represented by food, eat it.", "type": "Enchantment", "types": ["Enchantment"], "uuid": "03a10af6-9d64-50e2-8e26-53c708442788"}, {"artist": "Dmitry Burmak", "availability": ["paper"], "borderColor": "silver", "colorIdentity": ["B"], "colors": ["B"], "convertedManaCost": 1.0, "finishes": ["foil"], "flavorText": "Now all they needed was a jolly, happy soul.", "foreignData": [], "frameVersion": "2015", "hasFoil": true, "hasNonFoil": false, "identifiers": {"mcmId": "311421", "mtgjsonV4Id": "64662992-c9d4-5954-b3b7-d42b04df87a9", "scryfallId": "4f7d0eda-2ecf-4479-9c2a-060f65220084", "scryfallIllustrationId": "79dfb58d-c92f-4882-8227-44424deb8a5d", "scryfallOracleId": "26eb864c-da34-4896-9e67-32efe441d28d", "tcgplayerProductId": "154792"}, "isPromo": true, "isStarter": true, "layout": "normal", "legalities": {}, "manaCost": "{B}", "manaValue": 1.0, "name": "Some Disassembly Required", "number": "17", "originalReleaseDate": "2017-12-01", "printings": ["HHO"], "promoTypes": ["datestamped", "event"], "purchaseUrls": {"tcgplayer": "https://mtgjson.com/links/c9f4583aa453dcef"}, "rarity": "mythic", "rulings": [], "setCode": "HHO", "subtypes": [], "supertypes": [], "text": "{B}, Sacrifice a creature: Distribute the sacrificed creature's keyword abilities among any number of other target creatures until end of turn. If it's December, you gain 1 life for each of those keywords.", "type": "Enchantment", "types": ["Enchantment"], "uuid": "8e8b7580-07cc-52ac-9a89-21aa610f4eba"}, {"artist": "Kieran Yanner", "availability": ["paper"], "borderColor": "silver", "colorIdentity": ["B"], "colors": ["B"], "convertedManaCost": 2.0, "finishes": ["foil"], "foreignData": [], "frameVersion": "2015", "hasFoil": true, "hasNonFoil": false, "identifiers": {"mcmId": "365670", "mtgjsonV4Id": "e00cbecd-afa0-58ad-a493-6cf83470229e", "scryfallId": "8527dc1a-57f9-4328-98d3-a83874069b8b", "scryfallIllustrationId": "f0b7c2d5-5aec-4b1c-93f7-dd7be37e46df", "scryfallOracleId": "047d95cb-3de4-4299-9b8e-ae6dd24395d9", "tcgplayerProductId": "181788"}, "isPromo": true, "isStarter": true, "keywords": ["Flying"], "layout": "normal", "legalities": {}, "manaCost": "{1}{B}", "manaValue": 2.0, "name": "Bog Humbugs", "number": "18", "originalReleaseDate": "2018-12-01", "power": "1", "printings": ["HHO"], "promoTypes": ["datestamped", "event"], "purchaseUrls": {"tcgplayer": "https://mtgjson.com/links/99f589efe16efd12"}, "rarity": "mythic", "rulings": [], "setCode": "HHO", "subtypes": ["Insect"], "supertypes": [], "text": "Flying\nWhenever Bog Humbugs deals combat damage, hum that many notes of a festive song. If you can, put a +1/+1 counter on Bog Humbugs.", "toughness": "1", "type": "Creature — Insect", "types": ["Creature"], "uuid": "7eed3428-e152-5558-b332-27f5947733ba"}, {"artist": "Zoltan Boros", "availability": ["paper"], "borderColor": "silver", "colorIdentity": ["U"], "colors": ["U"], "convertedManaCost": 4.0, "faceConvertedManaCost": 4.0, "faceManaValue": 4.0, "faceName": "Decorated Knight", "finishes": ["foil"], "foreignData": [], "frameVersion": "2015", "hasFoil": true, "hasNonFoil": false, "identifiers": {"mcmId": "425936", "mtgjsonV4Id": "03ac484c-7262-5cec-ab51-aa0561815aa5", "scryfallId": "6cbda4a6-e01b-4df2-aee9-b6f14336b85f", "scryfallIllustrationId": "e224c68f-eae2-44a8-a726-bb9b44fa09c8", "scryfallOracleId": "d61cd9f1-a0ea-42d0-8afa-2cf62c80ec4d", "tcgplayerProductId": "205180"}, "isPromo": true, "isStarter": true, "layout": "adventure", "legalities": {}, "manaCost": "{3}{U}", "manaValue": 4.0, "name": "Decorated Knight // Present Arms", "number": "19", "originalReleaseDate": "2019-12-01", "otherFaceIds": ["131f46a7-ed09-5570-a757-708850698bb5"], "power": "3", "printings": ["HHO"], "promoTypes": ["datestamped", "event"], "purchaseUrls": {"tcgplayer": "https://mtgjson.com/links/1e12f6bd916e5fe9"}, "rarity": "mythic", "rulings": [], "setCode": "HHO", "side": "a", "subtypes": ["Human", "Knight"], "supertypes": [], "text": "Whenever Decorated Knight attacks, draw a card from your original deck if it's outside the game.", "toughness": "3", "type": "Creature — Human Knight", "types": ["Creature"], "uuid": "9073e458-955a-5415-9835-7df3d6210626"}, {"artist": "Zoltan Boros", "availability": ["paper"], "borderColor": "silver", "colorIdentity": ["U"], "colors": ["U"], "convertedManaCost": 4.0, "faceConvertedManaCost": 3.0, "faceManaValue": 3.0, "faceName": "Present Arms", "finishes": ["foil"], "foreignData": [], "frameVersion": "2015", "hasFoil": true, "hasNonFoil": false, "identifiers": {"mcmId": "425936", "mtgjsonV4Id": "0c1243f3-5e58-58b6-8e9f-2084239e1d26", "scryfallId": "6cbda4a6-e01b-4df2-aee9-b6f14336b85f", "scryfallIllustrationId": "e224c68f-eae2-44a8-a726-bb9b44fa09c8", "scryfallOracleId": "d61cd9f1-a0ea-42d0-8afa-2cf62c80ec4d", "tcgplayerProductId": "205180"}, "isPromo": true, "isStarter": true, "layout": "adventure", "legalities": {}, "manaCost": "{2}{U}", "manaValue": 4.0, "name": "Decorated Knight // Present Arms", "number": "19", "otherFaceIds": ["9073e458-955a-5415-9835-7df3d6210626"], "printings": ["HHO"], "promoTypes": ["datestamped", "event"], "purchaseUrls": {"tcgplayer": "https://mtgjson.com/links/12cd93abcf3bcebe"}, "rarity": "mythic", "rulings": [], "setCode": "HHO", "side": "b", "subtypes": ["Adventure"], "supertypes": [], "text": "Exchange your library with another deck you own from outside the game. Shuffle your library.", "type": "Sorcery — Adventure", "types": ["Sorcery"], "uuid": "131f46a7-ed09-5570-a757-708850698bb5"}, {"artist": "Kieran Yanner", "availability": ["paper"], "borderColor": "silver", "colorIdentity": ["R", "W"], "colors": ["R", "W"], "convertedManaCost": 5.0, "finishes": ["nonfoil", "foil"], "foreignData": [], "frameVersion": "2015", "hasFoil": true, "hasNonFoil": true, "identifiers": {"mcmId": "523600", "mtgjsonV4Id": "e9f9a371-9fb6-55d6-8d2d-15b53340c569", "scryfallId": "461d92f4-7071-4f6e-983a-350e00181034", "scryfallIllustrationId": "7b4f1cb3-7144-4646-836f-4117ebdcaec7", "scryfallOracleId": "ea8ed790-bd4e-403e-9f50-10c068db00c6", "tcgplayerProductId": "228752"}, "isPromo": true, "isStarter": true, "keywords": ["Miracle"], "layout": "normal", "legalities": {}, "manaCost": "{3}{R}{W}", "manaValue": 5.0, "name": "Topdeck the Halls", "number": "20", "originalReleaseDate": "2020-12-25", "printings": ["HHO"], "promoTypes": ["datestamped", "event"], "purchaseUrls": {"tcgplayer": "https://mtgjson.com/links/366c4582b8306a02"}, "rarity": "mythic", "rulings": [], "setCode": "HHO", "subtypes": [], "supertypes": [], "text": "Decorated Cards in your hand have miracle {S}. (Decorated cards include premiums, promos, and cards with alternate frames or art.)\nAt the beginning of your upkeep, if you control twelve or more decorated permanents, you win the game.", "type": "Enchantment", "types": ["Enchantment"], "uuid": "a78760bd-de85-580e-85ef-3c06b1589148"}, {"artist": "Jason Chan", "availability": ["paper"], "borderColor": "black", "colorIdentity": ["U"], "colors": ["U"], "convertedManaCost": 4.0, "finishes": ["nonfoil", "foil"], "flavorText": "\"Thanks! You shouldn't have.\"", "foreignData": [], "frameVersion": "2003", "hasFoil": true, "hasNonFoil": true, "identifiers": {"mtgjsonV4Id": "84b7637d-a369-5827-87d7-ae8a64e3c735", "scryfallId": "b74ed7df-0d88-49e6-af51-21f2a42114a1", "scryfallIllustrationId": "ea9cfae4-50ad-441f-8653-8b80ebb95657", "scryfallOracleId": "e717c42b-3177-42e1-83c1-11da11d62aa5"}, "isPromo": true, "layout": "normal", "legalities": {}, "manaCost": "{3}{U}", "manaValue": 4.0, "name": "Gifts Given", "number": "7†", "originalReleaseDate": "2007-12-01", "printings": ["HHO"], "promoTypes": ["event"], "purchaseUrls": {}, "rarity": "rare", "rulings": [], "setCode": "HHO", "subtypes": [], "supertypes": [], "text": "Search target opponent's library for four cards with different names and reveal them. That player chooses two of those cards. Put the chosen cards into the player's graveyard and the rest into your hand. Then that player shuffles their library.", "type": "Instant", "types": ["Instant"], "uuid": "87e5a278-5cfd-5abf-bc89-5d6a50d91fac", "variations": ["b9c93bde-7e6a-5a9d-b078-2cf886f7007e"]}], "code": "HHO", "isFoilOnly": false, "isOnlineOnly": false, "keyruneCode": "PMEI", "name": "Happy Holidays", "releaseDate": "2006-12-31", "tokens": [], "totalSetSize": 19, "translations": {}, "type": "funny"}
