{"cards": [{"artist": "Kari Christensen", "availability": ["paper"], "borderColor": "black", "colorIdentity": ["R"], "colors": ["R"], "convertedManaCost": 4.0, "finishes": ["nonfoil"], "flavorText": "\"Sure, I could set things on fire by myself. But teamwork can be fun, too.\"", "foreignData": [], "frameVersion": "2015", "hasFoil": false, "hasNonFoil": true, "identifiers": {"mcmId": "367714", "mtgjsonV4Id": "1915dd29-dfd4-5029-a6b4-9492c3554d71", "scryfallId": "d7ee8f1a-76ca-48a5-b71c-bc787cf66a09", "scryfallIllustrationId": "6e2329a1-3476-44c6-ade5-421b10bc09cc", "scryfallOracleId": "486757df-23c0-4b53-97c3-c38c4eb32a56", "tcgplayerProductId": "205957"}, "isStarter": true, "layout": "normal", "leadershipSkills": {"brawl": false, "commander": false, "oathbreaker": true}, "legalities": {}, "loyalty": "3", "manaCost": "{2}{R}{R}", "manaValue": 4.0, "name": "Chandra, Gremlin Wrangler", "number": "1", "printings": ["HTR16"], "purchaseUrls": {"tcgplayer": "https://mtgjson.com/links/f156dde544a3852a"}, "rarity": "mythic", "rulings": [], "setCode": "HTR16", "subtypes": ["Chandra"], "supertypes": ["Legendary"], "text": "[+1]: Create a 2/2 red Gremlin creature token.\n[−2]: Chandra, Gremlin Wrangler deals X damage to target creature or player, where X is the number of Gremlins you control.", "type": "Legendary Planeswalker — Chandra", "types": ["Planeswalker"], "uuid": "53758cf3-0433-54aa-bb43-7afe42e73377"}, {"artist": "Mike Burns", "availability": ["paper"], "borderColor": "black", "colorIdentity": ["U", "W"], "colors": ["U", "W"], "convertedManaCost": 4.0, "finishes": ["nonfoil"], "foreignData": [], "frameVersion": "2015", "hasFoil": false, "hasNonFoil": true, "identifiers": {"mcmId": "367715", "mtgjsonV4Id": "72d57f27-5913-5563-b42a-d0b830215bfd", "scryfallId": "a4cf1827-2ce6-4592-b213-858dcb115ae0", "scryfallIllustrationId": "365903b7-d641-4772-93ca-c1e5a0eca292", "scryfallOracleId": "6bbd0bf6-cb22-431f-be1b-e76febf68cfc", "tcgplayerProductId": "205958"}, "isStarter": true, "layout": "normal", "leadershipSkills": {"brawl": false, "commander": false, "oathbreaker": true}, "legalities": {}, "loyalty": "1d4+1", "manaCost": "{2}{W}{U}", "manaValue": 4.0, "name": "Dungeon Master", "number": "2", "printings": ["HTR16"], "purchaseUrls": {"tcgplayer": "https://mtgjson.com/links/b0f509e64096262b"}, "rarity": "mythic", "rulings": [], "setCode": "HTR16", "subtypes": ["Dungeon", "Master"], "supertypes": ["Legendary"], "text": "[+1]: Target opponent creates a 1/1 black Skeleton creature token with \"When this creature dies, each opponent gains 2 life.\"\n[+1]: Roll a d20. If you roll a 1, skip your next turn. If you roll a 12 or higher, draw a card.\n[−6]: You get an adventuring party. (Your party is a 3/3 red Fighter with first strike, a 1/1 white Cleric with lifelink, a 2/2 black Rogue with hexproof, and a 1/1 blue Wizard with flying.)", "type": "Legendary Planeswalker — Dungeon Master", "types": ["Planeswalker"], "uuid": "e2ab758c-b8d2-522a-b32f-ef87584d8081"}, {"artist": "Yoichi Ito", "availability": ["paper"], "borderColor": "black", "colorIdentity": ["B", "G", "R", "U", "W"], "colors": ["B", "G", "R", "U", "W"], "convertedManaCost": 5.0, "finishes": ["nonfoil"], "flavorText": "\"Keep rising.\"", "foreignData": [], "frameVersion": "2015", "hasFoil": false, "hasNonFoil": true, "identifiers": {"mcmId": "367716", "mtgjsonV4Id": "d802c09e-7971-53d9-94c8-1b9df8a6c377", "scryfallId": "58ce16da-30d3-49ca-9c85-2dcb599f8913", "scryfallIllustrationId": "ee439f3b-826b-4dab-a4c4-97405eb42af4", "scryfallOracleId": "4fc8d905-8aeb-4a62-a99f-5d888da30f2f", "tcgplayerProductId": "205959"}, "isStarter": true, "keywords": ["Flash", "Flying", "Haste", "Trample"], "layout": "normal", "leadershipSkills": {"brawl": false, "commander": true, "oathbreaker": false}, "legalities": {}, "manaCost": "{W}{U}{B}{R}{G}", "manaValue": 5.0, "name": "Nira, Hellkite Duelist", "number": "3", "power": "6", "printings": ["HTR16"], "purchaseUrls": {"tcgplayer": "https://mtgjson.com/links/51b2fc028b61a6d9"}, "rarity": "mythic", "rulings": [], "setCode": "HTR16", "subtypes": ["Dragon"], "supertypes": ["Legendary"], "text": "Flash\nFlying, trample, haste\nWhen Nira, Hellkite Duelist enters the battlefield, the next time you would lose the game this turn, instead draw three cards and your life total becomes 5.", "toughness": "6", "type": "Legendary Creature — Dragon", "types": ["Creature"], "uuid": "a3572535-1a70-5d85-8a73-83b5d68375bf"}], "code": "HTR16", "isFoilOnly": false, "isNonFoilOnly": true, "isOnlineOnly": false, "keyruneCode": "PMEI", "name": "2016 Heroes of the Realm", "releaseDate": "2017-09-20", "tokens": [], "totalSetSize": 3, "translations": {}, "type": "funny"}
