{"cards": [{"artist": "Alexander Forssberg", "availability": ["paper"], "borderColor": "black", "colorIdentity": ["R"], "colors": ["R"], "convertedManaCost": 3.0, "finishes": ["nonfoil", "foil"], "foreignData": [], "frameVersion": "2015", "hasFoil": true, "hasNonFoil": true, "identifiers": {"mtgjsonV4Id": "4fd0354a-c182-5ced-b606-89eab4dc12c9", "scryfallId": "acba8c92-419a-4a4a-ad92-4f4a63ed8122", "scryfallIllustrationId": "e07637da-fc3f-46ee-9611-a0a949aad7c1", "scryfallOracleId": "5801dc62-dfc7-47bb-b824-7ca33021869e"}, "isStarter": true, "keywords": ["Crew", "Flying", "Haste"], "layout": "normal", "legalities": {}, "manaCost": "{2}{R}", "manaValue": 3.0, "name": "Mountain Mover", "number": "2", "printings": ["HTR20"], "purchaseUrls": {}, "rarity": "mythic", "rulings": [], "setCode": "HTR20", "subtypes": ["Vehicle"], "supertypes": [], "text": "Flying, haste\nWhenever Mountain Mover enters the battlefield or attacks, put a Mountain card from outside the game underneath it.\nWhen Mountain Mover leaves the battlefield, put all cards underneath it onto the battlefield.\nCrew 3", "type": "Artifact — Vehicle", "types": ["Artifact"], "uuid": "9ff563d3-2e1a-5605-a8e1-6e75fe09d0fa"}, {"artist": "Wizard of Barge", "availability": ["paper"], "borderColor": "black", "colorIdentity": [], "colors": [], "convertedManaCost": 0.0, "finishes": ["nonfoil", "foil"], "foreignData": [], "frameEffects": ["legendary"], "frameVersion": "2015", "hasFoil": true, "hasNonFoil": true, "identifiers": {"mtgjsonV4Id": "66c8d31d-deef-5ced-ab2c-38b83027bac3", "scryfallId": "60522839-bcf5-4da9-bab5-ff436269c4a1", "scryfallIllustrationId": "de416297-f5c1-4e87-9926-92eabdb7b48f", "scryfallOracleId": "06eec4d7-ee11-44c9-8c5c-a16ecd5ecd84"}, "isStarter": true, "keywords": ["Scry"], "layout": "normal", "legalities": {}, "manaValue": 0.0, "name": "The Secret Lair", "number": "3", "printings": ["HTR20"], "purchaseUrls": {}, "rarity": "mythic", "rulings": [], "setCode": "HTR20", "subtypes": ["Lair"], "supertypes": ["Legendary"], "text": "{T}: Add {C}.\n{T}, Say the secret word: Add one mana of any color. Scry 1. You gain 1 life.", "type": "Legendary Land — Lair", "types": ["Land"], "uuid": "080f9bd3-ec74-5601-b300-55db77420e57"}], "code": "HTR20", "isFoilOnly": false, "isOnlineOnly": false, "keyruneCode": "PMEI", "name": "2020 Heroes of the Realm", "releaseDate": "2021-08-01", "tokens": [], "totalSetSize": 2, "translations": {}, "type": "funny"}
