{"cards": [{"artist": "Junko Taguchi", "availability": ["paper"], "borderColor": "black", "colorIdentity": ["B"], "colors": ["B"], "convertedManaCost": 4.0, "edhrecRank": 8570, "finishes": ["foil"], "foreignData": [], "frameVersion": "2003", "hasFoil": true, "hasNonFoil": false, "identifiers": {"mcmId": "252042", "mtgjsonV4Id": "e081ae95-df9b-5b4c-97ab-82d4328fd514", "scryfallId": "387e7f85-cdd0-42ad-9205-1932fa0c8230", "scryfallIllustrationId": "0f8ceab9-3382-4bfa-9f29-9b653d2c6899", "scryfallOracleId": "9602f262-62cb-4c1e-91b6-d94780e571cf", "tcgplayerProductId": "57649"}, "isPromo": true, "isReprint": true, "isStarter": true, "keywords": ["Horsemanship"], "layout": "normal", "leadershipSkills": {"brawl": false, "commander": true, "oathbreaker": false}, "legalities": {"commander": "Legal", "duel": "Legal", "legacy": "Legal", "paupercommander": "Restricted", "vintage": "Legal"}, "manaCost": "{2}{B}{B}", "manaValue": 4.0, "name": "Xiahou Dun, the One-Eyed", "number": "1", "power": "3", "printings": ["J12", "ME3", "PTK"], "promoTypes": ["judgegift"], "purchaseUrls": {"tcgplayer": "https://mtgjson.com/links/16010461b1410152"}, "rarity": "rare", "rulings": [{"date": "2009-10-01", "text": "Despite the similarities between horsemanship and flying, horsemanship doesn’t interact with flying or reach."}, {"date": "2009-10-01", "text": "You can’t activate Xiahou Dun’s ability to return Xiahou Dun itself to your hand. You must choose a target before you sacrifice Xiahou Dun, so it’s not a black card in your graveyard yet."}, {"date": "2013-09-20", "text": "If a turn has multiple combat phases, the ability can only be activated before the beginning of the declare attackers step of the first combat phase in that turn."}], "setCode": "J12", "subtypes": ["Human", "Soldier"], "supertypes": ["Legendary"], "text": "Horsemanship (This creature can't be blocked except by creatures with horsemanship.)\nSacrifice Xiahou Dun, the One-Eyed: Return target black card from your graveyard to your hand. Activate only during your turn, before attackers are declared.", "toughness": "2", "type": "Legendary Creature — Human Soldier", "types": ["Creature"], "uuid": "fed8e1ad-92bd-5cd7-9a09-e1f1ef8cf5b0", "watermark": "wotc"}, {"artist": "Erica Yang", "availability": ["paper"], "borderColor": "black", "colorIdentity": ["U"], "colors": ["U"], "convertedManaCost": 1.0, "edhrecRank": 209, "finishes": ["foil"], "foreignData": [], "frameVersion": "2003", "hasFoil": true, "hasNonFoil": false, "identifiers": {"mcmId": "252043", "mtgjsonV4Id": "ee1be2ae-b7ab-51be-9998-998365d636f0", "scryfallId": "7393a74a-5bf4-468f-a40e-3ad1b99bb701", "scryfallIllustrationId": "6565f15d-208e-4533-9880-2c24623a809e", "scryfallOracleId": "86bf58f2-7f25-4e10-b797-25e0e8e67769", "tcgplayerProductId": "57648"}, "isPromo": true, "isReprint": true, "isStarter": true, "keywords": ["Storm"], "layout": "normal", "legalities": {"commander": "Legal", "duel": "Legal", "legacy": "Legal", "modern": "Legal", "vintage": "Legal"}, "manaCost": "{U}", "manaValue": 1.0, "name": "Flusterstorm", "number": "2", "printings": ["CMD", "IMA", "J12", "MH1", "PRM", "PZ1", "VMA"], "promoTypes": ["judgegift"], "purchaseUrls": {"tcgplayer": "https://mtgjson.com/links/7fbe768a2ee6da37"}, "rarity": "rare", "rulings": [{"date": "2013-06-07", "text": "The copies are put directly onto the stack. They aren’t cast and won’t be counted by other spells with storm cast later in the turn."}, {"date": "2013-06-07", "text": "Spells cast from zones other than a player’s hand and spells that were countered are counted by the storm ability."}, {"date": "2013-06-07", "text": "A copy of a spell can be countered like any other spell, but it must be countered individually. Countering a spell with storm won’t affect the copies."}, {"date": "2013-06-07", "text": "The triggered ability that creates the copies can itself be countered by anything that can counter a triggered ability. If it is countered, no copies will be put onto the stack."}, {"date": "2013-06-07", "text": "You may choose new targets for any of the copies. You can choose differently for each copy."}], "setCode": "J12", "subtypes": [], "supertypes": [], "text": "Counter target instant or sorcery spell unless its controller pays {1}.\nStorm (When you cast this spell, copy it for each spell cast before it this turn. You may choose new targets for the copies.)", "type": "Instant", "types": ["Instant"], "uuid": "0f959e36-f888-5fb3-a5c5-696f8ab09384", "watermark": "wotc"}, {"artist": "Mark Zug", "availability": ["paper"], "borderColor": "black", "colorIdentity": ["G", "U", "W"], "colors": ["G"], "convertedManaCost": 1.0, "edhrecRank": 743, "finishes": ["foil"], "flavorText": "She protects the sacred groves from blight, drought, and the Unbeholden.", "foreignData": [], "frameVersion": "1997", "hasFoil": true, "hasNonFoil": false, "identifiers": {"mcmId": "259180", "mtgjsonV4Id": "805be752-7b2e-5358-99c8-35be27eaad6b", "scryfallId": "02b642ff-eb7d-4c10-9d5b-477af2e52e59", "scryfallIllustrationId": "0a2b9149-9ff1-4097-8377-f3db60ef7ba8", "scryfallOracleId": "98aa9424-5912-4bd6-9300-b3972a31d8af", "tcgplayerProductId": "67377"}, "isPromo": true, "isReprint": true, "isStarter": true, "keywords": ["Exalted"], "layout": "normal", "legalities": {"commander": "Legal", "duel": "Legal", "legacy": "Legal", "modern": "Legal", "vintage": "Legal"}, "manaCost": "{G}", "manaValue": 1.0, "name": "Noble Hierarch", "number": "3", "power": "0", "printings": ["2XM", "CON", "J12", "MM2", "PPRO", "PRM", "PUMA", "UMA"], "promoTypes": ["judgegift"], "purchaseUrls": {"tcgplayer": "https://mtgjson.com/links/8790134665630f41"}, "rarity": "rare", "rulings": [], "setCode": "J12", "subtypes": ["Human", "Druid"], "supertypes": [], "text": "Exalted (Whenever a creature you control attacks alone, that creature gets +1/+1 until end of turn.)\n{T}: Add {G}, {W}, or {U}.", "toughness": "1", "type": "Creature — Human Druid", "types": ["Creature"], "uuid": "cbb4053d-2ee0-501d-9dc8-48d6cc8d3a98"}, {"artist": "Allen Williams", "availability": ["paper"], "borderColor": "black", "colorIdentity": ["W"], "colors": ["W"], "convertedManaCost": 5.0, "edhrecRank": 554, "finishes": ["foil"], "foreignData": [], "frameVersion": "2003", "hasFoil": true, "hasNonFoil": false, "identifiers": {"mcmId": "253051", "mtgjsonV4Id": "bc8d1b8c-af52-5d0b-9110-a6e318e2334f", "scryfallId": "9743a8f4-8eea-49c1-b533-b2aa40152260", "scryfallIllustrationId": "d64876a7-a952-4520-b3c2-443d6212a5be", "scryfallOracleId": "8c31fec9-e4b3-4761-990e-7be38eb05604", "tcgplayerProductId": "58132"}, "isPromo": true, "isReprint": true, "isStarter": true, "keywords": ["Echo", "Flying", "Protection"], "layout": "normal", "legalities": {"commander": "Legal", "duel": "Legal", "legacy": "Legal", "modern": "Legal", "penny": "Legal", "premodern": "Legal", "vintage": "Legal"}, "manaCost": "{3}{W}{W}", "manaValue": 5.0, "name": "Karmic Guide", "number": "4", "power": "2", "printings": ["AFC", "C13", "CMA", "EMA", "J12", "MH2", "PMH2", "SLD", "ULG", "VMA"], "promoTypes": ["judgegift"], "purchaseUrls": {"tcgplayer": "https://mtgjson.com/links/afa6c3009a072f0d"}, "rarity": "rare", "rulings": [{"date": "2021-06-18", "text": "Paying for echo is always optional. When the echo triggered ability resolves, if you can’t pay the echo cost or choose not to, you sacrifice that permanent."}, {"date": "2021-06-18", "text": "Your permanent’s echo ability will trigger at the beginning of your upkeep if it entered the battlefield since the beginning of your last upkeep, or if you gained control of it since the beginning of your last upkeep."}], "setCode": "J12", "subtypes": ["Angel", "Spirit"], "supertypes": [], "text": "Flying, protection from black\nEcho {3}{W}{W} (At the beginning of your upkeep, if this came under your control since the beginning of your last upkeep, sacrifice it unless you pay its echo cost.)\nWhen Karmic Guide enters the battlefield, return target creature card from your graveyard to the battlefield.", "toughness": "2", "type": "Creature — Angel Spirit", "types": ["Creature"], "uuid": "db606d57-a9df-5f77-bf74-def734c13e21", "watermark": "wotc"}, {"artist": "Tyler Jacobson", "availability": ["paper"], "borderColor": "black", "colorIdentity": ["R"], "colors": ["R"], "convertedManaCost": 4.0, "edhrecRank": 1711, "finishes": ["foil"], "foreignData": [], "frameVersion": "2003", "hasFoil": true, "hasNonFoil": false, "identifiers": {"mcmId": "256753", "mtgjsonV4Id": "4a590f38-3456-583e-bfe3-3d8ff07bb7d8", "scryfallId": "6ff4de87-f871-4edc-9abb-b91053195bac", "scryfallIllustrationId": "f0bfa32b-e8f5-46d7-94e1-db2682277c3d", "scryfallOracleId": "e7aee670-e6ac-4b3a-b3d1-7b7013db8f3d", "tcgplayerProductId": "58134"}, "isPromo": true, "isReprint": true, "isStarter": true, "layout": "normal", "legalities": {"commander": "Legal", "duel": "Legal", "legacy": "Legal", "premodern": "Legal", "vintage": "Legal"}, "manaCost": "{3}{R}", "manaValue": 4.0, "name": "Sneak Attack", "number": "5", "printings": ["2XM", "EMA", "J12", "PLIST", "PRM", "USG"], "promoTypes": ["judgegift"], "purchaseUrls": {"tcgplayer": "https://mtgjson.com/links/42be4c9be408bb72"}, "rarity": "rare", "rulings": [{"date": "2007-05-01", "text": "Putting the card onto the battlefield is optional. When the ability resolves, you can choose not to."}, {"date": "2016-06-08", "text": "You only sacrifice the creature if you still control it at end of turn. If that creature has left the battlefield, even if it came back, you don’t sacrifice it. Likewise, if an opponent has gained control of it, it won’t be sacrificed and will remain on the battlefield indefinitely."}, {"date": "2016-06-08", "text": "Putting a card onto the battlefield is optional. When the ability resolves, you can choose not to, even if you have one in your hand."}], "setCode": "J12", "subtypes": [], "supertypes": [], "text": "{R}: You may put a creature card from your hand onto the battlefield. That creature gains haste. Sacrifice the creature at the beginning of the next end step.", "type": "Enchantment", "types": ["Enchantment"], "uuid": "cbd1092d-9ceb-5a6c-b426-daec78113b89", "watermark": "wotc"}, {"artist": "Drew Baker", "availability": ["paper"], "borderColor": "black", "colorIdentity": ["W"], "colors": [], "convertedManaCost": 0.0, "finishes": ["foil"], "foreignData": [], "frameVersion": "2003", "hasFoil": true, "hasNonFoil": false, "identifiers": {"mcmId": "259179", "mtgjsonV4Id": "47fd3ba3-a13e-569a-8267-c46b4eaa3358", "scryfallId": "da940567-0585-45c5-89b4-fbdaf39192ec", "scryfallIllustrationId": "c538dc0c-3687-41d9-858a-089a06e6555a", "scryfallOracleId": "59119143-c0fa-49dd-adf0-e2fd3029c48b", "tcgplayerProductId": "67376"}, "isPromo": true, "isReprint": true, "isStarter": true, "layout": "normal", "legalities": {"commander": "Banned", "duel": "Banned", "legacy": "Legal", "vintage": "Legal"}, "manaValue": 0.0, "name": "Karakas", "number": "6", "printings": ["EMA", "J12", "LEG", "ME3", "OLGC", "PRM", "PUMA", "TD0", "UMA"], "promoTypes": ["judgegift"], "purchaseUrls": {"tcgplayer": "https://mtgjson.com/links/91f831463b4a6195"}, "rarity": "rare", "rulings": [], "setCode": "J12", "subtypes": [], "supertypes": ["Legendary"], "text": "{T}: Add {W}.\n{T}: Return target legendary creature to its owner's hand.", "type": "Legendary Land", "types": ["Land"], "uuid": "341f0a7d-8114-52ec-9e6a-56816beb1047", "watermark": "wotc"}, {"artist": "Mark Zug", "availability": ["paper"], "borderColor": "black", "colorIdentity": [], "colors": [], "convertedManaCost": 3.0, "edhrecRank": 1322, "finishes": ["foil"], "foreignData": [], "frameVersion": "1997", "hasFoil": true, "hasNonFoil": false, "identifiers": {"mcmId": "253052", "mtgjsonV4Id": "e566031d-0fd2-512a-b66c-ccf5b60d8a49", "scryfallId": "d22437d0-b6e1-4175-b4bb-c2d67141ac84", "scryfallIllustrationId": "cd2c0a79-e2b4-4aac-bbb1-635c8beab0b9", "scryfallOracleId": "01c8a554-45a6-46ca-b40a-af0fd4529e40", "tcgplayerProductId": "58131"}, "isPromo": true, "isReprint": true, "isStarter": true, "keywords": ["Equip"], "layout": "normal", "legalities": {"commander": "Legal", "duel": "Legal", "legacy": "Legal", "modern": "Legal", "vintage": "Legal"}, "manaCost": "{3}", "manaValue": 3.0, "name": "Sword of Light and Shadow", "number": "7", "printings": ["2XM", "DST", "J12", "MMA", "MPS", "PRM"], "promoTypes": ["judgegift"], "purchaseUrls": {"tcgplayer": "https://mtgjson.com/links/6e8b811d5218f59b"}, "rarity": "rare", "rulings": [{"date": "2013-06-07", "text": "You may put the triggered ability with no targets. However, If you choose a target creature in your graveyard, and that card is an illegal target when the ability tries to resolve, it won’t resolve and none of its effects will happen. You won’t gain 3 life."}], "setCode": "J12", "subtypes": ["Equipment"], "supertypes": [], "text": "Equipped creature gets +2/+2 and has protection from white and from black.\nWhenever equipped creature deals combat damage to a player, you gain 3 life and you may return up to one target creature card from your graveyard to your hand.\nEquip {2}", "type": "Artifact — Equipment", "types": ["Artifact"], "uuid": "0ea6f360-b155-56d9-b15a-9008bf2a7e48"}, {"artist": "Ryan Yee", "availability": ["paper"], "borderColor": "black", "colorIdentity": [], "colors": [], "convertedManaCost": 0.0, "edhrecRank": 2, "finishes": ["foil"], "flavorText": "When defeat is near and guidance is scarce, all eyes look in one direction.", "foreignData": [], "frameVersion": "2003", "hasFoil": true, "hasNonFoil": false, "identifiers": {"mcmId": "256754", "mtgjsonV4Id": "a51f7909-24ce-5608-8ac9-52539ed26b3f", "scryfallId": "a10140e7-90a2-49fa-b47e-61214e35f9b8", "scryfallIllustrationId": "8218c3fe-62e3-4639-a305-68897194c3d3", "scryfallOracleId": "0895c9b7-ae7d-4bb3-af17-3b75deb50a25", "tcgplayerProductId": "58133"}, "isPromo": true, "isReprint": true, "isStarter": true, "layout": "normal", "legalities": {"brawl": "Legal", "commander": "Legal", "duel": "Legal", "gladiator": "Legal", "historic": "Legal", "historicbrawl": "Legal", "legacy": "Legal", "modern": "Legal", "pauper": "Legal", "paupercommander": "Legal", "pioneer": "Legal", "vintage": "Legal"}, "manaValue": 0.0, "name": "Command Tower", "number": "8", "printings": ["AFC", "C13", "C15", "C16", "C17", "C18", "C19", "C20", "C21", "CC1", "CC2", "CM1", "CM2", "CMA", "CMD", "CMR", "ELD", "J12", "KHC", "MIC", "PRM", "PZ1", "ZNC"], "promoTypes": ["judgegift"], "purchaseUrls": {"tcgplayer": "https://mtgjson.com/links/2b01f9002cc59e64"}, "rarity": "rare", "rulings": [{"date": "2020-11-10", "text": "If you have two commanders, the ability adds one mana of any color in their combined color identities."}, {"date": "2020-11-10", "text": "If your commander is a card that has no colors in its color identity, Command Tower’s ability produces no mana. It doesn’t produce {C}."}, {"date": "2020-11-10", "text": "If you don’t have a commander, Command Tower’s ability produces no mana."}], "setCode": "J12", "subtypes": [], "supertypes": [], "text": "{T}: Add one mana of any color in your commander's color identity.", "type": "Land", "types": ["Land"], "uuid": "08ad2985-6440-5139-9fa5-5b478bb15369", "watermark": "wotc"}], "code": "J12", "isFoilOnly": false, "isOnlineOnly": false, "keyruneCode": "PMEI", "name": "Judge Gift Cards 2012", "releaseDate": "2012-01-01", "tcgplayerGroupId": 62, "tokens": [{"artist": "James Ryman", "availability": ["paper"], "borderColor": "black", "colorIdentity": ["G"], "colors": ["G"], "finishes": ["nonfoil"], "frameVersion": "2003", "hasFoil": false, "hasNonFoil": true, "identifiers": {"mtgjsonV4Id": "a102976a-8d37-575e-abb1-a3f495fa105e", "scryfallId": "f27302e5-70eb-4c7a-a758-f37a6af98e12", "scryfallIllustrationId": "aba07686-974f-4bce-9867-d803918c23a0", "scryfallOracleId": "c41ea1cd-d87a-4e4c-b814-4c24c5bef511", "tcgplayerProductId": "78477"}, "isPromo": true, "isReprint": true, "layout": "token", "name": "Centaur", "number": "9", "power": "3", "promoTypes": ["judgegift"], "reverseRelated": [], "setCode": "J12", "subtypes": ["Centaur"], "supertypes": [], "toughness": "3", "type": "Token Creature — Centaur", "types": ["Token", "Creature"], "uuid": "766a241c-7f45-5799-87b8-27966785e7a4"}], "totalSetSize": 8, "translations": {}, "type": "promo"}
