{"cards": [{"artist": "Todd Lockwood", "availability": ["paper"], "borderColor": "black", "colorIdentity": ["B", "G", "W"], "colors": ["B", "G", "W"], "convertedManaCost": 8.0, "edhrecRank": 4281, "finishes": ["foil"], "flavorText": "\"Death tried to uncrown me. But now I return, king of a greater realm.\"", "foreignData": [], "frameVersion": "2003", "hasFoil": true, "hasNonFoil": false, "identifiers": {"mcmId": "266415", "mtgjsonV4Id": "2e154f78-f029-5390-9f7f-bc66a3d43f26", "scryfallId": "02fccffa-a83b-4ca9-897b-474e333c90f1", "scryfallIllustrationId": "e0e67458-dc54-4289-b75a-25d47923b1c6", "scryfallOracleId": "304c194f-fa0b-42e5-93ca-8c587181d33c", "tcgplayerProductId": "79289"}, "isPromo": true, "isReprint": true, "isStarter": true, "layout": "normal", "leadershipSkills": {"brawl": false, "commander": true, "oathbreaker": false}, "legalities": {"commander": "Legal", "duel": "Legal", "legacy": "Legal", "penny": "Legal", "vintage": "Legal"}, "manaCost": "{5}{W}{B}{G}", "manaValue": 8.0, "name": "Karador, Ghost Chieftain", "number": "1", "power": "3", "printings": ["CMD", "CMR", "J14", "OCMD", "PRM"], "promoTypes": ["judgegift"], "purchaseUrls": {"tcgplayer": "https://mtgjson.com/links/0c21dbfe3a621a82"}, "rarity": "rare", "rulings": [{"date": "2020-11-10", "text": "To determine the total cost of a spell, start with the mana cost or alternative cost you’re paying, add any cost increases (such as the commander tax), then apply any cost reductions (such as that of Karador). The converted mana cost of the spell is determined only by its mana cost, no matter what the total cost to cast the spell was."}, {"date": "2020-11-10", "text": "You must follow the normal timing permissions and restrictions of the spell you cast from your graveyard."}, {"date": "2020-11-10", "text": "You must pay the costs to cast that spell. If it has an alternative cost, you may cast it for that cost instead."}, {"date": "2020-11-10", "text": "Once you begin to cast the spell, losing control of Karador won’t affect the spell. You can finish casting it as normal."}, {"date": "2020-11-10", "text": "If multiple effects allow you to play a card from your graveyard, you must announce which permission you’re using as you begin to play the card."}, {"date": "2020-11-10", "text": "If you cast one creature spell from your graveyard and then have a new Karador come under your control in the same turn, you may cast another creature spell from your graveyard that turn."}, {"date": "2020-11-10", "text": "If a creature card is put into your graveyard during your main phase and the stack is empty, you have a chance to cast it before any player may attempt to remove that card from your graveyard."}], "setCode": "J14", "subtypes": ["Centaur", "Spirit"], "supertypes": ["Legendary"], "text": "This spell costs {1} less to cast for each creature card in your graveyard.\nDuring each of your turns, you may cast a creature spell from your graveyard.", "toughness": "4", "type": "Legendary Creature — Centaur Spirit", "types": ["Creature"], "uuid": "a31563d6-48a2-56ca-bf64-b9df1a911639", "watermark": "wotc"}, {"artist": "Terese Nielsen", "availability": ["paper"], "borderColor": "black", "colorIdentity": ["W"], "colors": [], "convertedManaCost": 0.0, "finishes": ["foil"], "foreignData": [], "frameVersion": "2003", "hasFoil": true, "hasNonFoil": false, "identifiers": {"mcmId": "268630", "mtgjsonV4Id": "fd294691-be0a-53ef-88d4-6bf58a046f91", "scryfallId": "99577b28-4bfc-4192-bb23-c1f73666295e", "scryfallIllustrationId": "194d8c02-c021-4e75-b869-fa5338ff26be", "scryfallOracleId": "bc71ebf6-2056-41f7-be35-b2e5c34afa99", "tcgplayerProductId": "92165"}, "isFullArt": true, "isPromo": true, "isReprint": true, "isStarter": true, "layout": "normal", "legalities": {"brawl": "Legal", "commander": "Legal", "duel": "Legal", "future": "Legal", "gladiator": "Legal", "historic": "Legal", "historicbrawl": "Legal", "legacy": "Legal", "modern": "Legal", "pauper": "Legal", "paupercommander": "Legal", "penny": "Legal", "pioneer": "Legal", "premodern": "Legal", "standard": "Legal", "vintage": "Legal"}, "manaValue": 0.0, "name": "Plains", "number": "1★", "printings": ["10E", "2ED", "2XM", "3ED", "4BB", "4ED", "5ED", "6ED", "7ED", "8ED", "9ED", "AFR", "AKH", "AKR", "ALA", "ANA", "ANB", "ARC", "ATH", "AVR", "BBD", "BFZ", "BRB", "C13", "C14", "C15", "C16", "C17", "C18", "C19", "CED", "CEI", "CHK", "CM2", "CMA", "CMD", "CMR", "CST", "DDC", "DDE", "DDF", "DDG", "DDH", "DDI", "DDK", "DDL", "DDN", "DDO", "DDP", "DDQ", "DOM", "DTK", "DVD", "E01", "ELD", "FBB", "FRF", "G17", "GK1", "GK2", "GN2", "GNT", "GRN", "GS1", "H09", "HOP", "HOU", "ICE", "IKO", "INV", "ISD", "ITP", "J14", "JMP", "KHM", "KLD", "KLR", "KTK", "LEA", "LEB", "LRW", "M10", "M11", "M12", "M13", "M14", "M15", "M19", "M20", "M21", "MBS", "MD1", "ME1", "ME3", "MH2", "MID", "MIR", "MMQ", "MRD", "NPH", "ODY", "ONS", "ORI", "P02", "PAL00", "PAL01", "PAL03", "PAL04", "PAL05", "PAL06", "PAL99", "PALP", "PANA", "PARL", "PC2", "PCA", "PDGM", "PELP", "PF19", "PF20", "PGPX", "PGRU", "PLIST", "PMPS", "PMPS06", "PMPS07", "PMPS08", "PMPS09", "PMPS10", "PMPS11", "POR", "PPP1", "PRM", "PRW2", "PRWK", "PS11", "PSAL", "PSS2", "PSS3", "PTC", "PTK", "PZ2", "RAV", "RIX", "RNA", "ROE", "RQS", "RTR", "S99", "SHM", "SLD", "SOI", "SOM", "STX", "SUM", "TD0", "TD2", "THB", "THS", "TMP", "TPR", "TSP", "UGL", "UND", "UNH", "USG", "UST", "WAR", "WC00", "WC02", "WC03", "WC04", "WC97", "WC98", "XANA", "XLN", "ZEN", "ZNR"], "promoTypes": ["judgegift"], "purchaseUrls": {"tcgplayer": "https://mtgjson.com/links/7cb1c8641ca3c3d7"}, "rarity": "rare", "rulings": [], "setCode": "J14", "subtypes": ["Plains"], "supertypes": ["Basic"], "text": "({T}: Add {W}.)", "type": "Basic Land — Plains", "types": ["Land"], "uuid": "8fa8096a-91c3-5755-8ec5-9be33e36618c"}, {"artist": "Mathias Kollros", "availability": ["paper"], "borderColor": "black", "colorIdentity": ["G"], "colors": ["G"], "convertedManaCost": 4.0, "edhrecRank": 479, "finishes": ["foil"], "flavorText": "\"To examine the causes of life, we must first have recourse to death.\"\n—Mary Shelley, *Frankenstein*", "foreignData": [], "frameVersion": "2003", "hasFoil": true, "hasNonFoil": false, "identifiers": {"mcmId": "266981", "mtgjsonV4Id": "8dfab09e-b758-532b-acad-deb9fd4c3c05", "scryfallId": "96bd83fe-ae97-4c5c-9e1e-3c48f624b24b", "scryfallIllustrationId": "1cf84e78-f63d-471e-a62e-78db497bad91", "scryfallOracleId": "dc0593c2-ccb4-4648-a592-c5bcd121dc72", "tcgplayerProductId": "82620"}, "isPromo": true, "isReprint": true, "isStarter": true, "layout": "normal", "legalities": {"commander": "Legal", "duel": "Legal", "legacy": "Legal", "modern": "Legal", "penny": "Legal", "premodern": "Legal", "vintage": "Legal"}, "manaCost": "{2}{G}{G}", "manaValue": 4.0, "name": "Greater Good", "number": "2", "printings": ["2XM", "9ED", "AFC", "BBD", "J14", "PRM", "USG"], "promoTypes": ["judgegift"], "purchaseUrls": {"tcgplayer": "https://mtgjson.com/links/399114e08177e0c8"}, "rarity": "rare", "rulings": [{"date": "2020-08-07", "text": "Use the sacrificed creature’s power as it last existed on the battlefield to determine how many cards you draw."}, {"date": "2020-08-07", "text": "If you don’t have three cards in hand when instructed to discard three cards, you discard your hand."}, {"date": "2020-08-07", "text": "You draw and discard cards all while Greater Good’s ability is resolving. Nothing can happen between the two, and no player may choose to take actions."}], "setCode": "J14", "subtypes": [], "supertypes": [], "text": "Sacrifice a creature: Draw cards equal to the sacrificed creature's power, then discard three cards.", "type": "Enchantment", "types": ["Enchantment"], "uuid": "9cfba0fb-5bcf-56e5-a54d-6bb2c01d5fb3", "watermark": "wotc"}, {"artist": "Terese Nielsen", "availability": ["paper"], "borderColor": "black", "colorIdentity": ["U"], "colors": [], "convertedManaCost": 0.0, "finishes": ["foil"], "foreignData": [], "frameVersion": "2003", "hasFoil": true, "hasNonFoil": false, "identifiers": {"mcmId": "268631", "mtgjsonV4Id": "04eadb3c-ca12-5bab-8b33-bd91def1c749", "scryfallId": "644791df-ac34-45c7-90c1-0ebd9e519840", "scryfallIllustrationId": "3c9a3a06-91a1-4480-bb05-c545d1e2020d", "scryfallOracleId": "b2c6aa39-2d2a-459c-a555-fb48ba993373", "tcgplayerProductId": "92163"}, "isFullArt": true, "isPromo": true, "isReprint": true, "isStarter": true, "layout": "normal", "legalities": {"brawl": "Legal", "commander": "Legal", "duel": "Legal", "future": "Legal", "gladiator": "Legal", "historic": "Legal", "historicbrawl": "Legal", "legacy": "Legal", "modern": "Legal", "pauper": "Legal", "paupercommander": "Legal", "penny": "Legal", "pioneer": "Legal", "premodern": "Legal", "standard": "Legal", "vintage": "Legal"}, "manaValue": 0.0, "name": "Island", "number": "2★", "printings": ["10E", "2ED", "2XM", "3ED", "4BB", "4ED", "5ED", "6ED", "7ED", "8ED", "9ED", "AFR", "AKH", "AKR", "ALA", "ANA", "ANB", "ARC", "AVR", "BBD", "BFZ", "BRB", "BTD", "C13", "C14", "C15", "C16", "C17", "C18", "C19", "CED", "CEI", "CHK", "CM2", "CMA", "CMD", "CMR", "CST", "DD2", "DDE", "DDF", "DDH", "DDI", "DDJ", "DDM", "DDN", "DDO", "DDQ", "DDS", "DDT", "DDU", "DOM", "DPA", "DTK", "E01", "ELD", "FBB", "FRF", "G17", "GK1", "GK2", "GN2", "GNT", "GRN", "GS1", "H09", "HOP", "HOU", "ICE", "IKO", "INV", "ISD", "ITP", "J14", "JMP", "JVC", "KHM", "KLD", "KLR", "KTK", "LEA", "LEB", "LRW", "M10", "M11", "M12", "M13", "M14", "M15", "M19", "M20", "M21", "MBS", "ME1", "ME3", "MH2", "MID", "MIR", "MMQ", "MRD", "NPH", "ODY", "ONS", "ORI", "P02", "PAL00", "PAL01", "PAL02", "PAL03", "PAL04", "PAL05", "PAL06", "PAL99", "PALP", "PANA", "PARL", "PC2", "PCA", "PELP", "PF19", "PF20", "PGPX", "PGRU", "PLIST", "PMPS", "PMPS06", "PMPS07", "PMPS08", "PMPS09", "PMPS10", "PMPS11", "POR", "PPP1", "PRM", "PRW2", "PRWK", "PS11", "PSAL", "PSS2", "PSS3", "PTC", "PTK", "PZ2", "RAV", "RIX", "RNA", "ROE", "RQS", "RTR", "S99", "SHM", "SLD", "SOI", "SOM", "STX", "SUM", "TD0", "TD2", "THB", "THS", "TMP", "TPR", "TSP", "UGL", "UND", "UNH", "USG", "UST", "WAR", "WC00", "WC01", "WC02", "WC03", "WC04", "WC97", "WC98", "XANA", "XLN", "ZEN", "ZNR"], "promoTypes": ["judgegift"], "purchaseUrls": {"tcgplayer": "https://mtgjson.com/links/36c8ffcc7758267e"}, "rarity": "rare", "rulings": [], "setCode": "J14", "subtypes": ["Island"], "supertypes": ["Basic"], "text": "({T}: Add {U}.)", "type": "Basic Land — Island", "types": ["Land"], "uuid": "7fdc4047-429c-53df-bb8d-809c1477c00f"}, {"artist": "Izzy", "availability": ["paper"], "borderColor": "black", "colorIdentity": ["G", "R", "U"], "colors": ["G", "R", "U"], "convertedManaCost": 5.0, "edhrecRank": 3863, "finishes": ["foil"], "foreignData": [], "frameVersion": "2003", "hasFoil": true, "hasNonFoil": false, "identifiers": {"mcmId": "266982", "mtgjsonV4Id": "6a08268e-d975-51c1-981f-cde61d2e8619", "scryfallId": "8e03bb1f-7324-4283-8ee2-799c7b7448c3", "scryfallIllustrationId": "3adc962b-483d-4b31-8da2-4c1bfad74513", "scryfallOracleId": "f697c78d-7e4f-4320-bfc6-2a25e6d7dc94", "tcgplayerProductId": "82624"}, "isPromo": true, "isReprint": true, "isStarter": true, "layout": "normal", "leadershipSkills": {"brawl": false, "commander": true, "oathbreaker": false}, "legalities": {"commander": "Legal", "duel": "Legal", "legacy": "Legal", "vintage": "Legal"}, "manaCost": "{2}{G}{U}{R}", "manaValue": 5.0, "name": "Riku of Two Reflections", "number": "3", "power": "2", "printings": ["2XM", "CMD", "J14", "OCMD", "PRM"], "promoTypes": ["judgegift"], "purchaseUrls": {"tcgplayer": "https://mtgjson.com/links/9603780f6fff4ce8"}, "rarity": "mythic", "rulings": [{"date": "2011-09-22", "text": "Each time the first ability triggers, you can pay {U}{R} only one time to get one copy of the spell. Each time the second ability triggers, you can pay {G}{U} only one time to get one token."}, {"date": "2011-09-22", "text": "If the spell that caused Riku’s first ability to trigger has left the stack by the time the ability resolves, you can still pay {U}{R}. If you do, you’ll copy the spell as it last existed on the stack."}, {"date": "2011-09-22", "text": "Riku’s first ability triggers whenever you cast any instant or sorcery spell, regardless of whether that spell has targets."}, {"date": "2011-09-22", "text": "If the copied spell has {X} in its mana cost, the value of X is copied."}, {"date": "2011-09-22", "text": "If the copied spell is modal (that is, it says “Choose one —” or the like), the copy has the same mode as the original spell. You can’t choose a different one."}, {"date": "2011-09-22", "text": "You can’t pay any additional costs for the copy. However, effects based on any additional costs paid for the original spell are copied as though those same costs were paid for the copy. Notably, if the original spell was kicked (or kicked a certain number of times), the copy will also be kicked (or kicked that many times)."}, {"date": "2011-09-22", "text": "If the creature that caused Riku’s second ability to trigger has already left the battlefield by the time the ability resolves, you can still pay {G}{U}. If you do, you’ll still put a token onto the battlefield. That token has the copiable values of the characteristics of that creature as it last existed on the battlefield."}, {"date": "2011-09-22", "text": "As the token is created, it checks the printed values of the creature it’s copying, as well as any copy effects that have been applied to it."}, {"date": "2011-09-22", "text": "The copiable values of the token’s characteristics are the same as the copiable values of the characteristics of the creature it’s copying."}, {"date": "2011-09-22", "text": "If the creature had {X} in its mana cost, X must be 0. Note this is different from an {X} found in the mana cost of a copied spell."}], "setCode": "J14", "subtypes": ["Human", "Wizard"], "supertypes": ["Legendary"], "text": "Whenever you cast an instant or sorcery spell, you may pay {U}{R}. If you do, copy that spell. You may choose new targets for the copy.\nWhenever another nontoken creature enters the battlefield under your control, you may pay {G}{U}. If you do, create a token that's a copy of that creature.", "toughness": "2", "type": "Legendary Creature — Human Wizard", "types": ["Creature"], "uuid": "48445ac4-05e3-583c-94ef-519c21b0abbd", "watermark": "wotc"}, {"artist": "Terese Nielsen", "availability": ["paper"], "borderColor": "black", "colorIdentity": ["B"], "colors": [], "convertedManaCost": 0.0, "finishes": ["foil"], "foreignData": [], "frameVersion": "2003", "hasFoil": true, "hasNonFoil": false, "identifiers": {"mcmId": "268632", "mtgjsonV4Id": "f2e5df0f-cc65-5b64-a18c-f7497fbf0a17", "scryfallId": "90bc54df-b5a0-43fd-b3e6-3ba3d295d25c", "scryfallIllustrationId": "ad275a68-61cb-4159-91aa-80f12003ea10", "scryfallOracleId": "56719f6a-1a6c-4c0a-8d21-18f7d7350b68", "tcgplayerProductId": "92166"}, "isFullArt": true, "isPromo": true, "isReprint": true, "isStarter": true, "layout": "normal", "legalities": {"brawl": "Legal", "commander": "Legal", "duel": "Legal", "future": "Legal", "gladiator": "Legal", "historic": "Legal", "historicbrawl": "Legal", "legacy": "Legal", "modern": "Legal", "pauper": "Legal", "paupercommander": "Legal", "penny": "Legal", "pioneer": "Legal", "premodern": "Legal", "standard": "Legal", "vintage": "Legal"}, "manaValue": 0.0, "name": "Swamp", "number": "3★", "printings": ["10E", "2ED", "2XM", "3ED", "4BB", "4ED", "5ED", "6ED", "7ED", "8ED", "9ED", "AFR", "AKH", "AKR", "ALA", "ANA", "ANB", "ARC", "ATH", "AVR", "BBD", "BFZ", "BRB", "BTD", "C13", "C14", "C15", "C16", "C17", "C18", "C19", "CED", "CEI", "CHK", "CM2", "CMA", "CMD", "CST", "DDC", "DDD", "DDE", "DDH", "DDJ", "DDK", "DDM", "DDN", "DDP", "DDQ", "DDR", "DKM", "DOM", "DPA", "DTK", "DVD", "E01", "ELD", "FBB", "FRF", "G17", "GK1", "GK2", "GN2", "GNT", "GRN", "GVL", "H09", "HOP", "HOU", "ICE", "IKO", "INV", "ISD", "ITP", "J14", "JMP", "KHM", "KLD", "KLR", "KTK", "LEA", "LEB", "LRW", "M10", "M11", "M12", "M13", "M14", "M15", "M19", "M20", "M21", "MBS", "MD1", "ME1", "ME3", "MH2", "MID", "MIR", "MMQ", "MRD", "NPH", "ODY", "ONS", "ORI", "P02", "PAL00", "PAL01", "PAL03", "PAL04", "PAL05", "PAL06", "PAL99", "PALP", "PANA", "PARL", "PC2", "PCA", "PD3", "PELP", "PF19", "PF20", "PGPX", "PGRU", "PHUK", "PMPS", "PMPS06", "PMPS07", "PMPS08", "PMPS09", "PMPS10", "PMPS11", "POR", "PPP1", "PRM", "PRW2", "PRWK", "PS11", "PSAL", "PSS2", "PSS3", "PTC", "PTK", "RAV", "RIX", "RNA", "ROE", "RQS", "RTR", "S99", "SHM", "SLD", "SOI", "SOM", "STX", "SUM", "TD0", "TD2", "THB", "THS", "TMP", "TPR", "TSP", "UGL", "UND", "UNH", "USG", "UST", "WAR", "WC01", "WC02", "WC03", "WC97", "WC98", "WC99", "XANA", "XLN", "ZEN", "ZNR"], "promoTypes": ["judgegift"], "purchaseUrls": {"tcgplayer": "https://mtgjson.com/links/d64f2fb0d8435703"}, "rarity": "rare", "rulings": [], "setCode": "J14", "subtypes": ["Swamp"], "supertypes": ["Basic"], "text": "({T}: Add {B}.)", "type": "Basic Land — Swamp", "types": ["Land"], "uuid": "b7791452-37bd-5ce3-ac83-d53660e0adbd"}, {"artist": "Matt Stewart", "availability": ["paper"], "borderColor": "black", "colorIdentity": ["U"], "colors": ["U"], "convertedManaCost": 5.0, "edhrecRank": 139, "finishes": ["foil"], "foreignData": [], "frameVersion": "2003", "hasFoil": true, "hasNonFoil": false, "identifiers": {"mcmId": "266983", "mtgjsonV4Id": "584b7c27-b4ae-5363-8cd1-928eeb81afe8", "scryfallId": "53ed5673-728f-4da3-ad18-3bd72032e815", "scryfallIllustrationId": "ae3c6e7c-458f-41a5-aec2-f6d4ba1fee93", "scryfallOracleId": "956381ba-6d37-4a8a-846c-bad79222dbee", "tcgplayerProductId": "82619"}, "isPromo": true, "isReprint": true, "isStarter": true, "layout": "normal", "legalities": {"commander": "Legal", "duel": "Legal", "legacy": "Legal", "premodern": "Banned", "vintage": "Legal"}, "manaCost": "{3}{U}{U}", "manaValue": 5.0, "name": "Force of Will", "number": "4", "printings": ["2XM", "ALL", "EMA", "J14", "ME1", "MP2", "OLGC", "PRM", "VMA", "WC97"], "promoTypes": ["judgegift"], "purchaseUrls": {"tcgplayer": "https://mtgjson.com/links/88066e215c4d2177"}, "rarity": "rare", "rulings": [{"date": "2016-06-08", "text": "If another effect causes Force of Will to cost more, you must pay that additional cost even if you pay its alternative cost."}], "setCode": "J14", "subtypes": [], "supertypes": [], "text": "You may pay 1 life and exile a blue card from your hand rather than pay this spell's mana cost.\nCounter target spell.", "type": "Instant", "types": ["Instant"], "uuid": "02d87dcf-0154-542a-9369-39eb68a8846c", "watermark": "wotc"}, {"artist": "Terese Nielsen", "availability": ["paper"], "borderColor": "black", "colorIdentity": ["R"], "colors": [], "convertedManaCost": 0.0, "finishes": ["foil"], "foreignData": [], "frameVersion": "2003", "hasFoil": true, "hasNonFoil": false, "identifiers": {"mcmId": "268633", "mtgjsonV4Id": "e44a2e53-df38-5628-be68-c29facb4efe1", "scryfallId": "af06d83f-1c5a-4eb6-92b4-216acfe20641", "scryfallIllustrationId": "352cba36-a964-4154-8ae8-b17806970374", "scryfallOracleId": "a3fb7228-e76b-4e96-a40e-20b5fed75685", "tcgplayerProductId": "92162"}, "isFullArt": true, "isPromo": true, "isReprint": true, "isStarter": true, "layout": "normal", "legalities": {"brawl": "Legal", "commander": "Legal", "duel": "Legal", "future": "Legal", "gladiator": "Legal", "historic": "Legal", "historicbrawl": "Legal", "legacy": "Legal", "modern": "Legal", "pauper": "Legal", "paupercommander": "Legal", "penny": "Legal", "pioneer": "Legal", "premodern": "Legal", "standard": "Legal", "vintage": "Legal"}, "manaValue": 0.0, "name": "Mountain", "number": "4★", "printings": ["10E", "2ED", "2XM", "3ED", "4BB", "4ED", "5ED", "6ED", "7ED", "8ED", "9ED", "AFR", "AKH", "AKR", "ALA", "ANA", "ANB", "ARC", "ARN", "ATH", "AVR", "BBD", "BFZ", "BRB", "BTD", "C13", "C14", "C15", "C16", "C17", "C18", "C19", "CED", "CEI", "CHK", "CM2", "CMA", "CMD", "CMR", "CST", "DD1", "DD2", "DDE", "DDG", "DDH", "DDI", "DDJ", "DDK", "DDL", "DDN", "DDP", "DDS", "DDT", "DDU", "DKM", "DOM", "DPA", "DTK", "E01", "ELD", "EVG", "FBB", "FRF", "G17", "GK1", "GK2", "GN2", "GNT", "GRN", "GS1", "H09", "HOP", "HOU", "ICE", "IKO", "INV", "ISD", "ITP", "J14", "JMP", "JVC", "KHM", "KLD", "KLR", "KTK", "LEA", "LEB", "LRW", "M10", "M11", "M12", "M13", "M14", "M15", "M19", "M20", "M21", "MBS", "ME1", "ME3", "MH2", "MID", "MIR", "MMQ", "MRD", "NPH", "ODY", "ONS", "ORI", "P02", "PAL00", "PAL01", "PAL03", "PAL04", "PAL05", "PAL06", "PAL99", "PALP", "PANA", "PARL", "PC2", "PCA", "PD2", "PELP", "PF19", "PF20", "PGPX", "PGRU", "PLIST", "PMPS", "PMPS06", "PMPS07", "PMPS08", "PMPS09", "PMPS10", "PMPS11", "POR", "PPP1", "PRM", "PRW2", "PRWK", "PS11", "PSAL", "PSS2", "PSS3", "PTC", "PTK", "PZ2", "RAV", "RIX", "RNA", "ROE", "RQS", "RTR", "S99", "SHM", "SLD", "SOI", "SOM", "STX", "SUM", "TD0", "THB", "THS", "TMP", "TPR", "TSP", "UGL", "UND", "UNH", "USG", "UST", "WAR", "WC00", "WC01", "WC02", "WC03", "WC97", "WC98", "WC99", "XANA", "XLN", "ZEN", "ZNR"], "promoTypes": ["judgegift"], "purchaseUrls": {"tcgplayer": "https://mtgjson.com/links/b54498f653d633a9"}, "rarity": "rare", "rulings": [], "setCode": "J14", "subtypes": ["Mountain"], "supertypes": ["Basic"], "text": "({T}: Add {R}.)", "type": "Basic Land — Mountain", "types": ["Land"], "uuid": "ab1c9ddc-a955-5952-921a-fe55cd597522"}, {"artist": "Terese Nielsen", "availability": ["paper"], "borderColor": "black", "colorIdentity": ["U", "W"], "colors": ["U", "W"], "convertedManaCost": 3.0, "edhrecRank": 1786, "finishes": ["foil"], "flavorText": "\"I never thought I'd spend my life fighting. I'm a maker, not a destroyer.\"", "foreignData": [], "frameVersion": "2003", "hasFoil": true, "hasNonFoil": false, "identifiers": {"mcmId": "266984", "mtgjsonV4Id": "e1810fad-891a-5462-bb56-47a8deadf617", "scryfallId": "e34e53fc-0c11-4594-b4ca-eaac663040ae", "scryfallIllustrationId": "ec4ea17c-d925-4509-9746-818420cd6394", "scryfallOracleId": "3b008c71-e2a0-4f56-83d3-655c5dd58e0e", "tcgplayerProductId": "82621"}, "isPromo": true, "isReprint": true, "isStarter": true, "layout": "normal", "leadershipSkills": {"brawl": false, "commander": true, "oathbreaker": false}, "legalities": {"commander": "Legal", "duel": "Legal", "gladiator": "Legal", "historic": "Legal", "historicbrawl": "Legal", "legacy": "Legal", "penny": "Legal", "premodern": "Legal", "vintage": "Legal"}, "manaCost": "{1}{W}{U}", "manaValue": 3.0, "name": "Hanna, Ship's Navigator", "number": "5", "power": "1", "printings": ["2XM", "A25", "C16", "INV", "J14", "PANA", "PRM"], "promoTypes": ["judgegift"], "purchaseUrls": {"tcgplayer": "https://mtgjson.com/links/3250c4e652d79d27"}, "rarity": "rare", "rulings": [], "setCode": "J14", "subtypes": ["Human", "Artificer"], "supertypes": ["Legendary"], "text": "{1}{W}{U}, {T}: Return target artifact or enchantment card from your graveyard to your hand.", "toughness": "2", "type": "Legendary Creature — Human Artificer", "types": ["Creature"], "uuid": "44b30dc4-33de-56fa-9c5d-be710bde2657", "watermark": "wotc"}, {"artist": "Terese Nielsen", "availability": ["paper"], "borderColor": "black", "colorIdentity": ["G"], "colors": [], "convertedManaCost": 0.0, "finishes": ["foil"], "foreignData": [], "frameVersion": "2003", "hasFoil": true, "hasNonFoil": false, "identifiers": {"mcmId": "268634", "mtgjsonV4Id": "6f5f88ef-a6e6-53f4-9eba-c8fce6190e57", "scryfallId": "ac2c51de-2ec9-4a38-a117-75e90abf0feb", "scryfallIllustrationId": "a13b2961-fe6e-4536-b003-96d43113ccf2", "scryfallOracleId": "b34bb2dc-c1af-4d77-b0b3-a0fb342a5fc6", "tcgplayerProductId": "92167"}, "isFullArt": true, "isPromo": true, "isReprint": true, "isStarter": true, "layout": "normal", "legalities": {"brawl": "Legal", "commander": "Legal", "duel": "Legal", "future": "Legal", "gladiator": "Legal", "historic": "Legal", "historicbrawl": "Legal", "legacy": "Legal", "modern": "Legal", "pauper": "Legal", "paupercommander": "Legal", "penny": "Legal", "pioneer": "Legal", "premodern": "Legal", "standard": "Legal", "vintage": "Legal"}, "manaValue": 0.0, "name": "Forest", "number": "5★", "printings": ["10E", "2ED", "2XM", "3ED", "4BB", "4ED", "5ED", "6ED", "7ED", "8ED", "9ED", "AFR", "AKH", "AKR", "ALA", "ANA", "ANB", "ARC", "ATH", "AVR", "BBD", "BFZ", "BRB", "BTD", "C13", "C14", "C15", "C16", "C17", "C18", "C19", "CED", "CEI", "CHK", "CM2", "CMA", "CMD", "CMR", "CST", "DD1", "DDD", "DDE", "DDG", "DDH", "DDJ", "DDL", "DDM", "DDO", "DDP", "DDR", "DDS", "DDU", "DKM", "DOM", "DPA", "DTK", "E01", "ELD", "EVG", "FBB", "FRF", "G17", "GK1", "GK2", "GN2", "GNT", "GRN", "GS1", "GVL", "H09", "HOP", "HOU", "ICE", "IKO", "INV", "ISD", "ITP", "J14", "JMP", "KHM", "KLD", "KLR", "KTK", "LEA", "LEB", "LRW", "M10", "M11", "M12", "M13", "M14", "M15", "M19", "M20", "M21", "MBS", "ME1", "ME3", "MH2", "MID", "MIR", "MMQ", "MRD", "NPH", "ODY", "ONS", "ORI", "P02", "PAL00", "PAL01", "PAL03", "PAL04", "PAL05", "PAL06", "PAL99", "PALP", "PANA", "PARL", "PC2", "PCA", "PELP", "PF19", "PF20", "PGPX", "PGRU", "PMPS", "PMPS06", "PMPS07", "PMPS08", "PMPS09", "PMPS10", "PMPS11", "POR", "PPP1", "PRM", "PRW2", "PRWK", "PS11", "PSAL", "PSS2", "PSS3", "PTC", "PTK", "PZ2", "RAV", "RIX", "RNA", "ROE", "RQS", "RTR", "S99", "SHM", "SLD", "SOI", "SOM", "STX", "SUM", "TD0", "TD2", "THB", "THS", "TMP", "TPR", "TSP", "UGL", "UND", "UNH", "USG", "UST", "WAR", "WC00", "WC01", "WC02", "WC03", "WC04", "WC97", "WC98", "WC99", "XANA", "XLN", "ZEN", "ZNR"], "promoTypes": ["judgegift"], "purchaseUrls": {"tcgplayer": "https://mtgjson.com/links/e8611a5ed70062dc"}, "rarity": "rare", "rulings": [], "setCode": "J14", "subtypes": ["Forest"], "supertypes": ["Basic"], "text": "({T}: Add {G}.)", "type": "Basic Land — Forest", "types": ["Land"], "uuid": "e429c73c-7254-520a-87dd-2c2da91a3f4e"}, {"artist": "Chris Rahn", "availability": ["paper"], "borderColor": "black", "colorIdentity": [], "colors": [], "convertedManaCost": 3.0, "edhrecRank": 450, "finishes": ["foil"], "foreignData": [], "frameVersion": "1997", "hasFoil": true, "hasNonFoil": false, "identifiers": {"mcmId": "266985", "mtgjsonV4Id": "af3e5017-1ab6-5c9b-98c4-33a71340dbc7", "scryfallId": "0d239414-fd5a-4e7a-9f53-79fb38e46435", "scryfallIllustrationId": "83d60a35-d3ac-461c-858a-ca25616b3a22", "scryfallOracleId": "d0901053-6de0-46d0-9ee3-8d40510236c1", "tcgplayerProductId": "82625"}, "isPromo": true, "isReprint": true, "isStarter": true, "keywords": ["Equip"], "layout": "normal", "legalities": {"commander": "Legal", "duel": "Legal", "legacy": "Legal", "modern": "Legal", "vintage": "Legal"}, "manaCost": "{3}", "manaValue": 3.0, "name": "Sword of Feast and Famine", "number": "6", "printings": ["2XM", "J14", "MBS", "MD1", "MPS", "PGPX", "PRM"], "promoTypes": ["judgegift"], "purchaseUrls": {"tcgplayer": "https://mtgjson.com/links/347850046f717331"}, "rarity": "rare", "rulings": [{"date": "2011-06-01", "text": "You’ll untap all lands you control even if the player doesn’t discard a card."}], "setCode": "J14", "subtypes": ["Equipment"], "supertypes": [], "text": "Equipped creature gets +2/+2 and has protection from black and from green.\nWhenever equipped creature deals combat damage to a player, that player discards a card and you untap all lands you control.\nEquip {2}", "type": "Artifact — Equipment", "types": ["Artifact"], "uuid": "1e344e60-9a22-53ae-b3e2-43e991c8e4e9"}, {"artist": "Mark Winters", "availability": ["paper"], "borderColor": "black", "colorIdentity": ["B", "R", "U"], "colors": ["B", "R", "U"], "convertedManaCost": 5.0, "edhrecRank": 2967, "finishes": ["foil"], "flavorText": "His enemies wondered if the lich king's brutal death and unnatural rebirth had been his plan all along.", "foreignData": [], "frameVersion": "2003", "hasFoil": true, "hasNonFoil": false, "identifiers": {"mcmId": "266988", "mtgjsonV4Id": "dadc936d-e104-5a25-b844-4ecc3aba23ea", "scryfallId": "9ee77c7b-0db9-4281-85d6-fe91f3db47ea", "scryfallIllustrationId": "ac890f29-b963-485c-ada3-23c6abc60c3a", "scryfallOracleId": "8a5e3c8e-8e22-49b9-8ee5-4a36361f0da6", "tcgplayerProductId": "82622"}, "isPromo": true, "isReprint": true, "isStarter": true, "layout": "normal", "leadershipSkills": {"brawl": false, "commander": true, "oathbreaker": false}, "legalities": {"commander": "Legal", "duel": "Legal", "legacy": "Legal", "penny": "Legal", "vintage": "Legal"}, "manaCost": "{2}{U}{B}{R}", "manaValue": 5.0, "name": "Nekusar, the Mindrazer", "number": "7", "power": "2", "printings": ["C13", "CMR", "J14", "OC13", "PRM"], "promoTypes": ["judgegift"], "purchaseUrls": {"tcgplayer": "https://mtgjson.com/links/35c6f31bcfbf40e1"}, "rarity": "rare", "rulings": [{"date": "2020-11-10", "text": "If a spell or ability causes you to put cards into your hand without specifically using the word “draw,” it doesn’t count as drawing cards and it doesn’t cause Nekusar’s second ability to trigger."}], "setCode": "J14", "subtypes": ["Zombie", "Wizard"], "supertypes": ["Legendary"], "text": "At the beginning of each player's draw step, that player draws an additional card.\nWhenever an opponent draws a card, Nekusar, the Mindrazer deals 1 damage to that player.", "toughness": "4", "type": "Legendary Creature — Zombie Wizard", "types": ["Creature"], "uuid": "b3124007-4acf-5e60-8b0b-9b21a7b61c62", "watermark": "wotc"}, {"artist": "Igor Kieryluk", "availability": ["paper"], "borderColor": "black", "colorIdentity": ["W"], "colors": ["W"], "convertedManaCost": 7.0, "edhrecRank": 443, "finishes": ["foil"], "flavorText": "|su,porkFst,GEyts,LecchuZFFGKMEDEauDut. |be,Gyyts,pFnenBePe,Qe,fyrshuZFGKDugSeDZnepyt.", "foreignData": [{"flavorText": "|su,porkFst,GEyts,LecchuZFFGKMEDEauDut. |be,Gyyts,pFnenBePe,Qe,fyrshuZFGKDugSeDZnepyt.", "language": "Phyrexian", "name": "|Ducg,norn gSeDZaOnobt.", "text": "|zvEpnrYhm. |su,Lecc,CF,CsYPYcs,usFPuuDs2\\2MEtepuC.\n|su,CF,FsnUUCA,CsYPuc,suPuuDs3\\3MEtepuC.", "type": "|MewkfuDs psewtr."}], "frameVersion": "2003", "hasFoil": true, "hasNonFoil": false, "identifiers": {"mcmId": "266987", "mtgjsonV4Id": "02a0ac21-6bc9-510e-a2ad-c935ec7dd28f", "scryfallId": "f7a4a5cd-96f6-40ce-a7ab-5e1d0e3b4379", "scryfallIllustrationId": "7618066e-d3fe-4ee5-aeea-f4e73a256ec0", "scryfallOracleId": "958d71ff-c9f7-46f0-96ca-79e7f4d65a16", "tcgplayerProductId": "82627"}, "isPromo": true, "isReprint": true, "isStarter": true, "keywords": ["Vigilance"], "layout": "normal", "leadershipSkills": {"brawl": false, "commander": true, "oathbreaker": false}, "legalities": {"commander": "Legal", "duel": "Legal", "gladiator": "Legal", "historic": "Legal", "historicbrawl": "Legal", "legacy": "Legal", "modern": "Legal", "vintage": "Legal"}, "manaCost": "{5}{W}{W}", "manaValue": 7.0, "name": "Elesh Norn, Grand Cenobite", "number": "8", "power": "4", "printings": ["HA5", "IMA", "J14", "MB1", "MM2", "NPH", "PRM", "SLD"], "promoTypes": ["judgegift"], "purchaseUrls": {"tcgplayer": "https://mtgjson.com/links/a50d76f256d11440"}, "rarity": "rare", "rulings": [{"date": "2017-11-17", "text": "If a second Elesh Norn, Grand Cenobite comes under your control, you’ll put one into its owner’s graveyard due to the “legend rule” at the same time that any of your opponents’ creatures getting -4/-4 are put into their owner’s graveyard for having 0 or less toughness."}], "setCode": "J14", "subtypes": ["Phyrexian", "Praetor"], "supertypes": ["Legendary"], "text": "Vigilance\nOther creatures you control get +2/+2.\nCreatures your opponents control get -2/-2.", "toughness": "7", "type": "Legendary Creature — Phyrexian Praetor", "types": ["Creature"], "uuid": "565f5c1e-4808-5772-9af3-0e6084717877", "watermark": "phyrexian"}, {"artist": "Eric Deschamps", "availability": ["paper"], "borderColor": "black", "colorIdentity": ["B", "U", "W"], "colors": ["B", "U", "W"], "convertedManaCost": 6.0, "edhrecRank": 3523, "finishes": ["foil"], "foreignData": [], "frameVersion": "2003", "hasFoil": true, "hasNonFoil": false, "identifiers": {"mcmId": "266986", "mtgjsonV4Id": "9b9addd3-6c41-5a47-8509-d7e591a5d402", "scryfallId": "9c4114ea-137f-4710-8ee8-69ab445b6918", "scryfallIllustrationId": "8b20b731-880f-4b85-a994-229ae95d5041", "scryfallOracleId": "620ff5f2-7d3f-467f-943d-3b62c2135023", "tcgplayerProductId": "82623"}, "isPromo": true, "isReprint": true, "isStarter": true, "layout": "normal", "leadershipSkills": {"brawl": false, "commander": true, "oathbreaker": false}, "legalities": {"commander": "Legal", "duel": "Restricted", "legacy": "Legal", "vintage": "Legal"}, "manaCost": "{3}{W}{U}{B}", "manaValue": 6.0, "name": "Oloro, Ageless Ascetic", "number": "9", "power": "4", "printings": ["C13", "J14", "OC13", "PLIST", "PRM"], "promoTypes": ["judgegift"], "purchaseUrls": {"tcgplayer": "https://mtgjson.com/links/dd4c207b125c3aea"}, "rarity": "rare", "rulings": [{"date": "2013-10-17", "text": "If Oloro is your commander, its last ability will trigger at the beginning of the upkeep step on your first turn."}, {"date": "2013-10-17", "text": "Oloro’s second ability triggers just once for each life-gaining event, no matter how much life is gained."}, {"date": "2013-10-17", "text": "You decide whether to pay {1} as the second ability resolves. If you do, you’ll draw a card and each opponent will lose 1 life."}, {"date": "2013-10-17", "text": "Oloro’s first ability works only if Oloro is on the battlefield."}, {"date": "2013-10-17", "text": "In some unusual cases, you can gain life even though your life total actually decreases. For example, if you are being attacked by two 3/3 creatures and you block one with a 2/2 creature with lifelink, your life total will decrease by 1 even though you’ve gained 2 life. Oloro’s second ability would trigger."}, {"date": "2013-10-17", "text": "In a Two-Headed Giant game, life gained by your teammate won’t cause the ability to trigger, even though it causes your team’s life total to increase."}, {"date": "2013-10-17", "text": "If two creatures you control with lifelink deal combat damage at the same time, Oloro’s ability will trigger twice. However, if a single creature with lifelink deals combat damage to multiple creatures, players, and/or planeswalkers at the same time (perhaps because it has trample or was blocked by more than one creature), the ability will trigger only once."}, {"date": "2015-01-19", "text": "Oloro, Ageless Ascetic is banned as a commander in Duel Commander format, but it may be part of your deck."}], "setCode": "J14", "subtypes": ["Giant", "Soldier"], "supertypes": ["Legendary"], "text": "At the beginning of your upkeep, you gain 2 life.\nWhenever you gain life, you may pay {1}. If you do, draw a card and each opponent loses 1 life.\nAt the beginning of your upkeep, if Oloro, Ageless Ascetic is in the command zone, you gain 2 life.", "toughness": "5", "type": "Legendary Creature — Giant Soldier", "types": ["Creature"], "uuid": "fe43381f-6a90-5a7e-b30c-5e7a9632f370", "watermark": "wotc"}], "code": "J14", "isFoilOnly": true, "isOnlineOnly": false, "keyruneCode": "PMEI", "name": "Judge Gift Cards 2014", "releaseDate": "2014-01-01", "tcgplayerGroupId": 62, "tokens": [], "totalSetSize": 14, "translations": {}, "type": "promo"}
