{"cards": [{"artist": "Franz Vohwinkel", "availability": ["paper"], "borderColor": "black", "colorIdentity": ["U"], "colors": ["U"], "convertedManaCost": 5.0, "edhrecRank": 1823, "finishes": ["foil"], "flavorText": "Doing something at the last minute isn't so bad when you can make that minute last.", "foreignData": [], "frameVersion": "2015", "hasFoil": true, "hasNonFoil": false, "identifiers": {"mcmId": "289447", "mtgjsonV4Id": "cf634169-17b5-5313-9e20-938501d57f8c", "scryfallId": "bf195465-092b-4812-b400-b3af433eaeec", "scryfallIllustrationId": "3a6e451b-b755-4239-953c-9bbb27662aef", "scryfallOracleId": "6b6ac99a-7548-4cad-9fe5-ea611618ab9e", "tcgplayerProductId": "116504"}, "isPromo": true, "isReprint": true, "isStarter": true, "layout": "normal", "legalities": {"commander": "Legal", "duel": "Banned", "legacy": "Legal", "vintage": "Legal"}, "manaCost": "{3}{U}{U}", "manaValue": 5.0, "name": "Temporal Manipulation", "number": "1", "printings": ["J15", "ME2", "P02", "PLIST", "PRM", "PUMA", "UMA"], "promoTypes": ["judgegift"], "purchaseUrls": {"tcgplayer": "https://mtgjson.com/links/a4805705dcb88ddf"}, "rarity": "rare", "rulings": [{"date": "2004-10-04", "text": "If multiple “extra turn” effects resolve in the same turn, take them in the reverse of the order that the effects resolved."}], "setCode": "J15", "subtypes": [], "supertypes": [], "text": "Take an extra turn after this one.", "type": "Sorcery", "types": ["Sorcery"], "uuid": "9c9b76e3-0f49-530a-8dc1-fc957a5ce09a", "watermark": "wotc"}, {"artist": "Izzy", "availability": ["paper"], "borderColor": "black", "colorIdentity": ["G", "U"], "colors": ["G", "U"], "convertedManaCost": 3.0, "edhrecRank": 4665, "finishes": ["foil"], "foreignData": [], "frameVersion": "2015", "hasFoil": true, "hasNonFoil": false, "identifiers": {"mcmId": "289446", "mtgjsonV4Id": "7421cf8a-c425-51e4-910d-8c7a3bc76209", "scryfallId": "a7b7a85c-1316-4a67-988e-71ab0ff912da", "scryfallIllustrationId": "2be703f3-6959-4444-9a29-b20239f97eba", "scryfallOracleId": "2afbaa9a-c171-4a8b-90f3-5250d8498356", "tcgplayerProductId": "116503"}, "isPromo": true, "isReprint": true, "isStarter": true, "keywords": ["Cascade"], "layout": "normal", "legalities": {"commander": "Legal", "duel": "Legal", "legacy": "Legal", "modern": "Legal", "paupercommander": "Restricted", "vintage": "Legal"}, "manaCost": "{1}{G}{U}", "manaValue": 3.0, "name": "Shardless Agent", "number": "2", "power": "2", "printings": ["EMA", "J15", "MB1", "MH2", "PC2", "PCA", "PMH2", "PRM", "PZ1"], "promoTypes": ["judgegift"], "purchaseUrls": {"tcgplayer": "https://mtgjson.com/links/ea41aac055440e75"}, "rarity": "rare", "rulings": [{"date": "2021-06-18", "text": "A spell’s mana value is determined only by its mana cost. Ignore any alternative costs, additional costs, cost increases, or cost reductions."}, {"date": "2021-06-18", "text": "Cascade triggers when you cast the spell, meaning that it resolves before that spell. If you end up casting the exiled card, it will go on the stack above the spell with cascade."}, {"date": "2021-06-18", "text": "When the cascade ability resolves, you must exile cards. The only optional part of the ability is whether or not you cast the last card exiled."}, {"date": "2021-06-18", "text": "If a spell with cascade is countered, the cascade ability will still resolve normally."}, {"date": "2021-06-18", "text": "You exile the cards face up. All players will be able to see them."}, {"date": "2021-06-18", "text": "If you cast a card “without paying its mana cost,” you can’t choose to cast it for any alternative costs. You can, however, pay additional costs. If the card has any mandatory additional costs, you must pay those to cast the card."}, {"date": "2021-06-18", "text": "If the card has {X} in its mana cost, you must choose 0 as the value of X when casting it without paying its mana cost."}, {"date": "2021-06-18", "text": "Due to a recent rules change to cascade, not only do you stop exiling cards if you exile a nonland card with lesser mana value than the spell with cascade, but the resulting spell you cast must also have lesser mana value. Previously, in cases where a card’s mana value differed from the resulting spell, such as with some modal double-faced cards or cards with an Adventure, you could cast a spell with a higher mana value than the exiled card."}, {"date": "2021-06-18", "text": "The mana value of a split card is determined by the combined mana cost of its two halves. If cascade allows you to cast a split card, you may cast either half but not both halves."}], "setCode": "J15", "subtypes": ["Human", "Rogue"], "supertypes": [], "text": "Cascade (When you cast this spell, exile cards from the top of your library until you exile a nonland card that costs less. You may cast it without paying its mana cost. Put the exiled cards on the bottom of your library in a random order.)", "toughness": "2", "type": "Artifact Creature — Human Rogue", "types": ["Artifact", "Creature"], "uuid": "27f41b39-a4f3-5b2d-98bd-ca02753f8824", "watermark": "wotc"}, {"artist": "Jonas De Ro", "availability": ["paper"], "borderColor": "black", "colorIdentity": [], "colors": [], "convertedManaCost": 0.0, "edhrecRank": 6894, "finishes": ["foil"], "flavorText": "Rishada is the gateway to free trade—but the key will cost you.", "foreignData": [], "frameVersion": "2015", "hasFoil": true, "hasNonFoil": false, "identifiers": {"mcmId": "287720", "mtgjsonV4Id": "ed4c0435-f358-584d-b962-58c0e3050950", "scryfallId": "b7d8f28e-ea99-4a6f-82ac-c39725150806", "scryfallIllustrationId": "97afd81d-1b40-4521-8cc5-524648757145", "scryfallOracleId": "f3e8dc56-2810-474e-a6a7-9c3555f94ae9", "tcgplayerProductId": "111645"}, "isPromo": true, "isReprint": true, "isStarter": true, "layout": "normal", "legalities": {"commander": "Legal", "duel": "Legal", "legacy": "Legal", "premodern": "Legal", "vintage": "Legal"}, "manaValue": 0.0, "name": "Rishadan Port", "number": "3", "printings": ["A25", "J15", "MMQ", "OLGC", "PRM", "WC00", "WC01"], "promoTypes": ["judgegift"], "purchaseUrls": {"tcgplayer": "https://mtgjson.com/links/0ea1468b367e54d4"}, "rarity": "rare", "rulings": [{"date": "2018-03-16", "text": "Once you announce that you’re casting a spell or activating an ability, no player may take other actions until the spell or ability has been paid for. Notably, players can’t try to tap your lands to stop you from paying."}], "setCode": "J15", "subtypes": [], "supertypes": [], "text": "{T}: Add {C}.\n{1}, {T}: Tap target land.", "type": "Land", "types": ["Land"], "uuid": "07dbd146-fd2c-5638-9994-e0f1f242fa00", "watermark": "wotc"}, {"artist": "Fang Yue", "availability": ["paper"], "borderColor": "black", "colorIdentity": ["W"], "colors": ["W"], "convertedManaCost": 4.0, "edhrecRank": 6959, "finishes": ["foil"], "flavorText": "\"Thorn bushes spring up wherever the army has passed. Lean years follow in the wake of a great war.\"\n—Lao Tzu, *Tao Te Ching*,\ntrans. Feng and English", "foreignData": [], "frameVersion": "2015", "hasFoil": true, "hasNonFoil": false, "identifiers": {"mcmId": "282050", "mtgjsonV4Id": "bb4e7818-8b3f-5c04-b1c7-03a5f7322fd7", "scryfallId": "f37b0b6d-863f-4a26-a075-3117bab53a1a", "scryfallIllustrationId": "446e7619-2d16-4d8c-b616-cf3261324a75", "scryfallOracleId": "265236d1-d96c-4424-835e-a0fe91c41170", "tcgplayerProductId": "97084"}, "isPromo": true, "isReprint": true, "isStarter": true, "layout": "normal", "legalities": {"commander": "Legal", "duel": "Legal", "legacy": "Legal", "vintage": "Legal"}, "manaCost": "{3}{W}", "manaValue": 4.0, "name": "Ravages of War", "number": "4", "printings": ["J15", "ME2", "PRM", "PTK"], "promoTypes": ["judgegift"], "purchaseUrls": {"tcgplayer": "https://mtgjson.com/links/7b60e41c19ac6397"}, "rarity": "rare", "rulings": [], "setCode": "J15", "subtypes": [], "supertypes": [], "text": "Destroy all lands.", "type": "Sorcery", "types": ["Sorcery"], "uuid": "6c6cb8f7-e9b7-590f-9d3e-aa976e0e16ee", "watermark": "wotc"}, {"artist": "Kev Walker", "availability": ["paper"], "borderColor": "black", "colorIdentity": ["B"], "colors": ["B"], "convertedManaCost": 4.0, "edhrecRank": 215, "finishes": ["foil"], "foreignData": [], "frameVersion": "2015", "hasFoil": true, "hasNonFoil": false, "identifiers": {"mcmId": "282047", "mtgjsonV4Id": "fe5cebd6-a9ce-572c-b46d-0c4c94d641c2", "scryfallId": "d738f452-711f-47a2-9979-26bff7055737", "scryfallIllustrationId": "fd1da4f8-fd8e-460d-926b-78d03208ba48", "scryfallOracleId": "d57a8f0b-7989-4db5-8756-6f2690097252", "tcgplayerProductId": "97081"}, "isPromo": true, "isReprint": true, "isStarter": true, "layout": "normal", "legalities": {"commander": "Legal", "duel": "Legal", "legacy": "Legal", "modern": "Legal", "vintage": "Legal"}, "manaCost": "{2}{B}{B}", "manaValue": 4.0, "name": "Damnation", "number": "5", "printings": ["J15", "MM3", "MP2", "P08", "PLC", "PRM", "SLD", "TSR"], "promoTypes": ["judgegift"], "purchaseUrls": {"tcgplayer": "https://mtgjson.com/links/ba3bdf896205b45d"}, "rarity": "rare", "rulings": [], "setCode": "J15", "subtypes": [], "supertypes": [], "text": "Destroy all creatures. They can't be regenerated.", "type": "Sorcery", "types": ["Sorcery"], "uuid": "55e8c629-d51b-5693-b7a0-5cdb22b29968", "watermark": "wotc"}, {"artist": "Matt Stewart", "availability": ["paper"], "borderColor": "black", "colorIdentity": ["R"], "colors": ["R"], "convertedManaCost": 3.0, "edhrecRank": 489, "finishes": ["foil"], "flavorText": "\"It has been my experience that disasters like to strike in pairs.\"", "foreignData": [], "frameVersion": "2015", "hasFoil": true, "hasNonFoil": false, "identifiers": {"mcmId": "282048", "mtgjsonV4Id": "e1994c72-5949-53d0-9780-a6feb86933f1", "scryfallId": "a73faf18-3cc1-4136-91db-9f7273080ff4", "scryfallIllustrationId": "53ff74cb-f970-4fb0-ae1e-1f8f80838ca3", "scryfallOracleId": "8eb7c0a5-6190-40de-b473-2d1daa3bbe28", "tcgplayerProductId": "97082"}, "isPromo": true, "isReprint": true, "isStarter": true, "keywords": ["Flash"], "layout": "normal", "legalities": {"commander": "Legal", "duel": "Legal", "gladiator": "Legal", "historic": "Legal", "historicbrawl": "Legal", "legacy": "Legal", "vintage": "Legal"}, "manaCost": "{1}{R}{R}", "manaValue": 3.0, "name": "Dualcaster Mage", "number": "6", "power": "2", "printings": ["2XM", "C14", "C20", "C21", "CM2", "CMR", "E01", "EMA", "J15", "JMP", "PRM"], "promoTypes": ["judgegift"], "purchaseUrls": {"tcgplayer": "https://mtgjson.com/links/325508de56fd2479"}, "rarity": "rare", "rulings": [{"date": "2016-06-08", "text": "Dualcaster Mage’s triggered ability can target (and copy) any instant or sorcery spell, not just one with targets. It doesn’t matter who controls it."}, {"date": "2016-06-08", "text": "As Dualcaster Mage’s triggered ability resolves, it creates a copy of a spell on the stack. The copy isn’t cast, so abilities that trigger when a player casts a spell won’t trigger."}, {"date": "2016-06-08", "text": "The copy will have the same targets as the spell it’s copying unless you choose new ones. You may change any number of the targets, including all of them or none of them. If, for one of the targets, you can’t choose a new legal target, then it remains unchanged (even if the current target is illegal)."}, {"date": "2016-06-08", "text": "You can’t choose to pay any additional costs for the copy. However, effects based on any additional or alternative costs paid for the targeted spell are copied as though those same costs were paid for the copy."}, {"date": "2016-06-08", "text": "If the spell is modal (that is, it says “Choose one —” or the like), the copy will have the same mode. You can’t choose a different one."}, {"date": "2016-06-08", "text": "If the spell has an X whose value was determined as it was cast (like Earthquake does), the copy has the same value of X."}, {"date": "2016-06-08", "text": "If the copy says that it affects “you,” it affects the controller of the copy, not the controller of the original spell. Similarly, if the copy says that it affects an “opponent,” it affects an opponent of the copy’s controller, not an opponent of the original spell’s controller."}], "setCode": "J15", "subtypes": ["Human", "Wizard"], "supertypes": [], "text": "Flash\nWhen Dualcaster Mage enters the battlefield, copy target instant or sorcery spell. You may choose new targets for the copy.", "toughness": "2", "type": "Creature — Human Wizard", "types": ["Creature"], "uuid": "b7e2e9a8-7e53-5a41-a8ce-fbbd048202af", "watermark": "wotc"}, {"artist": "Chase Stone", "availability": ["paper"], "borderColor": "black", "colorIdentity": ["R"], "colors": ["R"], "convertedManaCost": 3.0, "edhrecRank": 731, "finishes": ["foil"], "flavorText": "\"She will come back to me.\"", "foreignData": [], "frameVersion": "2015", "hasFoil": true, "hasNonFoil": false, "identifiers": {"mcmId": "282049", "mtgjsonV4Id": "7b2c1744-4a86-5f76-b9db-fda8a0e4c377", "scryfallId": "e02e276e-0967-4fc6-9809-548677aa131c", "scryfallIllustrationId": "20675649-b91c-46cb-a61c-a8e2e7ab2659", "scryfallOracleId": "be094704-5232-4b10-beeb-aa9bbfae063d", "tcgplayerProductId": "97083"}, "isPromo": true, "isReprint": true, "isStarter": true, "layout": "normal", "leadershipSkills": {"brawl": false, "commander": true, "oathbreaker": false}, "legalities": {"commander": "Legal", "duel": "Legal", "legacy": "Legal", "vintage": "Legal"}, "manaCost": "{1}{R}{R}", "manaValue": 3.0, "name": "Feldon of the Third Path", "number": "7", "power": "2", "printings": ["C14", "C19", "C21", "CM2", "J15", "PRM", "TSR"], "promoTypes": ["judgegift"], "purchaseUrls": {"tcgplayer": "https://mtgjson.com/links/7478bedf76770d70"}, "rarity": "mythic", "rulings": [{"date": "2021-03-19", "text": "The token copies exactly what was printed on the original creature card (except that the copy is also an artifact) and nothing else."}, {"date": "2021-03-19", "text": "If the copied creature card has {X} in its mana cost, X is 0."}, {"date": "2021-03-19", "text": "Any enters-the-battlefield abilities of the copied creature card will trigger when the token enters the battlefield. Any “as [this permanent] enters the battlefield” or “[this permanent] enters the battlefield with” abilities of the copied creature card will also work."}, {"date": "2021-03-19", "text": "If another creature becomes a copy of, or enters the battlefield as a copy of the token, that creature will copy the creature card the token is copying, except it will also be an artifact. This is true even if the creature card that was copied by Feldon of the Third Path is no longer in the graveyard at that time. However, the new copy won’t gain haste and you won’t sacrifice it at the beginning of the next end step."}, {"date": "2021-03-19", "text": "If Feldon’s ability creates multiple tokens due to a replacement effect (such as the one Doubling Season creates), each of those tokens will gain haste and you’ll sacrifice each of them."}], "setCode": "J15", "subtypes": ["Human", "Artificer"], "supertypes": ["Legendary"], "text": "{2}{R}, {T}: Create a token that's a copy of target creature card in your graveyard, except it's an artifact in addition to its other types. It gains haste. Sacrifice it at the beginning of the next end step.", "toughness": "3", "type": "Legendary Creature — Human Artificer", "types": ["Creature"], "uuid": "d971af8e-5f70-58be-aee8-f90ef0916d9c", "watermark": "wotc"}, {"artist": "Steven Belledin", "availability": ["paper"], "borderColor": "black", "colorIdentity": [], "colors": [], "convertedManaCost": 0.0, "edhrecRank": 623, "finishes": ["foil"], "flavorText": "The land was left depleted and empty, an unsettling taste of things to come.", "foreignData": [], "frameVersion": "2015", "hasFoil": true, "hasNonFoil": false, "identifiers": {"mcmId": "282051", "mtgjsonV4Id": "cb38a944-1080-5cd4-9b4a-c8f7f4a00aa2", "scryfallId": "9f883c77-d5e1-400a-a45b-06654877248e", "scryfallIllustrationId": "eaa94264-a554-4203-bd95-550bec51e33a", "scryfallOracleId": "09a70ae8-3859-4a09-901d-dce063fa3b5f", "tcgplayerProductId": "97085"}, "isPromo": true, "isReprint": true, "isStarter": true, "layout": "normal", "legalities": {"commander": "Legal", "duel": "Banned", "legacy": "Legal", "premodern": "Legal", "vintage": "Legal"}, "manaValue": 0.0, "name": "Wasteland", "number": "8", "printings": ["EMA", "EXP", "G10", "J15", "MPR", "OLGC", "PRM", "SLD", "TMP", "TPR", "WC98", "WC99", "ZNE"], "promoTypes": ["judgegift"], "purchaseUrls": {"tcgplayer": "https://mtgjson.com/links/ef6f758be121cef0"}, "rarity": "rare", "rulings": [], "setCode": "J15", "subtypes": [], "supertypes": [], "text": "{T}: Add {C}.\n{T}, Sacrifice Wasteland: Destroy target nonbasic land.", "type": "Land", "types": ["Land"], "uuid": "61b4a6c3-a879-51dc-8e97-845f4e9cac81", "watermark": "wotc"}], "code": "J15", "isFoilOnly": true, "isOnlineOnly": false, "keyruneCode": "PMEI", "name": "Judge Gift Cards 2015", "releaseDate": "2015-01-01", "tcgplayerGroupId": 62, "tokens": [], "totalSetSize": 8, "translations": {}, "type": "promo"}
