{"cards": [{"artist": "Brom", "availability": ["paper"], "borderColor": "black", "colorIdentity": ["G"], "colors": ["G"], "convertedManaCost": 1.0, "edhrecRank": 2673, "finishes": ["foil"], "flavorText": "Hanna was astounded. Mirri read every leaf and wisp of breeze like a book of ancient lore.", "foreignData": [], "frameVersion": "2015", "hasFoil": true, "hasNonFoil": false, "identifiers": {"mcmId": "372143", "mtgjsonV4Id": "fabeff18-dc2e-5a07-9493-8cbcd69f909a", "scryfallId": "91b89b1a-56a2-4479-a58a-ebc0843c9e83", "scryfallIllustrationId": "eac39a73-cb5e-4e45-acb7-198fecc3b21b", "scryfallOracleId": "7f89c0ee-b914-406c-8a3f-98424a52ae14", "tcgplayerProductId": "188709"}, "isPromo": true, "isReprint": true, "isStarter": true, "layout": "normal", "legalities": {"commander": "Legal", "duel": "Legal", "legacy": "Legal", "premodern": "Legal", "vintage": "Legal"}, "manaCost": "{G}", "manaValue": 1.0, "name": "Mirri's Guile", "number": "1", "printings": ["J19", "TMP"], "promoTypes": ["judgegift"], "purchaseUrls": {"tcgplayer": "https://mtgjson.com/links/e6fb6aae0ee024b7"}, "rarity": "mythic", "rulings": [], "setCode": "J19", "subtypes": [], "supertypes": [], "text": "At the beginning of your upkeep, you may look at the top three cards of your library, then put them back in any order.", "type": "Enchantment", "types": ["Enchantment"], "uuid": "2d782348-6970-596e-80d1-b2d9a3faece6", "watermark": "wotc"}, {"artist": "Lius Lasahido", "availability": ["paper"], "borderColor": "black", "colorIdentity": ["B", "G", "R", "U", "W"], "colors": ["B", "G", "R", "U", "W"], "convertedManaCost": 5.0, "edhrecRank": 3545, "finishes": ["foil"], "flavorText": "Hidden within the clicking, chittering swarm is a unique mind, still young, but growing more aware as time passes.", "foreignData": [], "frameEffects": ["legendary"], "frameVersion": "2015", "hasFoil": true, "hasNonFoil": false, "identifiers": {"mcmId": "381378", "mtgjsonV4Id": "a9b7f265-ca81-57e5-a180-a77052e32093", "scryfallId": "3511ae86-9c49-4628-b61b-f25466b1b1d2", "scryfallIllustrationId": "425674ea-8e9a-4142-8f32-bd95f5ea1212", "scryfallOracleId": "47657df2-0e58-46c8-87e2-cc752708a612", "tcgplayerProductId": "194571"}, "isPromo": true, "isReprint": true, "isStarter": true, "layout": "normal", "leadershipSkills": {"brawl": false, "commander": true, "oathbreaker": false}, "legalities": {"commander": "Legal", "duel": "Legal", "legacy": "Legal", "modern": "Legal", "penny": "Legal", "vintage": "Legal"}, "manaCost": "{W}{U}{B}{R}{G}", "manaValue": 5.0, "name": "Sliver Legion", "number": "2", "power": "7", "printings": ["FUT", "J19", "TSR"], "promoTypes": ["judgegift"], "purchaseUrls": {"tcgplayer": "https://mtgjson.com/links/8948d4420e163920"}, "rarity": "mythic", "rulings": [{"date": "2013-07-01", "text": "Abilities that Slivers grant, as well as power/toughness boosts, are cumulative. However, for some abilities, like flying, having more than one instance of the ability doesn’t provide any additional benefit."}, {"date": "2013-07-01", "text": "If the creature type of a Sliver changes so it’s no longer a Sliver, it will no longer be affected by its own ability. Its ability will continue to affect other Sliver creatures."}, {"date": "2021-03-19", "text": "If Sliver Legion and two other Slivers are on the battlefield, for example, each of them gets +2/+2."}, {"date": "2021-03-19", "text": "Because damage remains marked on a creature until the damage is removed as the turn ends, nonlethal damage dealt to a Sliver may become lethal if another Sliver leaves the battlefield during that turn."}], "setCode": "J19", "subtypes": ["Sliver"], "supertypes": ["Legendary"], "text": "All Sliver creatures get +1/+1 for each other Sliver on the battlefield.", "toughness": "7", "type": "Legendary Creature — Sliver", "types": ["Creature"], "uuid": "eca6487c-4064-550e-a96f-9758974f2190", "watermark": "wotc"}, {"artist": "Volkan Baǵa", "availability": ["paper"], "borderColor": "black", "colorIdentity": [], "colors": [], "convertedManaCost": 0.0, "edhrecRank": 253, "finishes": ["foil"], "flavorText": "The suns of Mirrodin have shone upon perfection only once.", "foreignData": [], "frameEffects": ["legendary"], "frameVersion": "2015", "hasFoil": true, "hasNonFoil": false, "identifiers": {"mcmId": "372142", "mtgjsonV4Id": "98efed97-b793-547d-b5bf-e0f0a9a8f69d", "scryfallId": "3722deaf-de7b-4e49-b93b-b790fb598337", "scryfallIllustrationId": "a88b0132-53ec-4d3e-b94e-7b160c821bfd", "scryfallOracleId": "de2440de-e948-4811-903c-0bbe376ff64d", "tcgplayerProductId": "188710"}, "isPromo": true, "isReprint": true, "isStarter": true, "keywords": ["Metalcraft"], "layout": "normal", "legalities": {"commander": "Legal", "duel": "Banned", "legacy": "Legal", "modern": "Banned", "vintage": "Legal"}, "manaCost": "{0}", "manaValue": 0.0, "name": "Mox Opal", "number": "3", "printings": ["2XM", "J19", "MM2", "MPS", "PRM", "SOM"], "promoTypes": ["judgegift"], "purchaseUrls": {"tcgplayer": "https://mtgjson.com/links/e15ee6f8cb7f1d41"}, "rarity": "mythic", "rulings": [], "setCode": "J19", "subtypes": [], "supertypes": ["Legendary"], "text": "Metalcraft — {T}: Add one mana of any color. Activate only if you control three or more artifacts.", "type": "Legendary Artifact", "types": ["Artifact"], "uuid": "0b9ed960-c4b2-5bd7-b1b7-157ecea42422", "watermark": "wotc"}, {"artist": "Alexander Forssberg", "availability": ["paper"], "borderColor": "black", "colorIdentity": [], "colors": [], "convertedManaCost": 0.0, "edhrecRank": 2866, "finishes": ["foil"], "foreignData": [], "frameVersion": "2015", "hasFoil": true, "hasNonFoil": false, "identifiers": {"mcmId": "381375", "mtgjsonV4Id": "0cb80e42-f792-599d-a899-8aef3ed94c67", "scryfallId": "6e9d3aef-9c9d-4317-a6ea-6777a5e087c5", "scryfallIllustrationId": "35dc4f03-e0ea-4ca4-80b9-8bfe62a15641", "scryfallOracleId": "3893f320-47fd-49ec-a78c-80bfb607a279", "tcgplayerProductId": "194570"}, "isPromo": true, "isReprint": true, "isStarter": true, "keywords": ["Scry"], "layout": "normal", "legalities": {"commander": "Legal", "duel": "Legal", "legacy": "Legal", "vintage": "Legal"}, "manaValue": 0.0, "name": "Isolated Watchtower", "number": "4", "printings": ["C18", "J19", "PZ2"], "promoTypes": ["judgegift"], "purchaseUrls": {"tcgplayer": "https://mtgjson.com/links/35dedb5df301f86d"}, "rarity": "mythic", "rulings": [{"date": "2018-07-13", "text": "You can activate Isolated Watchtower’s ability if you control more lands than an opponent, as long as at least one opponent also controls two or more lands than you."}], "setCode": "J19", "subtypes": [], "supertypes": [], "text": "{T}: Add {C}.\n{2}, {T}: Scry 1, then you may reveal the top card of your library. If a basic land card is revealed this way, put it onto the battlefield tapped. Activate only if an opponent controls at least two more lands than you.", "type": "Land", "types": ["Land"], "uuid": "ff50f192-22b0-5a55-94ad-3ad7a7d92056", "watermark": "wotc"}, {"artist": "Anastasia Ovchinnikova", "availability": ["paper"], "borderColor": "black", "colorIdentity": ["W"], "colors": ["W"], "convertedManaCost": 3.0, "edhrecRank": 2162, "finishes": ["foil"], "flavorText": "\"The past does not determine our present.\"", "foreignData": [], "frameVersion": "2015", "hasFoil": true, "hasNonFoil": false, "identifiers": {"mcmId": "401604", "mtgjsonV4Id": "e80a43a8-8302-5681-98ae-0d98cde4759f", "scryfallId": "402c9387-f74f-4ec0-8745-05e07c1966a9", "scryfallIllustrationId": "b44eb239-77eb-4a9c-9c15-2016cc1a13ff", "scryfallOracleId": "3979067a-9c68-443d-a85f-d9f07be880b9", "tcgplayerProductId": "201093"}, "isPromo": true, "isReprint": true, "isStarter": true, "keywords": ["Prowess"], "layout": "normal", "legalities": {"commander": "Legal", "duel": "Legal", "legacy": "Legal", "modern": "Legal", "pioneer": "Legal", "vintage": "Restricted"}, "manaCost": "{2}{W}", "manaValue": 3.0, "name": "Monastery Mentor", "number": "5", "power": "2", "printings": ["FRF", "J19", "PLIST"], "promoTypes": ["judgegift"], "purchaseUrls": {"tcgplayer": "https://mtgjson.com/links/59f9de2db29052ab"}, "rarity": "mythic", "rulings": [{"date": "2014-11-24", "text": "Casting a noncreature spell will cause both prowess and Monastery Mentor’s other ability to trigger. You can put these abilities on the stack in either order. Whichever ability is put on the stack last will resolve first."}, {"date": "2014-11-24", "text": "The spell that causes Monastery Mentor’s second ability to trigger will not cause the prowess ability of the Monk token that’s created to trigger."}, {"date": "2014-11-24", "text": "Any spell you cast that doesn’t have the type creature will cause prowess to trigger. If a spell has multiple types, and one of those types is creature (such as an artifact creature), casting it won’t cause prowess to trigger. Playing a land also won’t cause prowess to trigger."}, {"date": "2014-11-24", "text": "Prowess triggers only once for any spell, even if that spell has multiple types."}, {"date": "2014-11-24", "text": "Prowess goes on the stack on top of the spell that caused it to trigger. It will resolve before that spell."}, {"date": "2014-11-24", "text": "Once it triggers, prowess isn’t connected to the spell that caused it to trigger. If that spell is countered, prowess will still resolve."}], "setCode": "J19", "subtypes": ["Human", "Monk"], "supertypes": [], "text": "Prowess (Whenever you cast a noncreature spell, this creature gets +1/+1 until end of turn.)\nWhenever you cast a noncreature spell, create a 1/1 white Monk creature token with prowess.", "toughness": "2", "type": "Creature — Human Monk", "types": ["Creature"], "uuid": "c701df37-c622-5774-a9de-fb919d7edf60"}, {"artist": "Yongjae Choi", "availability": ["paper"], "borderColor": "black", "colorIdentity": ["B", "U"], "colors": ["B", "U"], "convertedManaCost": 3.0, "edhrecRank": 1815, "finishes": ["foil"], "foreignData": [], "frameEffects": ["legendary"], "frameVersion": "2015", "hasFoil": true, "hasNonFoil": false, "identifiers": {"mcmId": "401609", "mtgjsonV4Id": "15e28241-4970-5af8-9e75-5247284ce8b8", "scryfallId": "852508f9-90ea-4889-a4a8-31b28dd3fdab", "scryfallIllustrationId": "bdf6bde5-f94a-49c1-b689-43d25ceae5ba", "scryfallOracleId": "a7043fbd-1dfd-42cf-be4b-cc343d0949e5", "tcgplayerProductId": "201092"}, "isPromo": true, "isReprint": true, "isStarter": true, "keywords": ["Commander ninjutsu"], "layout": "normal", "leadershipSkills": {"brawl": false, "commander": true, "oathbreaker": false}, "legalities": {"commander": "Legal", "duel": "Restricted", "legacy": "Legal", "vintage": "Legal"}, "manaCost": "{1}{U}{B}", "manaValue": 3.0, "name": "Yuriko, the Tiger's Shadow", "number": "6", "power": "1", "printings": ["C18", "CMR", "J19", "MB1", "PRM", "PZ2"], "promoTypes": ["judgegift"], "purchaseUrls": {"tcgplayer": "https://mtgjson.com/links/6303036d82d28a54"}, "rarity": "rare", "rulings": [{"date": "2020-11-10", "text": "Commander ninjutsu is a variant of ninjutsu that can be activated from the command zone as well as from your hand. Just as with regular ninjutsu, the Ninja enters attacking the player or planeswalker that the returned creature was attacking."}, {"date": "2020-11-10", "text": "Although the ninjutsu ability has the creature enter the battlefield attacking, it was never declared as an attacking creature (for the purposes of abilities that trigger whenever a creature attacks, for example)."}, {"date": "2020-11-10", "text": "Activating Yuriko’s commander ninjutsu ability isn’t the same as casting Yuriko as a spell. You won’t have to pay the commander tax to activate that ability, and activating that ability won’t increase the commander tax to pay later."}, {"date": "2020-11-10", "text": "If a card in a player’s library has {X} in its mana cost, X is considered to be 0."}], "setCode": "J19", "subtypes": ["Human", "Ninja"], "supertypes": ["Legendary"], "text": "Commander ninjutsu {U}{B} ({U}{B}, Return an unblocked attacker you control to hand: Put this card onto the battlefield from your hand or the command zone tapped and attacking.)\nWhenever a Ninja you control deals combat damage to a player, reveal the top card of your library and put that card into your hand. Each opponent loses life equal to that card's mana value.", "toughness": "3", "type": "Legendary Creature — Human Ninja", "types": ["Creature"], "uuid": "df279e3c-6aa8-5fbe-80ce-bb6e02ac684c"}, {"artist": "Seb McKinnon", "availability": ["paper"], "borderColor": "black", "colorIdentity": [], "colors": [], "convertedManaCost": 0.0, "edhrecRank": 4862, "finishes": ["foil"], "foreignData": [], "frameVersion": "2015", "hasFoil": true, "hasNonFoil": false, "identifiers": {"mcmId": "401614", "mtgjsonV4Id": "84cf3daf-141f-533f-869a-5b7423b3b348", "scryfallId": "b5ddfe44-a645-49ec-be86-21be21fe2bdb", "scryfallIllustrationId": "0cb80076-29b1-46d5-82c4-3a6dc93548b0", "scryfallOracleId": "74027ba4-a6ba-4696-baf1-60ef0b27ee0a", "tcgplayerProductId": "201090"}, "isPromo": true, "isReprint": true, "isStarter": true, "layout": "normal", "legalities": {"commander": "Legal", "duel": "Legal", "legacy": "Legal", "modern": "Legal", "vintage": "Restricted"}, "manaCost": "{X}{X}", "manaValue": 0.0, "name": "Chalice of the Void", "number": "7", "printings": ["A25", "J19", "MMA", "MPS", "MRD", "PRM", "TSR"], "promoTypes": ["judgegift"], "purchaseUrls": {"tcgplayer": "https://mtgjson.com/links/eea4d0d868957042"}, "rarity": "rare", "rulings": [{"date": "2021-03-19", "text": "A mana cost of {X}{X} means that you pay twice X. For example, if you want X to be 3, you pay {6} to cast Chalice of the Void."}, {"date": "2021-03-19", "text": "The number of charge counters on Chalice of the Void matters only at the time the spell is cast. Changing the number of charge counters on Chalice of the Void after a spell has been cast won’t change whether the ability triggers or counters the spell."}, {"date": "2021-03-19", "text": "If there are zero charge counters on Chalice of the Void, it counters each spell with a mana value of 0. This includes face-down creature spells cast with morph’s alternative cost."}, {"date": "2021-03-19", "text": "Chalice of the Void has to be on the battlefield at the end of casting a spell for the ability to trigger. If you sacrifice Chalice of the Void as a cost to cast a spell, its ability can’t trigger. However, if it leaves the battlefield once its ability has triggered, that ability will still counter the spell."}], "setCode": "J19", "subtypes": [], "supertypes": [], "text": "Chalice of the Void enters the battlefield with X charge counters on it.\nWhenever a player casts a spell with mana value equal to the number of charge counters on Chalice of the Void, counter that spell.", "type": "Artifact", "types": ["Artifact"], "uuid": "8dfa8e3d-54c6-5d5d-8ac6-ca54a2a6c0ad"}, {"artist": "Peter Mohrbacher", "availability": ["paper"], "borderColor": "black", "colorIdentity": [], "colors": [], "convertedManaCost": 0.0, "edhrecRank": 188, "finishes": ["foil"], "flavorText": "Does it reflect the future that once was or the past that can never be?", "foreignData": [], "frameVersion": "2015", "hasFoil": true, "hasNonFoil": false, "identifiers": {"mcmId": "401619", "mtgjsonV4Id": "40b5c991-4321-5665-8b14-0780f1027711", "scryfallId": "6bf8da87-7b1a-476a-8696-5939a8cc6790", "scryfallIllustrationId": "1ce517f3-51d5-46bd-8032-bbcbebce0258", "scryfallOracleId": "67f43ac6-2a58-4b53-b5d7-0330e2a252e2", "tcgplayerProductId": "201091"}, "isPromo": true, "isReprint": true, "isStarter": true, "layout": "normal", "legalities": {"commander": "Legal", "duel": "Legal", "legacy": "Legal", "modern": "Legal", "premodern": "Legal", "vintage": "Legal"}, "manaValue": 0.0, "name": "Reflecting Pool", "number": "8", "printings": ["CNS", "J19", "PRM", "SHM", "TMP", "WC98"], "promoTypes": ["judgegift"], "purchaseUrls": {"tcgplayer": "https://mtgjson.com/links/d6df4c85719f9d04"}, "rarity": "rare", "rulings": [{"date": "2004-10-04", "text": "Any replacement effects are considered by Reflecting Pool when determining the types of mana a land can produce."}, {"date": "2004-10-04", "text": "Any change to a land’s type or splicing of text into a land can affect the types of mana a land can produce."}, {"date": "2008-05-01", "text": "The types of mana are white, blue, black, red, green, and colorless."}, {"date": "2008-05-01", "text": "Reflecting Pool checks the effects of all mana-producing abilities of lands you control, but it doesn’t check their costs. For example, Vivid Crag says “{T}, Remove a charge counter from Vivid Crag: Add one mana of any color.” If you control Vivid Crag and Reflecting Pool, you can tap Reflecting Pool for any color of mana. It doesn’t matter whether Vivid Crag has a charge counter on it, and it doesn’t matter whether it’s untapped."}, {"date": "2008-05-01", "text": "Reflecting Pool doesn’t care about any restrictions or riders your lands put on the mana they produce, such as Pillar of the Paruns and Hall of the Bandit Lord do. It just cares about types of mana."}, {"date": "2008-05-01", "text": "Multiple Reflecting Pools won’t help each other produce mana. If you control a Reflecting Pool, and all other lands you control either lack mana abilities or are other Reflecting Pools, you may still activate Reflecting Pool’s ability — it just won’t produce any mana."}], "setCode": "J19", "subtypes": [], "supertypes": [], "text": "{T}: Add one mana of any type that a land you control could produce.", "type": "Land", "types": ["Land"], "uuid": "b60059ff-f047-58d3-904b-df803d6dbea5"}], "code": "J19", "isFoilOnly": true, "isOnlineOnly": false, "keyruneCode": "PMEI", "name": "Judge Gift Cards 2019", "releaseDate": "2019-04-10", "tokens": [], "totalSetSize": 8, "translations": {}, "type": "promo"}
