{"cards": [{"artist": "Roger Raupp", "availability": ["paper"], "borderColor": "black", "colorIdentity": ["W"], "colors": ["W"], "convertedManaCost": 2.0, "edhrecRank": 17587, "finishes": ["nonfoil"], "flavorText": "\"By the tongues of a thousand serpents, this time I do not lie.\"\n—Ahmahz il Kin, Suq'Ata diplomat", "foreignData": [], "frameVersion": "1997", "hasFoil": false, "hasNonFoil": true, "identifiers": {"mcmId": "271420", "mcmMetaId": "4115", "mtgjsonV4Id": "14370dff-9d3e-5456-92e3-574644a93153", "scryfallId": "d4200017-5b26-40fe-9a0d-2872aa3b017e", "scryfallIllustrationId": "58a977d4-fbbb-434f-9ce0-35f33d1211ef", "scryfallOracleId": "b0f87e25-6604-4723-9467-1e4fedc1157a"}, "isReprint": true, "isStarter": true, "layout": "normal", "legalities": {"commander": "Legal", "duel": "Legal", "legacy": "Legal", "premodern": "Legal", "vintage": "Legal"}, "manaCost": "{1}{W}", "manaValue": 2.0, "name": "Peace Talks", "number": "1", "printings": ["MGB", "VIS"], "purchaseUrls": {"cardmarket": "https://mtgjson.com/links/b3c0b9a875d216a5"}, "rarity": "rare", "rulings": [{"date": "2004-10-04", "text": "Can be cast after your attack."}, {"date": "2004-10-04", "text": "It affects the current turn and the next turn. This could affect the same player twice if they have two turns in a row, or it could affect different players. In a multiplayer game it affects exactly two turns, not a full round of turns."}, {"date": "2006-02-01", "text": "Doesn’t skip the Combat Phase, just renders creatures unable to attack."}, {"date": "2016-06-08", "text": "Activated abilities contain a colon. They’re generally written “[Cost]: [Effect].” Some keywords are activated abilities and will have colons in their reminder text."}], "setCode": "MGB", "subtypes": [], "supertypes": [], "text": "This turn and next turn, creatures can't attack, and players and permanents can't be the targets of spells or activated abilities.", "type": "Sorcery", "types": ["Sorcery"], "uuid": "703543e9-bdc5-598c-9923-416334c1efa7"}, {"artist": "Kev Walker", "availability": ["paper"], "borderColor": "black", "colorIdentity": ["U"], "colors": ["U"], "convertedManaCost": 3.0, "edhrecRank": 10828, "finishes": ["nonfoil"], "foreignData": [], "frameVersion": "1997", "hasFoil": false, "hasNonFoil": true, "identifiers": {"mcmId": "271419", "mcmMetaId": "4056", "mtgjsonV4Id": "4c3fb438-d471-5162-bfe7-ba2741e08b35", "scryfallId": "978eb187-50dc-4774-993b-7e95be360d25", "scryfallIllustrationId": "449d16d7-f9ec-47ef-ade3-76e460f9ad91", "scryfallOracleId": "98026d30-a29f-4590-968f-b1b36926a275"}, "isReprint": true, "isStarter": true, "layout": "normal", "legalities": {"commander": "Legal", "duel": "Legal", "legacy": "Legal", "modern": "Legal", "paupercommander": "Restricted", "penny": "Legal", "premodern": "Legal", "vintage": "Legal"}, "manaCost": "{2}{U}", "manaValue": 3.0, "name": "Ovinomancer", "number": "2", "power": "0", "printings": ["MGB", "TSB", "VIS"], "purchaseUrls": {"cardmarket": "https://mtgjson.com/links/df993795203349fa"}, "rarity": "rare", "rulings": [{"date": "2004-10-04", "text": "Can target itself. This will cause it to be returned to your hand during announcement and will result in no sheep since it will not be on the battlefield at resolution so the effect fails since it target is illegal."}], "setCode": "MGB", "subtypes": ["Human", "Wizard"], "supertypes": [], "text": "When Ovinomancer enters the battlefield, sacrifice it unless you return three basic lands you control to their owner's hand.\n{T}, Return Ovinomancer to its owner's hand: Destroy target creature. It can't be regenerated. That creature's controller creates a 0/1 green Sheep creature token.", "toughness": "1", "type": "Creature — Human Wizard", "types": ["Creature"], "uuid": "f9a4e940-9703-5e35-b404-24dc66a3c026"}, {"artist": "Tom Kyffin", "availability": ["paper"], "borderColor": "black", "colorIdentity": ["B"], "colors": ["B"], "convertedManaCost": 2.0, "edhrecRank": 5696, "finishes": ["nonfoil"], "flavorText": "\"As you breathe your last, understand why I accept such forbidden gifts.\"\n—Purraj of Urborg", "foreignData": [], "frameVersion": "1997", "hasFoil": false, "hasNonFoil": true, "identifiers": {"mcmId": "271416", "mcmMetaId": "1294", "mtgjsonV4Id": "0db883b4-e198-5352-82cb-e6dacb064a75", "scryfallId": "c63ecd7b-a5e6-4e19-9ca2-dda14754305a", "scryfallIllustrationId": "a57e75ba-926d-40d4-a7eb-79df9639632f", "scryfallOracleId": "29f4c69a-ca59-4e9f-a808-87ba85b34f2f"}, "isReprint": true, "isStarter": true, "keywords": ["Enchant"], "layout": "normal", "legalities": {"commander": "Legal", "duel": "Legal", "legacy": "Legal", "pauper": "Legal", "paupercommander": "Legal", "penny": "Legal", "premodern": "Legal", "vintage": "Legal"}, "manaCost": "{1}{B}", "manaValue": 2.0, "name": "Dark Privilege", "number": "3", "printings": ["MGB", "VIS"], "purchaseUrls": {"cardmarket": "https://mtgjson.com/links/6a0c4f8126807232"}, "rarity": "rare", "rulings": [], "setCode": "MGB", "subtypes": ["Aura"], "supertypes": [], "text": "Enchant creature\nEnchanted creature gets +1/+1.\nSacrifice a creature: Regenerate enchanted creature.", "type": "Enchantment — Aura", "types": ["Enchantment"], "uuid": "648e65ec-bf34-5f85-831d-628343498a05"}, {"artist": "John Coulthart", "availability": ["paper"], "borderColor": "black", "colorIdentity": ["B"], "colors": ["B"], "convertedManaCost": 6.0, "edhrecRank": 18158, "finishes": ["nonfoil"], "flavorText": "\"Ah, I remember my first death.\"\n—Zarkuu, necrosavant", "foreignData": [], "frameVersion": "1997", "hasFoil": false, "hasNonFoil": true, "identifiers": {"mcmId": "271418", "mcmMetaId": "3861", "mtgjsonV4Id": "3988a3d8-3d23-55a3-889c-36e2a662a83b", "scryfallId": "50668c85-49ad-456c-9022-0abe560bc50c", "scryfallIllustrationId": "72da27d2-1fae-4bcf-b8cc-46225361dd9c", "scryfallOracleId": "6732a587-e3cc-4c30-9267-f8949dd8724a"}, "isReprint": true, "isStarter": true, "layout": "normal", "legalities": {"commander": "Legal", "duel": "Legal", "legacy": "Legal", "penny": "Legal", "premodern": "Legal", "vintage": "Legal"}, "manaCost": "{3}{B}{B}{B}", "manaValue": 6.0, "name": "Necrosavant", "number": "4", "power": "5", "printings": ["6ED", "MGB", "VIS"], "purchaseUrls": {"cardmarket": "https://mtgjson.com/links/e0446f77476298c0"}, "rarity": "rare", "rulings": [{"date": "2004-10-04", "text": "The ability is activated while this card is in the graveyard."}], "setCode": "MGB", "subtypes": ["Zombie", "Giant"], "supertypes": [], "text": "{3}{B}{B}, Sacrifice a creature: Return Necrosavant from your graveyard to the battlefield. Activate only during your upkeep.", "toughness": "5", "type": "Creature — Zombie Giant", "types": ["Creature"], "uuid": "5bfc5235-6c9b-5371-b3c1-c6c36b639705"}, {"artist": "DiTerlizzi", "availability": ["paper"], "borderColor": "black", "colorIdentity": ["B"], "colors": ["B"], "convertedManaCost": 3.0, "edhrecRank": 21708, "finishes": ["nonfoil"], "flavorText": "\"My pet will pick the ripe fruit from your tortured brain as if it were hanging from a vine.\"\n—Kaervek", "foreignData": [], "frameVersion": "1997", "hasFoil": false, "hasNonFoil": true, "identifiers": {"mcmId": "271421", "mcmMetaId": "6254", "mtgjsonV4Id": "4eba674f-8fef-57f4-bf5c-ab5557d5f457", "scryfallId": "8acbd8c6-da34-45d6-921a-11f370662833", "scryfallIllustrationId": "78454846-bec2-40f3-b6cf-95764c489fa1", "scryfallOracleId": "19d11ca8-a95b-4e6e-a71f-8f9d06c580fd"}, "isReprint": true, "isStarter": true, "layout": "normal", "legalities": {"commander": "Legal", "duel": "Legal", "legacy": "Legal", "pauper": "Legal", "paupercommander": "Legal", "penny": "Legal", "premodern": "Legal", "vintage": "Legal"}, "manaCost": "{2}{B}", "manaValue": 3.0, "name": "Urborg Mindsucker", "number": "5", "power": "2", "printings": ["MGB", "VIS"], "purchaseUrls": {"cardmarket": "https://mtgjson.com/links/377f044135ae5c7d"}, "rarity": "rare", "rulings": [{"date": "2013-04-15", "text": "If you cast this as normal during your main phase, it will enter the battlefield and you’ll receive priority. If no abilities trigger because of this, you can activate its ability immediately, before any other player has a chance to remove it from the battlefield."}], "setCode": "MGB", "subtypes": ["Horror"], "supertypes": [], "text": "{B}, Sacrifice Urborg Mindsucker: Target opponent discards a card at random. Activate only as a sorcery.", "toughness": "2", "type": "Creature — Horror", "types": ["Creature"], "uuid": "231ce6a9-c02f-5165-99e6-bbfd37e9161b"}, {"artist": "Gary Leach", "availability": ["paper"], "borderColor": "black", "colorIdentity": ["B"], "colors": ["B"], "convertedManaCost": 2.0, "edhrecRank": 17933, "finishes": ["nonfoil"], "foreignData": [], "frameVersion": "1997", "hasFoil": false, "hasNonFoil": true, "identifiers": {"mcmId": "271422", "mcmMetaId": "6288", "mtgjsonV4Id": "bd5a2322-c6ab-5621-bece-780389808a94", "scryfallId": "c65b5cfd-d45b-4144-8608-541d455fb004", "scryfallIllustrationId": "599cee62-cdb3-488e-beb1-d40ad1b548cf", "scryfallOracleId": "14df239a-c7cc-492a-94f5-2971f6efe17b"}, "isReprint": true, "isStarter": true, "keywords": ["Enchant"], "layout": "normal", "legalities": {"commander": "Legal", "duel": "Legal", "legacy": "Legal", "penny": "Legal", "premodern": "Legal", "vintage": "Legal"}, "manaCost": "{1}{B}", "manaValue": 2.0, "name": "Vampirism", "number": "6", "printings": ["MGB", "VIS"], "purchaseUrls": {"cardmarket": "https://mtgjson.com/links/3436f914cadddbbd"}, "rarity": "rare", "rulings": [], "setCode": "MGB", "subtypes": ["Aura"], "supertypes": [], "text": "Enchant creature\nWhen Vampirism enters the battlefield, draw a card at the beginning of the next turn's upkeep.\nEnchanted creature gets +1/+1 for each other creature you control.\nOther creatures you control get -1/-1.", "type": "Enchantment — Aura", "types": ["Enchantment"], "uuid": "a0550ecc-e4f5-5c10-9323-1055abf3b3e9"}, {"artist": "D. Alexander Gregory", "availability": ["paper"], "borderColor": "black", "colorIdentity": ["B"], "colors": ["B"], "convertedManaCost": 2.0, "edhrecRank": 20464, "finishes": ["nonfoil"], "flavorText": "\"The blood on my hands is merely proof of my ambition.\"\n—Kaervek", "foreignData": [], "frameVersion": "1997", "hasFoil": false, "hasNonFoil": true, "identifiers": {"mcmId": "271424", "mcmMetaId": "6614", "mtgjsonV4Id": "1f73e4d6-72cb-5232-a6dc-cf960779940c", "scryfallId": "e02aeae5-4918-42c6-872d-ffe1517de2ad", "scryfallIllustrationId": "37843cc7-80a6-4d29-9a2a-f489a313c196", "scryfallOracleId": "7aad0a80-cf7b-4224-8e72-d611e0be3383"}, "isReprint": true, "isStarter": true, "layout": "normal", "legalities": {"commander": "Legal", "duel": "Legal", "legacy": "Legal", "pauper": "Legal", "paupercommander": "Legal", "premodern": "Legal", "vintage": "Legal"}, "manaCost": "{1}{B}", "manaValue": 2.0, "name": "Wicked Reward", "number": "7", "printings": ["MGB", "VIS"], "purchaseUrls": {"cardmarket": "https://mtgjson.com/links/006bc2db545668e6"}, "rarity": "rare", "rulings": [{"date": "2013-04-15", "text": "You must sacrifice exactly one creature to cast this spell; you cannot cast it without sacrificing a creature, and you cannot sacrifice additional creatures."}, {"date": "2013-04-15", "text": "Players can only respond once this spell has been cast and all its costs have been paid. No one can try to destroy the creature you sacrificed to prevent you from casting this spell."}], "setCode": "MGB", "subtypes": [], "supertypes": [], "text": "As an additional cost to cast this spell, sacrifice a creature.\nTarget creature gets +4/+2 until end of turn.", "type": "Instant", "types": ["Instant"], "uuid": "baada985-618c-5eb8-a13a-0e31fbd32f60"}, {"artist": "Andrew Robinson", "availability": ["paper"], "borderColor": "black", "colorIdentity": ["R"], "colors": ["R"], "convertedManaCost": 3.0, "edhrecRank": 17676, "finishes": ["nonfoil"], "flavorText": "\"Some believe sandstalkers to be illusions; those with scars know better.\"\n—*Zhalfirin Guide to the Desert*", "foreignData": [], "frameVersion": "1997", "hasFoil": false, "hasNonFoil": true, "identifiers": {"mcmId": "271423", "mcmMetaId": "6351", "mtgjsonV4Id": "e0c7d85b-4a0f-5b2b-ab10-705e1af74ce1", "scryfallId": "0eb0579a-a0b0-43b0-884c-13035158ae64", "scryfallIllustrationId": "54e90361-f5c6-42d7-a918-69eeb8d0ef7b", "scryfallOracleId": "cbfccfc0-3117-4ca0-b7ce-8e2d67ec49ab"}, "isReprint": true, "isStarter": true, "keywords": ["Haste"], "layout": "normal", "legalities": {"commander": "Legal", "duel": "Legal", "legacy": "Legal", "modern": "Legal", "paupercommander": "Restricted", "penny": "Legal", "premodern": "Legal", "vintage": "Legal"}, "manaCost": "{1}{R}{R}", "manaValue": 3.0, "name": "Viashino Sandstalker", "number": "8", "power": "4", "printings": ["8ED", "9ED", "MB1", "MGB", "VIS", "WC98"], "purchaseUrls": {"cardmarket": "https://mtgjson.com/links/428bb667f0bd3a59"}, "rarity": "rare", "rulings": [{"date": "2004-10-04", "text": "It is returned to its owner’s hand at the end of any turn in which it is on the battlefield."}], "setCode": "MGB", "subtypes": ["Viashino", "Warrior"], "supertypes": [], "text": "Haste (This creature can attack and {T} as soon as it comes under your control.)\nAt the beginning of the end step, return Viashino Sandstalker to its owner's hand. (Return it only if it's on the battlefield.)", "toughness": "2", "type": "Creature — Viashino Warrior", "types": ["Creature"], "uuid": "555b7353-7dce-5de1-9b37-5672ccf2700d"}, {"artist": "Steve White", "availability": ["paper"], "borderColor": "black", "colorIdentity": ["G"], "colors": ["G"], "convertedManaCost": 4.0, "edhrecRank": 16678, "finishes": ["nonfoil"], "flavorText": "Four gray trees and a long, coiling snake. What am I?\n—Zhalfirin riddle", "foreignData": [], "frameVersion": "1997", "hasFoil": false, "hasNonFoil": true, "identifiers": {"mcmId": "271415", "mcmMetaId": "743", "mtgjsonV4Id": "0024c9c6-623b-5d28-8198-76cce6eaa1c1", "scryfallId": "6b161f83-a0d9-4b65-af36-6d71aa76c912", "scryfallIllustrationId": "8098263f-7cfb-4236-8660-c8f5ae910a4e", "scryfallOracleId": "4ed04ece-64d2-41a4-bf36-b993cbbf2aac"}, "isReprint": true, "isStarter": true, "layout": "normal", "legalities": {"commander": "Legal", "duel": "Legal", "legacy": "Legal", "pauper": "Legal", "paupercommander": "Legal", "penny": "Legal", "premodern": "Legal", "vintage": "Legal"}, "manaCost": "{3}{G}", "manaValue": 4.0, "name": "Bull Elephant", "number": "9", "power": "4", "printings": ["MGB", "VIS"], "purchaseUrls": {"cardmarket": "https://mtgjson.com/links/83338162e9acf047"}, "rarity": "rare", "rulings": [], "setCode": "MGB", "subtypes": ["Elephant"], "supertypes": [], "text": "When Bull Elephant enters the battlefield, sacrifice it unless you return two Forests you control to their owner's hand.", "toughness": "4", "type": "Creature — Elephant", "types": ["Creature"], "uuid": "49a672b8-0695-50df-8a20-dcaa75eb8c64"}, {"artist": "Terese Nielsen", "availability": ["paper"], "borderColor": "black", "colorIdentity": ["G"], "colors": ["G"], "convertedManaCost": 4.0, "edhrecRank": 20375, "finishes": ["nonfoil"], "flavorText": "If you find yourself and a friend being chased by a king cheetah, you have but one chance: Trip your friend.\n—Suq'Ata wisdom", "foreignData": [], "frameVersion": "1997", "hasFoil": false, "hasNonFoil": true, "identifiers": {"mcmId": "271417", "mcmMetaId": "3080", "mtgjsonV4Id": "2b67cc38-0d2f-5593-bf2f-d49c06acc6f2", "scryfallId": "0c607ba1-e133-47f3-a79a-5f0dc8c4b9ac", "scryfallIllustrationId": "5242cf73-84d8-4c86-ad55-e122f8caed99", "scryfallOracleId": "f9ca35e1-24c5-46f4-a666-0dfe2c920e8b"}, "isReprint": true, "isStarter": true, "keywords": ["Flash"], "layout": "normal", "legalities": {"commander": "Legal", "duel": "Legal", "legacy": "Legal", "modern": "Legal", "pauper": "Legal", "paupercommander": "Legal", "penny": "Legal", "premodern": "Legal", "vintage": "Legal"}, "manaCost": "{3}{G}", "manaValue": 4.0, "name": "King Cheetah", "number": "10", "power": "3", "printings": ["9ED", "MGB", "VIS"], "purchaseUrls": {"cardmarket": "https://mtgjson.com/links/85838e18e2e105ac"}, "rarity": "rare", "rulings": [{"date": "2005-08-01", "text": "King Cheetah is always a Creature spell, never an instant, regardless of when you cast it."}], "setCode": "MGB", "subtypes": ["Cat"], "supertypes": [], "text": "Flash", "toughness": "2", "type": "Creature — Cat", "types": ["Creature"], "uuid": "bcf299d6-11c9-53a3-afc4-fa2e7f44ae15"}], "code": "MGB", "isFoilOnly": false, "isNonFoilOnly": true, "isOnlineOnly": false, "keyruneCode": "VIS", "mcmId": 1519, "mcmName": "Multiverse Gift Box", "name": "Multiverse Gift Box", "releaseDate": "1996-11-01", "tokens": [], "totalSetSize": 10, "translations": {}, "type": "box"}
