{"cards": [{"artist": "Una Fricker", "availability": ["paper"], "borderColor": "black", "colorIdentity": [], "colors": [], "convertedManaCost": 0.0, "edhrecRank": 623, "finishes": ["foil"], "flavorText": "\"I will show you fear in a handful of dust.\"\n—T. S. Eliot, \"The Waste Land\"", "foreignData": [], "frameVersion": "1997", "hasFoil": true, "hasNonFoil": false, "identifiers": {"mcmId": "17565", "mtgjsonV4Id": "cb4542ef-9d48-5c70-81fb-c2c62167da77", "scryfallId": "1b04fea2-ef5b-4311-bc52-8222f1501eac", "scryfallIllustrationId": "38cf1045-0520-4a67-a25e-dc7bb3acead6", "scryfallOracleId": "09a70ae8-3859-4a09-901d-dce063fa3b5f", "tcgplayerProductId": "38344"}, "isPromo": true, "isReprint": true, "isStarter": true, "layout": "normal", "legalities": {"commander": "Legal", "duel": "Banned", "legacy": "Legal", "premodern": "Legal", "vintage": "Legal"}, "manaValue": 0.0, "name": "Wasteland", "number": "1", "printings": ["EMA", "EXP", "G10", "J15", "MPR", "OLGC", "PRM", "SLD", "TMP", "TPR", "WC98", "WC99", "ZNE"], "promoTypes": ["playerrewards"], "purchaseUrls": {"tcgplayer": "https://mtgjson.com/links/7e84bcc3fff4233d"}, "rarity": "rare", "rulings": [], "setCode": "MPR", "subtypes": [], "supertypes": [], "text": "{T}: Add {C}.\n{T}, Sacrifice Wasteland: Destroy target nonbasic land.", "type": "Land", "types": ["Land"], "uuid": "78869dd8-d690-59fa-92a2-552d404f0aee"}], "code": "MPR", "isFoilOnly": false, "isOnlineOnly": false, "keyruneCode": "PARL", "name": "Magic Player Rewards 2001", "releaseDate": "2001-01-01", "tokens": [{"artist": "Jeff Laubenstein", "availability": ["paper"], "borderColor": "black", "colorIdentity": ["G"], "colors": ["G"], "finishes": ["nonfoil"], "flavorText": "The nauseating wriggling of a saproling is exceeded only by the nauseating wriggling of its prey.", "frameVersion": "1997", "hasFoil": false, "hasNonFoil": true, "identifiers": {"mtgjsonV4Id": "fb29b9fb-200c-5cae-b1f1-453c0c3ad3b3", "scryfallId": "61587ac5-0cfe-4e5d-baa2-c9a458e40474", "scryfallIllustrationId": "6efeac77-ee47-4957-8f60-a176b42c4609", "scryfallOracleId": "2b7dba01-b08c-4218-9fc1-da55559d9155", "tcgplayerProductId": "78629"}, "isPromo": true, "isReprint": true, "layout": "token", "name": "Saproling", "number": "2", "power": "1", "promoTypes": ["playerrewards"], "reverseRelated": [], "setCode": "MPR", "subtypes": ["Saproling"], "supertypes": [], "toughness": "1", "type": "Token Creature — Saproling", "types": ["Token", "Creature"], "uuid": "b1237530-57d1-5bbb-884b-113ee9439bc7"}, {"artist": "Terese Nielsen", "availability": ["paper"], "borderColor": "black", "colorIdentity": ["G"], "colors": ["G"], "finishes": ["nonfoil"], "flavorText": "It's not slow. It's deciding whether to stomp you or gore you.", "frameVersion": "1997", "hasFoil": false, "hasNonFoil": true, "identifiers": {"mtgjsonV4Id": "5675052c-ef5c-5a0b-b934-665ce76917cd", "scryfallId": "540a3b26-ca61-46c6-9e75-981cae435b2e", "scryfallIllustrationId": "a98649a2-2c4f-414b-9f7c-24802fefd8f4", "scryfallOracleId": "079c46cc-feb0-4998-8593-c8b739afdb82", "tcgplayerProductId": "78621"}, "isPromo": true, "isReprint": true, "layout": "token", "name": "Elephant", "number": "3", "power": "3", "promoTypes": ["playerrewards"], "reverseRelated": [], "setCode": "MPR", "subtypes": ["Elephant"], "supertypes": [], "toughness": "3", "type": "Token Creature — Elephant", "types": ["Token", "Creature"], "uuid": "378f96f3-aed6-5d4a-9f0a-520eccdcb9da"}, {"artist": "Michael Sutfin", "availability": ["paper"], "borderColor": "black", "colorIdentity": ["U"], "colors": ["U"], "finishes": ["nonfoil"], "flavorText": "The landbound envy the birds' ultimate freedom in the sky.", "frameVersion": "1997", "hasFoil": false, "hasNonFoil": true, "identifiers": {"mtgjsonV4Id": "acd9c55f-3079-5957-9f80-04891343babb", "scryfallId": "26e0e196-36e6-4d7a-a76b-1c2a18270267", "scryfallIllustrationId": "f6e7d483-f7bb-4dc9-97e4-b9e8b97a6f60", "scryfallOracleId": "39593ebf-49ee-4a74-8498-952b43fa5127", "tcgplayerProductId": "78618"}, "isPromo": true, "isReprint": true, "keywords": ["Flying"], "layout": "token", "name": "Bird", "number": "4", "power": "1", "promoTypes": ["playerrewards"], "reverseRelated": [], "setCode": "MPR", "subtypes": ["Bird"], "supertypes": [], "text": "Flying", "toughness": "1", "type": "Token Creature — Bird", "types": ["Token", "Creature"], "uuid": "46975349-d474-5b3d-b815-bfce19065623"}, {"artist": "John Matson", "availability": ["paper"], "borderColor": "black", "colorIdentity": ["W"], "colors": ["W"], "finishes": ["nonfoil"], "flavorText": "The joy of rebirth overshadows the sadness of death.", "frameVersion": "1997", "hasFoil": false, "hasNonFoil": true, "identifiers": {"mtgjsonV4Id": "9b91b4d5-ef99-5eaa-96c6-cd0026127735", "scryfallId": "14ef4815-3dfe-47b3-ad81-1506925280d3", "scryfallIllustrationId": "3be8e434-cd01-412b-a0a9-9db10670211c", "scryfallOracleId": "dc4e2134-f0c2-49aa-9ea3-ebf83af1445c", "tcgplayerProductId": "78632"}, "isPromo": true, "isReprint": true, "keywords": ["Flying"], "layout": "token", "name": "Spirit", "number": "5", "power": "1", "promoTypes": ["playerrewards"], "reverseRelated": [], "setCode": "MPR", "subtypes": ["Spirit"], "supertypes": [], "text": "Flying", "toughness": "1", "type": "Token Creature — Spirit", "types": ["Token", "Creature"], "uuid": "4cfdfede-5daa-5297-9b3a-84f5d035d908"}, {"artist": "Ron Spears", "availability": ["paper"], "borderColor": "black", "colorIdentity": ["R", "W"], "colors": ["R", "W"], "finishes": ["nonfoil"], "flavorText": "They rarely question their orders. Of course, they rarely understand them.", "frameVersion": "1997", "hasFoil": false, "hasNonFoil": true, "identifiers": {"mtgjsonV4Id": "d30c2a2e-2a82-5068-a7a8-90682400ca73", "scryfallId": "b3b52233-d240-4be5-bbde-b1e67367ede4", "scryfallIllustrationId": "0088bb04-44ec-41f9-a7e6-b55ed165ec68", "scryfallOracleId": "7b646e97-6c1d-4b37-8e27-82c36f2561e9", "tcgplayerProductId": "78624"}, "isPromo": true, "isReprint": true, "layout": "token", "name": "Goblin Soldier", "number": "6", "power": "1", "promoTypes": ["playerrewards"], "reverseRelated": [], "setCode": "MPR", "subtypes": ["Goblin", "Soldier"], "supertypes": [], "toughness": "1", "type": "Token Creature — Goblin Soldier", "types": ["Token", "Creature"], "uuid": "6588c3aa-084c-547c-ac36-ab6ae00a41cf"}, {"artist": "Heather Hudson", "availability": ["paper"], "borderColor": "black", "colorIdentity": ["G"], "colors": ["G"], "finishes": ["nonfoil"], "flavorText": "The last thing a poacher in the Krosan Forest hears is the brutal sound of claws tearing flesh.", "frameVersion": "1997", "hasFoil": false, "hasNonFoil": true, "identifiers": {"mtgjsonV4Id": "4778be85-9cf9-57a1-ae3c-4874fa72803c", "scryfallId": "0a21bc37-6f21-4dda-a313-a0d75696f7fc", "scryfallIllustrationId": "ada13b1c-381b-4899-aa0f-8436af2e6a3d", "scryfallOracleId": "a62a374d-ccdd-418d-9bcd-5ca8bf9b05e8", "tcgplayerProductId": "78614"}, "isPromo": true, "isReprint": true, "layout": "token", "name": "Bear", "number": "7", "power": "2", "promoTypes": ["playerrewards"], "reverseRelated": [], "setCode": "MPR", "subtypes": ["Bear"], "supertypes": [], "toughness": "2", "type": "Token Creature — Bear", "types": ["Token", "Creature"], "uuid": "18e320e5-9766-5783-b74a-a7208e05068a"}, {"artist": "Larry Elmore", "availability": ["paper"], "borderColor": "black", "colorIdentity": ["G"], "colors": ["G"], "finishes": ["nonfoil"], "flavorText": "When the prey in Krosa no longer satisfied them, the beasts began to hunt their hunters.", "frameVersion": "1997", "hasFoil": false, "hasNonFoil": true, "identifiers": {"mtgjsonV4Id": "1a2f13be-f485-5418-86ce-09d7d174549e", "scryfallId": "ce45e037-5efb-4735-afee-12d7dc3127d1", "scryfallIllustrationId": "d148ee56-5159-4c53-bb42-38636a9fc54e", "scryfallOracleId": "695b14a0-920a-47bd-bd4a-7989862cdd0a", "tcgplayerProductId": "78617"}, "isPromo": true, "isReprint": true, "layout": "token", "name": "Beast", "number": "8", "power": "4", "promoTypes": ["playerrewards"], "reverseRelated": [], "setCode": "MPR", "subtypes": ["Beast"], "supertypes": [], "toughness": "4", "type": "Token Creature — Beast", "types": ["Token", "Creature"], "uuid": "d70f6537-0002-539c-8f70-90be70004e25"}], "totalSetSize": 1, "translations": {}, "type": "promo"}
