{"cards": [{"artist": "Michael Komarck", "availability": ["paper"], "borderColor": "black", "colorIdentity": ["G", "U", "W"], "colors": ["G", "U", "W"], "convertedManaCost": 3.0, "edhrecRank": 2086, "finishes": ["foil"], "foreignData": [], "frameVersion": "2003", "hasFoil": true, "hasNonFoil": false, "identifiers": {"mtgjsonV4Id": "715c0599-9b1a-58c6-bfc0-97f9f49ce06b", "scryfallId": "7b1817d5-11f6-486a-a937-f15e5d8dd2a6", "scryfallIllustrationId": "f3e4c9f8-681b-4afa-8603-4cdccb047c55", "scryfallOracleId": "afa49a09-146f-4439-850e-dd1938c93cef", "tcgplayerProductId": "80118"}, "isOversized": true, "isReprint": true, "isStarter": true, "keywords": ["Flying"], "layout": "normal", "leadershipSkills": {"brawl": false, "commander": true, "oathbreaker": false}, "legalities": {"commander": "Legal", "duel": "Restricted", "legacy": "Legal", "vintage": "Legal"}, "manaCost": "{G}{W}{U}", "manaValue": 3.0, "name": "Derevi, Empyrial Tactician", "number": "186", "power": "2", "printings": ["C13", "CMA", "CMR", "OC13", "PRM"], "purchaseUrls": {"tcgplayer": "https://mtgjson.com/links/263a77332b2001e3"}, "rarity": "mythic", "rulings": [{"date": "2015-01-19", "text": "Derevi, Empyrial Tactician is banned as a commander in Duel Commander format, but it may be part of your deck."}, {"date": "2020-11-10", "text": "You can activate Derevi’s last ability only when it is in the command zone."}, {"date": "2020-11-10", "text": "When you activate Derevi’s last ability, you’re not casting Derevi as a spell. The ability can’t be countered by something that counters only spells. The ability isn’t subject to the commander tax, nor does it increase the tax if you cast Derevi from the command zone later in the game."}], "setCode": "OC13", "subtypes": ["Bird", "Wizard"], "supertypes": ["Legendary"], "text": "Flying\nWhenever Derevi, Empyrial Tactician enters the battlefield or a creature you control deals combat damage to a player, you may tap or untap target permanent.\n{1}{G}{W}{U}: Put Derevi onto the battlefield from the command zone.", "toughness": "3", "type": "Legendary Creature — Bird Wizard", "types": ["Creature"], "uuid": "b396897a-1cb3-5665-9b19-cd63fc1f43f0"}, {"artist": "Brynn Metheney", "availability": ["paper"], "borderColor": "black", "colorIdentity": ["G", "R", "W"], "colors": ["G", "R", "W"], "convertedManaCost": 5.0, "edhrecRank": 4232, "finishes": ["foil"], "flavorText": "He can stir the gentlest spirit to wild ferocity.", "foreignData": [], "frameVersion": "2003", "hasFoil": true, "hasNonFoil": false, "identifiers": {"mtgjsonV4Id": "9bfcff44-24b2-59f0-84a6-676f6332a523", "scryfallId": "8fc19e3c-9d29-4e0d-b6cf-db00d39d8b20", "scryfallIllustrationId": "cf2b6338-5d3f-44d7-9a75-4fef4593d7cb", "scryfallOracleId": "110d5d45-7174-4d1b-9e9c-e1ccd950ee3b", "tcgplayerProductId": "80119"}, "isOversized": true, "isReprint": true, "isStarter": true, "layout": "normal", "leadershipSkills": {"brawl": false, "commander": true, "oathbreaker": false}, "legalities": {"commander": "Legal", "duel": "Legal", "legacy": "Legal", "vintage": "Legal"}, "manaCost": "{2}{R}{G}{W}", "manaValue": 5.0, "name": "Gahiji, Honored One", "number": "191", "power": "4", "printings": ["C13", "OC13"], "purchaseUrls": {"tcgplayer": "https://mtgjson.com/links/8286f3a7479ab95b"}, "rarity": "mythic", "rulings": [], "setCode": "OC13", "subtypes": ["Beast"], "supertypes": ["Legendary"], "text": "Whenever a creature attacks one of your opponents or a planeswalker an opponent controls, that creature gets +2/+0 until end of turn.", "toughness": "4", "type": "Legendary Creature — Beast", "types": ["Creature"], "uuid": "3c1b93cb-3c9f-59a1-af65-7651de6b03c9"}, {"artist": "Cynthia Sheppard", "availability": ["paper"], "borderColor": "black", "colorIdentity": ["B", "R", "U"], "colors": ["B", "R", "U"], "convertedManaCost": 4.0, "edhrecRank": 6481, "finishes": ["foil"], "foreignData": [], "frameVersion": "2003", "hasFoil": true, "hasNonFoil": false, "identifiers": {"mtgjsonV4Id": "351b5caf-f73f-51ce-8dfd-eb9511ab3e58", "scryfallId": "230fe340-b422-45a6-9d1c-8beb28026212", "scryfallIllustrationId": "dd3dddc5-4480-4923-857b-e9c4173ac93c", "scryfallOracleId": "a014f283-c531-415c-ac00-e6773ea5d64d", "tcgplayerProductId": "80120"}, "isOversized": true, "isReprint": true, "isStarter": true, "keywords": ["Flying"], "layout": "normal", "leadershipSkills": {"brawl": false, "commander": true, "oathbreaker": false}, "legalities": {"commander": "Legal", "duel": "Legal", "legacy": "Legal", "vintage": "Legal"}, "manaCost": "{1}{U}{B}{R}", "manaValue": 4.0, "name": "Jeleva, Nephalia's Scourge", "number": "194", "power": "1", "printings": ["C13", "OC13"], "purchaseUrls": {"tcgplayer": "https://mtgjson.com/links/ecf20d85747fccad"}, "rarity": "mythic", "rulings": [{"date": "2013-10-17", "text": "If you cast a card “without paying its mana cost,” you can’t pay alternative costs such as overload costs. However, you can pay additional costs such as kicker costs. If the card has mandatory additional costs, you must pay those."}, {"date": "2013-10-17", "text": "If Jeleva leaves the battlefield, the exiled cards will remain exiled indefinitely. If Jeleva enters the battlefield again, it won’t be associated with the cards the “other” Jeleva exiled. The new Jeleva will exile a new set of cards. Only those cards can be cast using Jeleva’s last ability."}, {"date": "2013-10-17", "text": "The card is cast before blocking creatures are declared."}, {"date": "2013-10-17", "text": "If the card has {X} in its mana cost, you must choose 0 as its value."}, {"date": "2013-10-17", "text": "If you cast an instant or sorcery card using Jeleva’s last ability, you do so while that ability is resolving. If you choose not to (or you can’t), you won’t get a chance to cast it later unless the ability triggers again."}, {"date": "2013-10-17", "text": "When casting an instant or sorcery card this way, ignore all timing restrictions based on the card’s type. Other timing restrictions, such as “Cast [this spell] only during combat,” must be followed."}, {"date": "2014-02-01", "text": "The amount of mana you spent to cast this creature is usually equal to its converted mana cost. However, you also include any additional costs you pay, including the cost imposed for casting your commander from the command zone."}, {"date": "2014-02-01", "text": "You can’t choose to pay extra mana to cast a creature spell unless something instructs you to."}, {"date": "2014-02-01", "text": "If Jeleva enters the battlefield without being cast, then no mana was spent to cast it. This means X will be 0, so no cards will be exiled."}], "setCode": "OC13", "subtypes": ["Vampire", "Wizard"], "supertypes": ["Legendary"], "text": "Flying\nWhen Jeleva, Nephalia's Scourge enters the battlefield, each player exiles the top X cards of their library, where X is the amount of mana spent to cast Jeleva.\nWhenever Jeleva attacks, you may cast an instant or sorcery spell from among cards exiled with Jeleva without paying its mana cost.", "toughness": "3", "type": "Legendary Creature — Vampire Wizard", "types": ["Creature"], "uuid": "0dccb494-f661-5825-872e-b6e03491ab90"}, {"artist": "Tyler Jacobson", "availability": ["paper"], "borderColor": "black", "colorIdentity": ["G", "R", "W"], "colors": ["G", "R", "W"], "convertedManaCost": 3.0, "edhrecRank": 6551, "finishes": ["foil"], "foreignData": [], "frameVersion": "2003", "hasFoil": true, "hasNonFoil": false, "identifiers": {"mtgjsonV4Id": "5addd23e-116c-59cc-893e-ba70478f8b74", "scryfallId": "bd139009-fe5d-4189-8cde-a68ede6283fc", "scryfallIllustrationId": "852bf25c-29e8-4fab-a033-35f88cfdc017", "scryfallOracleId": "fae87115-8749-4d25-a594-7139dd01a034", "tcgplayerProductId": "80121"}, "isOversized": true, "isReprint": true, "isStarter": true, "layout": "normal", "leadershipSkills": {"brawl": false, "commander": true, "oathbreaker": false}, "legalities": {"commander": "Legal", "duel": "Restricted", "legacy": "Legal", "vintage": "Legal"}, "manaCost": "{R}{G}{W}", "manaValue": 3.0, "name": "Marath, Will of the Wild", "number": "198", "power": "0", "printings": ["C13", "CMR", "OC13", "PRM"], "purchaseUrls": {"tcgplayer": "https://mtgjson.com/links/75b87c43175bc45b"}, "rarity": "mythic", "rulings": [{"date": "2014-02-01", "text": "The amount of mana you spent to cast this creature is usually equal to its converted mana cost. However, you also include any additional costs you pay, including the cost imposed for casting your commander from the command zone."}, {"date": "2014-02-01", "text": "You can’t choose to pay extra mana to cast a creature spell unless something instructs you to."}, {"date": "2014-02-01", "text": "If Marath enters the battlefield without being cast, then no mana was spent to cast it. It will therefore enter the battlefield without any +1/+1 counters. If no other effects are increasing its toughness at that time, it will subsequently be put into its owner’s graveyard as a state-based action."}, {"date": "2015-01-19", "text": "Marath, Will of the Wild is banned as a commander in Duel Commander format, but it may be part of your deck."}, {"date": "2020-11-10", "text": "You announce the value of X as you activate the ability, and all instances of X in the activation cost are equal to the announced value. For example, if you choose 2 as the value of X, then you pay 2 and remove two +1/+1 counters to pay the cost."}], "setCode": "OC13", "subtypes": ["Elemental", "Beast"], "supertypes": ["Legendary"], "text": "Marath, Will of the Wild enters the battlefield with a number of +1/+1 counters on it equal to the amount of mana spent to cast it.\n{X}, Remove X +1/+1 counters from Marath: Choose one —\n• Put X +1/+1 counters on target creature. X can't be 0.\n• Marath deals X damage to any target. X can't be 0.\n• Create an X/X green Elemental creature token. X can't be 0.", "toughness": "0", "type": "Legendary Creature — Elemental Beast", "types": ["Creature"], "uuid": "cb60648f-14e2-59d6-86c5-aa9a6aab1161"}, {"artist": "Jason Chan", "availability": ["paper"], "borderColor": "black", "colorIdentity": ["G", "R", "W"], "colors": ["G", "R", "W"], "convertedManaCost": 3.0, "edhrecRank": 6066, "finishes": ["foil"], "flavorText": "The sacred Anima's eyes are blind to all but the grandest truths.", "foreignData": [], "frameVersion": "2003", "hasFoil": true, "hasNonFoil": false, "identifiers": {"mtgjsonV4Id": "a352aa72-8aed-5efd-830e-89f8d1d55f01", "scryfallId": "3d2eb803-ccb3-4594-a737-7b8c844b9409", "scryfallIllustrationId": "968ddd02-0942-41f4-8f2c-58ffb2ec2681", "scryfallOracleId": "7f546d54-584d-4bec-8fbb-1ea2f8ab277e"}, "isOversized": true, "isReprint": true, "isStarter": true, "layout": "normal", "leadershipSkills": {"brawl": false, "commander": true, "oathbreaker": false}, "legalities": {"commander": "Legal", "duel": "Legal", "legacy": "Legal", "modern": "Legal", "penny": "Legal", "vintage": "Legal"}, "manaCost": "{R}{G}{W}", "manaValue": 3.0, "name": "Mayael the Anima", "number": "199", "power": "2", "printings": ["ALA", "C13", "OC13", "OCM1"], "purchaseUrls": {}, "rarity": "mythic", "rulings": [], "setCode": "OC13", "subtypes": ["Elf", "Shaman"], "supertypes": ["Legendary"], "text": "{3}{R}{G}{W}, {T}: Look at the top five cards of your library. You may put a creature card with power 5 or greater from among them onto the battlefield. Put the rest on the bottom of your library in any order.", "toughness": "3", "type": "Legendary Creature — Elf Shaman", "types": ["Creature"], "uuid": "796ba6d3-376c-5885-a12a-512ff9b79140"}, {"artist": "Mark Winters", "availability": ["paper"], "borderColor": "black", "colorIdentity": ["B", "R", "U"], "colors": ["B", "R", "U"], "convertedManaCost": 5.0, "edhrecRank": 2967, "finishes": ["foil"], "flavorText": "His enemies wondered if the lich king's brutal death and unnatural rebirth had been his plan all along.", "foreignData": [], "frameVersion": "2003", "hasFoil": true, "hasNonFoil": false, "identifiers": {"mtgjsonV4Id": "dcd1ec67-4410-540f-ac97-35094c248897", "scryfallId": "644de2a8-1684-4019-9780-bf8be8711534", "scryfallIllustrationId": "ac890f29-b963-485c-ada3-23c6abc60c3a", "scryfallOracleId": "8a5e3c8e-8e22-49b9-8ee5-4a36361f0da6", "tcgplayerProductId": "80123"}, "isOversized": true, "isReprint": true, "isStarter": true, "layout": "normal", "leadershipSkills": {"brawl": false, "commander": true, "oathbreaker": false}, "legalities": {"commander": "Legal", "duel": "Legal", "legacy": "Legal", "penny": "Legal", "vintage": "Legal"}, "manaCost": "{2}{U}{B}{R}", "manaValue": 5.0, "name": "Nekusar, the Mindrazer", "number": "201", "power": "2", "printings": ["C13", "CMR", "J14", "OC13", "PRM"], "purchaseUrls": {"tcgplayer": "https://mtgjson.com/links/46b5d83e7482797e"}, "rarity": "mythic", "rulings": [{"date": "2020-11-10", "text": "If a spell or ability causes you to put cards into your hand without specifically using the word “draw,” it doesn’t count as drawing cards and it doesn’t cause Nekusar’s second ability to trigger."}], "setCode": "OC13", "subtypes": ["Zombie", "Wizard"], "supertypes": ["Legendary"], "text": "At the beginning of each player's draw step, that player draws an additional card.\nWhenever an opponent draws a card, Nekusar, the Mindrazer deals 1 damage to that player.", "toughness": "4", "type": "Legendary Creature — Zombie Wizard", "types": ["Creature"], "uuid": "d000d8c7-c11f-53c5-8cf4-08f96202c55b"}, {"artist": "Eric Deschamps", "availability": ["paper"], "borderColor": "black", "colorIdentity": ["B", "U", "W"], "colors": ["B", "U", "W"], "convertedManaCost": 6.0, "edhrecRank": 3523, "finishes": ["foil"], "foreignData": [], "frameVersion": "2003", "hasFoil": true, "hasNonFoil": false, "identifiers": {"mcmId": "265351", "mtgjsonV4Id": "8a5844bf-a525-515c-8aa0-c84010e1de25", "scryfallId": "56e71e79-d340-4518-b42a-097785bfd06c", "scryfallIllustrationId": "8b20b731-880f-4b85-a994-229ae95d5041", "scryfallOracleId": "620ff5f2-7d3f-467f-943d-3b62c2135023", "tcgplayerProductId": "80124"}, "isOversized": true, "isReprint": true, "isStarter": true, "layout": "normal", "leadershipSkills": {"brawl": false, "commander": true, "oathbreaker": false}, "legalities": {"commander": "Legal", "duel": "Restricted", "legacy": "Legal", "vintage": "Legal"}, "manaCost": "{3}{W}{U}{B}", "manaValue": 6.0, "name": "Oloro, Ageless Ascetic", "number": "203", "power": "4", "printings": ["C13", "J14", "OC13", "PLIST", "PRM"], "purchaseUrls": {"tcgplayer": "https://mtgjson.com/links/48b8ad8db639bf29"}, "rarity": "mythic", "rulings": [{"date": "2013-10-17", "text": "If Oloro is your commander, its last ability will trigger at the beginning of the upkeep step on your first turn."}, {"date": "2013-10-17", "text": "Oloro’s second ability triggers just once for each life-gaining event, no matter how much life is gained."}, {"date": "2013-10-17", "text": "You decide whether to pay {1} as the second ability resolves. If you do, you’ll draw a card and each opponent will lose 1 life."}, {"date": "2013-10-17", "text": "Oloro’s first ability works only if Oloro is on the battlefield."}, {"date": "2013-10-17", "text": "In some unusual cases, you can gain life even though your life total actually decreases. For example, if you are being attacked by two 3/3 creatures and you block one with a 2/2 creature with lifelink, your life total will decrease by 1 even though you’ve gained 2 life. Oloro’s second ability would trigger."}, {"date": "2013-10-17", "text": "In a Two-Headed Giant game, life gained by your teammate won’t cause the ability to trigger, even though it causes your team’s life total to increase."}, {"date": "2013-10-17", "text": "If two creatures you control with lifelink deal combat damage at the same time, Oloro’s ability will trigger twice. However, if a single creature with lifelink deals combat damage to multiple creatures, players, and/or planeswalkers at the same time (perhaps because it has trample or was blocked by more than one creature), the ability will trigger only once."}, {"date": "2015-01-19", "text": "Oloro, Ageless Ascetic is banned as a commander in Duel Commander format, but it may be part of your deck."}], "setCode": "OC13", "subtypes": ["Giant", "Soldier"], "supertypes": ["Legendary"], "text": "At the beginning of your upkeep, you gain 2 life.\nWhenever you gain life, you may pay {1}. If you do, draw a card and each opponent loses 1 life.\nAt the beginning of your upkeep, if Oloro, Ageless Ascetic is in the command zone, you gain 2 life.", "toughness": "5", "type": "Legendary Creature — Giant Soldier", "types": ["Creature"], "uuid": "683b119a-ece1-5c37-b451-ab64cbf75498"}, {"artist": "Todd Lockwood", "availability": ["paper"], "borderColor": "black", "colorIdentity": ["B", "G", "R"], "colors": ["B", "G", "R"], "convertedManaCost": 6.0, "edhrecRank": 2904, "finishes": ["foil"], "foreignData": [], "frameVersion": "2003", "hasFoil": true, "hasNonFoil": false, "identifiers": {"mtgjsonV4Id": "eb83ae3e-8aca-5ddf-b4db-748f2c04a228", "scryfallId": "e6d5e182-1c99-475e-9468-5ed2fb4bfd71", "scryfallIllustrationId": "b96b45bc-5bc9-4578-8789-4833d820a6b7", "scryfallOracleId": "868882d2-ed4e-4171-a17c-478a341080fb", "tcgplayerProductId": "80125"}, "isOversized": true, "isReprint": true, "isStarter": true, "keywords": ["Flying"], "layout": "normal", "leadershipSkills": {"brawl": false, "commander": true, "oathbreaker": false}, "legalities": {"commander": "Legal", "duel": "Legal", "legacy": "Legal", "vintage": "Legal"}, "manaCost": "{3}{B}{R}{G}", "manaValue": 6.0, "name": "Prossh, Skyraider of Kher", "number": "204", "power": "5", "printings": ["A25", "C13", "CMR", "OC13", "PRM"], "purchaseUrls": {"tcgplayer": "https://mtgjson.com/links/66ce1769e73b4aec"}, "rarity": "mythic", "rulings": [{"date": "2020-11-10", "text": "The amount of mana you spent to cast this creature is usually equal to its converted mana cost. However, you also include any additional costs you pay, including the commander tax."}, {"date": "2020-11-10", "text": "You can’t choose to pay extra mana to cast a creature spell unless something instructs you to."}, {"date": "2020-11-10", "text": "The first ability triggers when you cast Prossh, not when it enters the battlefield. This means that it will resolve before Prossh, so any Kobold tokens it creates will be put onto the battlefield before Prossh. If Prossh enters the battlefield without being cast, the ability will not trigger."}], "setCode": "OC13", "subtypes": ["Dragon"], "supertypes": ["Legendary"], "text": "When you cast this spell, create X 0/1 red Kobold creature tokens named Kobolds of Kher Keep, where X is the amount of mana spent to cast it.\nFlying\nSacrifice another creature: Prossh, Skyraider of Kher gets +1/+0 until end of turn.", "toughness": "5", "type": "Legendary Creature — Dragon", "types": ["Creature"], "uuid": "6f87f9d0-633e-5827-8dbc-66aad8f1db04"}, {"artist": "Steve Prescott", "availability": ["paper"], "borderColor": "black", "colorIdentity": ["G", "U", "W"], "colors": ["G", "U", "W"], "convertedManaCost": 5.0, "edhrecRank": 4684, "finishes": ["foil"], "flavorText": "\"Time and space are just new battlefields to be mastered.\"", "foreignData": [], "frameVersion": "2003", "hasFoil": true, "hasNonFoil": false, "identifiers": {"mtgjsonV4Id": "eb2f331f-ca09-5f69-bf92-e3a5c7a24035", "scryfallId": "3045053c-9a90-4caa-9096-9256bf007d3a", "scryfallIllustrationId": "89ae58dd-0a84-4c05-b3e5-0e4a3aa8505a", "scryfallOracleId": "fd336830-4a11-42b8-9fc7-d7526f569124", "tcgplayerProductId": "80126"}, "isOversized": true, "isReprint": true, "isStarter": true, "keywords": ["Trample", "Vigilance"], "layout": "normal", "leadershipSkills": {"brawl": false, "commander": true, "oathbreaker": false}, "legalities": {"commander": "Legal", "duel": "Legal", "legacy": "Legal", "vintage": "Legal"}, "manaCost": "{2}{G}{W}{U}", "manaValue": 5.0, "name": "Roon of the Hidden Realm", "number": "206", "power": "4", "printings": ["C13", "CMA", "OC13"], "purchaseUrls": {"tcgplayer": "https://mtgjson.com/links/092fa22c14348fbb"}, "rarity": "mythic", "rulings": [{"date": "2013-10-17", "text": "If Roon of the Hidden Realm’s ability targets a commander, that card’s owner may choose to have it go to the command zone rather than being exiled. The delayed triggered ability will return it to the battlefield no matter which of the two zones it went to, as long as it’s still in that zone when that triggered ability resolves."}], "setCode": "OC13", "subtypes": ["Rhino", "Soldier"], "supertypes": ["Legendary"], "text": "Vigilance, trample\n{2}, {T}: Exile another target creature. Return that card to the battlefield under its owner's control at the beginning of the next end step.", "toughness": "4", "type": "Legendary Creature — Rhino Soldier", "types": ["Creature"], "uuid": "6f73980a-74a2-55a7-8d8c-9e6290e4ea6b"}, {"artist": "Cynthia Sheppard", "availability": ["paper"], "borderColor": "black", "colorIdentity": ["G", "U", "W"], "colors": ["G", "U", "W"], "convertedManaCost": 5.0, "edhrecRank": 8532, "finishes": ["foil"], "flavorText": "\"Take up the quill, and feel your future flow into the runes.\"", "foreignData": [], "frameVersion": "2003", "hasFoil": true, "hasNonFoil": false, "identifiers": {"mtgjsonV4Id": "8c22da40-647e-5f8b-9ef3-0273b8d4df78", "scryfallId": "f84e8134-d0c1-40bc-8606-42ec598c1405", "scryfallIllustrationId": "0665c758-7343-405f-882d-b928f1ee8183", "scryfallOracleId": "bd3eeaba-964b-49ea-bb11-5875a78b8a4c", "tcgplayerProductId": "80127"}, "isOversized": true, "isReprint": true, "isStarter": true, "layout": "normal", "leadershipSkills": {"brawl": false, "commander": true, "oathbreaker": false}, "legalities": {"commander": "Legal", "duel": "Legal", "legacy": "Legal", "penny": "Legal", "premodern": "Legal", "vintage": "Legal"}, "manaCost": "{2}{G}{W}{U}", "manaValue": 5.0, "name": "Rubinia Soulsinger", "number": "207", "power": "2", "printings": ["C13", "CHR", "CMA", "LEG", "ME3", "OC13", "TD0"], "purchaseUrls": {"tcgplayer": "https://mtgjson.com/links/6d8a37a8a0fb786d"}, "rarity": "rare", "rulings": [{"date": "2009-10-01", "text": "If Rubinia Soulsinger leaves the battlefield, you no longer control it, so the duration of its control-change effect ends."}, {"date": "2009-10-01", "text": "If Rubinia Soulsinger stops being tapped before its ability resolves — even if it becomes tapped again right away — you won’t gain control of the targeted creature at all. The same is true if you lose control of Rubinia Soulsinger before the ability resolves."}, {"date": "2009-10-01", "text": "Once the ability resolves, it doesn’t care whether the targeted permanent remains a legal target for the ability, only that it’s on the battlefield. The effect will continue to apply to it even if it gains shroud, stops being a creature, or would no longer be a legal target for any other reason."}], "setCode": "OC13", "subtypes": ["Faerie"], "supertypes": ["Legendary"], "text": "You may choose not to untap Rubinia Soulsinger during your untap step.\n{T}: Gain control of target creature for as long as you control Rubinia and Rubinia remains tapped.", "toughness": "3", "type": "Legendary Creature — Faerie", "types": ["Creature"], "uuid": "b22a8107-d35c-5863-9a45-34f1c59d2421"}, {"artist": "Jesper Ejsing", "availability": ["paper"], "borderColor": "black", "colorIdentity": ["B", "G", "R"], "colors": ["B", "G", "R"], "convertedManaCost": 5.0, "edhrecRank": 7385, "finishes": ["foil"], "flavorText": "The orcs believe Sek'Kuar still lives in the Karplusan Mountains, gathering his dead army, intent on revenge.", "foreignData": [], "frameVersion": "2003", "hasFoil": true, "hasNonFoil": false, "identifiers": {"mtgjsonV4Id": "b9973dde-6762-54c3-aa6c-c00b1544f89b", "scryfallId": "3832ba9c-fe62-4b90-ae32-bde347a4c16f", "scryfallIllustrationId": "4d7ff7e7-b6ad-4d13-9050-844166cf9029", "scryfallOracleId": "94426127-65c2-435e-ba92-423a3c102061", "tcgplayerProductId": "80128"}, "isOversized": true, "isReprint": true, "isStarter": true, "layout": "normal", "leadershipSkills": {"brawl": false, "commander": true, "oathbreaker": false}, "legalities": {"commander": "Legal", "duel": "Legal", "legacy": "Legal", "modern": "Legal", "penny": "Legal", "vintage": "Legal"}, "manaCost": "{2}{B}{R}{G}", "manaValue": 5.0, "name": "Sek'Kuar, Deathkeeper", "number": "210", "power": "4", "printings": ["C13", "CSP", "OC13"], "purchaseUrls": {"tcgplayer": "https://mtgjson.com/links/5d5dd10140c169a4"}, "rarity": "rare", "rulings": [], "setCode": "OC13", "subtypes": ["Orc", "Shaman"], "supertypes": ["Legendary"], "text": "Whenever another nontoken creature you control dies, create a 3/1 black and red Graveborn creature token with haste.", "toughness": "3", "type": "Legendary Creature — Orc Shaman", "types": ["Creature"], "uuid": "f42cf514-87e0-5540-a6cb-356b6acd4d2c"}, {"artist": "Izzy", "availability": ["paper"], "borderColor": "black", "colorIdentity": ["B", "U", "W"], "colors": ["B", "U", "W"], "convertedManaCost": 6.0, "edhrecRank": 2941, "finishes": ["foil"], "flavorText": "To gain audience with the hegemon, one must bring a riddle she has not heard.", "foreignData": [], "frameVersion": "2003", "hasFoil": true, "hasNonFoil": false, "identifiers": {"mtgjsonV4Id": "d30297e5-0cb5-5490-b539-9623ecd56c43", "scryfallId": "a3d0357a-1230-4ca9-8453-e83fc417a949", "scryfallIllustrationId": "e9eaf5af-1d71-4eb5-9b50-fb5aec2de3e5", "scryfallOracleId": "037e7fc9-3aa6-484c-a2c8-43009e45f1d8", "tcgplayerProductId": "80129"}, "isOversized": true, "isReprint": true, "isStarter": true, "keywords": ["Flying"], "layout": "normal", "leadershipSkills": {"brawl": false, "commander": true, "oathbreaker": false}, "legalities": {"commander": "Legal", "duel": "Legal", "legacy": "Legal", "modern": "Legal", "penny": "Legal", "vintage": "Legal"}, "manaCost": "{3}{W}{U}{B}", "manaValue": 6.0, "name": "Sharuum the Hegemon", "number": "212", "power": "5", "printings": ["2XM", "ALA", "C13", "C16", "OC13", "V11"], "purchaseUrls": {"tcgplayer": "https://mtgjson.com/links/ca0d4286a4cc2929"}, "rarity": "mythic", "rulings": [], "setCode": "OC13", "subtypes": ["Sphinx"], "supertypes": ["Legendary"], "text": "Flying\nWhen Sharuum the Hegemon enters the battlefield, you may return target artifact card from your graveyard to the battlefield.", "toughness": "5", "type": "Legendary Artifact Creature — Sphinx", "types": ["Artifact", "Creature"], "uuid": "5ea39b23-1269-5d82-a2d2-ad400aed029b"}, {"artist": "Kev Walker", "availability": ["paper"], "borderColor": "black", "colorIdentity": ["B", "G", "R"], "colors": ["B", "G", "R"], "convertedManaCost": 4.0, "edhrecRank": 6562, "finishes": ["foil"], "foreignData": [], "frameVersion": "2003", "hasFoil": true, "hasNonFoil": false, "identifiers": {"mtgjsonV4Id": "4def54ea-6be2-5daa-a5cf-ff2480bb3092", "scryfallId": "e5dde734-16ec-4f05-a659-7cc6efa9c8d2", "scryfallIllustrationId": "fe1f60d6-a129-40eb-a653-6080fbf6afe4", "scryfallOracleId": "7fb63d9a-8d90-4b43-8390-924de2d7e32c", "tcgplayerProductId": "80130"}, "isOversized": true, "isReprint": true, "isStarter": true, "layout": "normal", "leadershipSkills": {"brawl": false, "commander": true, "oathbreaker": false}, "legalities": {"commander": "Legal", "duel": "Legal", "legacy": "Legal", "vintage": "Legal"}, "manaCost": "{1}{B}{R}{G}", "manaValue": 4.0, "name": "Shattergang Brothers", "number": "213", "power": "3", "printings": ["C13", "OC13"], "purchaseUrls": {"tcgplayer": "https://mtgjson.com/links/488ee223eaae4652"}, "rarity": "mythic", "rulings": [], "setCode": "OC13", "subtypes": ["Goblin", "Artificer"], "supertypes": ["Legendary"], "text": "{2}{B}, Sacrifice a creature: Each other player sacrifices a creature.\n{2}{R}, Sacrifice an artifact: Each other player sacrifices an artifact.\n{2}{G}, Sacrifice an enchantment: Each other player sacrifices an enchantment.", "toughness": "3", "type": "Legendary Creature — Goblin Artificer", "types": ["Creature"], "uuid": "9371173e-4878-51e4-9ad3-9fb1949a7387"}, {"artist": "Terese Nielsen", "availability": ["paper"], "borderColor": "black", "colorIdentity": ["B", "U", "W"], "colors": ["B", "U", "W"], "convertedManaCost": 3.0, "edhrecRank": 5492, "finishes": ["foil"], "foreignData": [], "frameVersion": "2003", "hasFoil": true, "hasNonFoil": false, "identifiers": {"mtgjsonV4Id": "a162ebaf-175c-5821-a6af-ce4df6c9ad89", "scryfallId": "757473a8-b2cc-47be-a39b-809f3e04d3ea", "scryfallIllustrationId": "f74dc623-0cf4-42bd-ba0a-fc48574cc07f", "scryfallOracleId": "4e92d36b-1a35-4fa9-87ea-10eace5a3cc7", "tcgplayerProductId": "126163"}, "isOversized": true, "isReprint": true, "isStarter": true, "layout": "normal", "leadershipSkills": {"brawl": false, "commander": true, "oathbreaker": false}, "legalities": {"commander": "Legal", "duel": "Legal", "legacy": "Legal", "vintage": "Legal"}, "manaCost": "{W}{U}{B}", "manaValue": 3.0, "name": "Sydri, Galvanic Genius", "number": "220", "power": "2", "printings": ["C13", "C16", "OC13"], "purchaseUrls": {"tcgplayer": "https://mtgjson.com/links/e61970f35a26c343"}, "rarity": "mythic", "rulings": [{"date": "2013-10-17", "text": "A noncreature permanent that turns into a creature can attack, and its {T} abilities can be activated, only if its controller has continuously controlled that permanent since the beginning of their most recent turn. It doesn’t matter how long the permanent has been a creature."}, {"date": "2013-10-17", "text": "If the noncreature artifact had any other supertypes, types, or subtypes, it will keep those. In most cases, the artifact creature won’t have any creature types."}, {"date": "2013-10-17", "text": "If an Equipment attached to a creature becomes a creature, it becomes unattached. An Equipment that is also a creature can’t equip another creature."}, {"date": "2013-10-17", "text": "Multiple instances of deathtouch or lifelink on the same creature are redundant."}], "setCode": "OC13", "subtypes": ["Human", "Artificer"], "supertypes": ["Legendary"], "text": "{U}: Target noncreature artifact becomes an artifact creature with power and toughness each equal to its mana value until end of turn.\n{W}{B}: Target artifact creature gains deathtouch and lifelink until end of turn.", "toughness": "2", "type": "Legendary Creature — Human Artificer", "types": ["Creature"], "uuid": "54c9f899-c99b-56df-b45a-7b79ff2da9b5"}, {"artist": "Raymond Swanland", "availability": ["paper"], "borderColor": "black", "colorIdentity": ["B", "R", "U"], "colors": ["B", "R", "U"], "convertedManaCost": 7.0, "edhrecRank": 5836, "finishes": ["foil"], "flavorText": "His name means \"he who paints the earth red.\"", "foreignData": [], "frameVersion": "2003", "hasFoil": true, "hasNonFoil": false, "identifiers": {"mtgjsonV4Id": "aad4ce4b-79af-5b99-b80a-6cb665158c99", "scryfallId": "7574ea35-6bd8-4615-b42a-6d90408aba23", "scryfallIllustrationId": "73dbb8eb-0e46-4421-8ce9-54e5d59a2b7d", "scryfallOracleId": "9e0e4217-fefe-48dd-9153-032460192b19", "tcgplayerProductId": "82822"}, "isOversized": true, "isReprint": true, "isStarter": true, "keywords": ["Haste"], "layout": "normal", "leadershipSkills": {"brawl": false, "commander": true, "oathbreaker": false}, "legalities": {"commander": "Legal", "duel": "Legal", "legacy": "Legal", "modern": "Legal", "penny": "Legal", "vintage": "Legal"}, "manaCost": "{4}{U}{B}{R}", "manaValue": 7.0, "name": "Thraximundar", "number": "221", "power": "6", "printings": ["ARB", "C13", "OC13", "SLD"], "purchaseUrls": {"tcgplayer": "https://mtgjson.com/links/cc6561864b37d2fe"}, "rarity": "mythic", "rulings": [{"date": "2009-05-01", "text": "Thraximundar’s middle ability resolves during the declare attackers step. The defending player sacrifices a creature before it would get a chance to block."}, {"date": "2009-05-01", "text": "Thraximundar’s last ability triggers whenever any player (including you) sacrifices a creature for any reason. It doesn’t trigger only when a creature is sacrificed due to its middle ability. Note that Thraximundar itself doesn’t allow you to sacrifice any creatures."}], "setCode": "OC13", "subtypes": ["Zombie", "Assassin"], "supertypes": ["Legendary"], "text": "Haste\nWhenever Thraximundar attacks, defending player sacrifices a creature.\nWhenever a player sacrifices a creature, you may put a +1/+1 counter on Thraximundar.", "toughness": "6", "type": "Legendary Creature — Zombie Assassin", "types": ["Creature"], "uuid": "8aa9ad7a-d9b7-50c9-a82c-e2eb51a576c8"}], "code": "OC13", "isFoilOnly": true, "isOnlineOnly": false, "keyruneCode": "C13", "name": "Commander 2013 Oversized", "parentCode": "C13", "releaseDate": "2013-11-01", "tokens": [], "totalSetSize": 15, "translations": {}, "type": "memorabilia"}
