{"cards": [{"artist": "Jesper Ejsing", "availability": ["paper"], "borderColor": "black", "colorIdentity": ["G", "W"], "colors": ["G", "W"], "convertedManaCost": 5.0, "edhrecRank": 3776, "finishes": ["foil"], "foreignData": [], "frameVersion": "2015", "hasFoil": true, "hasNonFoil": false, "identifiers": {"mtgjsonV4Id": "324097a2-5545-5df6-a91c-0f674adf64b5", "scryfallId": "b298584e-eab0-41c6-a868-3bf72f41bf2c", "scryfallIllustrationId": "2346f3c3-0268-4100-9341-dfe95d22d9c6", "scryfallOracleId": "66944a11-40a1-4f3a-9f83-52324e0edfef", "tcgplayerProductId": "141736"}, "isOversized": true, "isReprint": true, "isStarter": true, "keywords": ["Eminence"], "layout": "normal", "leadershipSkills": {"brawl": false, "commander": true, "oathbreaker": false}, "legalities": {"commander": "Legal", "duel": "Restricted", "legacy": "Legal", "vintage": "Legal"}, "manaCost": "{3}{G}{W}", "manaValue": 5.0, "name": "Arahbo, Roar of the World", "number": "35", "power": "5", "printings": ["C17", "OC17", "PZ2", "SLD"], "purchaseUrls": {"tcgplayer": "https://mtgjson.com/links/7dabdb0aed5291f3"}, "rarity": "mythic", "rulings": [{"date": "2017-08-25", "text": "Once either of Arahbo’s triggered abilities has resolved, the affected Cat keeps its bonus even if Arahbo changes zones later in the turn."}, {"date": "2017-08-25", "text": "The value of X is determined only as Arahbo’s last ability resolves. If the attacking Cat’s power is negative at that time, X is 0."}, {"date": "2017-08-25", "text": "If multiple Cats attack, Arahbo’s last ability triggers that many times. You may pay {1}{G}{W} each time one resolves."}, {"date": "2017-08-25", "text": "While resolving Arahbo’s last ability, you can’t pay {1}{G}{W} multiple times to multiply the effect for one Cat."}, {"date": "2017-08-25", "text": "If a Cat you control enters the battlefield attacking, it won’t cause Arahbo’s last ability to trigger."}, {"date": "2017-08-25", "text": "Three eminence abilities are triggered abilities. That creature must be on the battlefield or in the command zone as the trigger event occurs and also as the triggered ability resolves. If the creature is in an appropriate zone as the trigger event occurs but leaves that zone, the ability won’t do anything as it resolves."}, {"date": "2017-08-25", "text": "Notably, if your commander is on the battlefield and its eminence ability triggers, but it’s put into the command zone before that ability resolves, that ability won’t do anything as it resolves. This is because an object that changes zones is considered a new object."}], "setCode": "OC17", "subtypes": ["Cat", "Avatar"], "supertypes": ["Legendary"], "text": "Eminence — At the beginning of combat on your turn, if Arahbo, Roar of the World is in the command zone or on the battlefield, another target Cat you control gets +3/+3 until end of turn.\nWhenever another Cat you control attacks, you may pay {1}{G}{W}. If you do, it gains trample and gets +X/+X until end of turn, where X is its power.", "toughness": "5", "type": "Legendary Creature — Cat Avatar", "types": ["Creature"], "uuid": "e278778c-7e44-5906-b9a9-47d61a10063a"}, {"artist": "Volkan Baǵa", "availability": ["paper"], "borderColor": "black", "colorIdentity": ["B", "R", "W"], "colors": ["B", "R", "W"], "convertedManaCost": 6.0, "edhrecRank": 2656, "finishes": ["foil"], "foreignData": [], "frameVersion": "2015", "hasFoil": true, "hasNonFoil": false, "identifiers": {"mtgjsonV4Id": "f98f164d-2712-56a7-830f-a523e5d704bb", "scryfallId": "61cbfcac-11ea-4c18-acfb-4a3ce11b739a", "scryfallIllustrationId": "a02c582b-eba0-4409-bf60-906bca2018df", "scryfallOracleId": "41e2790d-49f5-4e98-b8d9-04179f47f13a", "tcgplayerProductId": "141737"}, "isOversized": true, "isReprint": true, "isStarter": true, "keywords": ["Eminence", "First strike", "Haste"], "layout": "normal", "leadershipSkills": {"brawl": false, "commander": true, "oathbreaker": false}, "legalities": {"commander": "Legal", "duel": "Restricted", "legacy": "Legal", "vintage": "Legal"}, "manaCost": "{3}{R}{W}{B}", "manaValue": 6.0, "name": "Edgar Markov", "number": "36", "power": "4", "printings": ["C17", "OC17", "PJ21", "PZ2"], "purchaseUrls": {"tcgplayer": "https://mtgjson.com/links/1d4fef672f95a135"}, "rarity": "mythic", "rulings": [{"date": "2017-08-25", "text": "Edgar Markov’s last ability puts a +1/+1 counter on each Vampire you control, including itself and Vampires you control that aren’t attacking."}, {"date": "2017-08-25", "text": "Three eminence abilities are triggered abilities. That creature must be on the battlefield or in the command zone as the trigger event occurs and also as the triggered ability resolves. If the creature is in an appropriate zone as the trigger event occurs but leaves that zone, the ability won’t do anything as it resolves."}, {"date": "2017-08-25", "text": "Notably, if your commander is on the battlefield and its eminence ability triggers, but it’s put into the command zone before that ability resolves, that ability won’t do anything as it resolves. This is because an object that changes zones is considered a new object."}], "setCode": "OC17", "subtypes": ["Vampire", "Knight"], "supertypes": ["Legendary"], "text": "Eminence — Whenever you cast another Vampire spell, if Edgar Markov is in the command zone or on the battlefield, create a 1/1 black Vampire creature token.\nFirst strike, haste\nWhenever Edgar Markov attacks, put a +1/+1 counter on each Vampire you control.", "toughness": "4", "type": "Legendary Creature — Vampire Knight", "types": ["Creature"], "uuid": "66240345-3fe1-5357-8a04-58e26a8b3d59"}, {"artist": "Yongjae Choi", "availability": ["paper"], "borderColor": "black", "colorIdentity": ["B", "R", "U"], "colors": ["B", "R", "U"], "convertedManaCost": 5.0, "edhrecRank": 4849, "finishes": ["foil"], "foreignData": [], "frameVersion": "2015", "hasFoil": true, "hasNonFoil": false, "identifiers": {"mtgjsonV4Id": "7c41fe3d-bff2-5771-b72c-3428454f2521", "scryfallId": "90e30cc4-7d80-4180-9713-966f3028b33f", "scryfallIllustrationId": "a5343de9-a77a-43c4-a6a8-53c7e0217ed1", "scryfallOracleId": "21bdba6e-3f9d-4ead-8212-0cbb0ce7f8cc", "tcgplayerProductId": "141739"}, "isOversized": true, "isReprint": true, "isStarter": true, "keywords": ["Eminence"], "layout": "normal", "leadershipSkills": {"brawl": false, "commander": true, "oathbreaker": false}, "legalities": {"commander": "Legal", "duel": "Restricted", "legacy": "Legal", "vintage": "Legal"}, "manaCost": "{2}{U}{B}{R}", "manaValue": 5.0, "name": "Inalla, Archmage Ritualist", "number": "38", "power": "4", "printings": ["C17", "OC17", "PZ2"], "purchaseUrls": {"tcgplayer": "https://mtgjson.com/links/0e0f0101320b51ff"}, "rarity": "mythic", "rulings": [{"date": "2017-08-25", "text": "You can pay {1} only once each time Inalla’s first ability resolves. You can’t pay more to get more than one token."}, {"date": "2017-08-25", "text": "If Inalla enters the battlefield at the same time as other Wizards you control, its ability will trigger for each of those other Wizards."}, {"date": "2017-08-25", "text": "The token copies exactly what was printed on the creature and nothing else (unless that creature was copying something else; see below). It doesn’t copy whether that creature was tapped or untapped, whether it had any counters on it or Auras and/or Equipment attached to it, or any non-copy effects that changed its power, toughness, types, color, and so on."}, {"date": "2017-08-25", "text": "If the copied creature had {X} in its mana cost, X is 0."}, {"date": "2017-08-25", "text": "If the copied creature was copying something else, the token enters the battlefield as whatever that permanent was copying."}, {"date": "2017-08-25", "text": "Any enters-the-battlefield abilities of the copied creature will trigger when the token enters the battlefield. Any “As [this creature] enters the battlefield” or “[This creature] enters the battlefield with” abilities of the copied creature will also work."}, {"date": "2017-08-25", "text": "If the creature that caused Inalla’s ability to trigger has already left the battlefield by the time the ability resolves, you can still pay {1}. If you do, you’ll create a token with the copiable values of the characteristics of that creature as it last existed on the battlefield."}, {"date": "2017-08-25", "text": "If a copied creature is legendary, any triggered abilities it has will trigger if appropriate before the “legend rule” causes one of those legendary creatures to be put into its owner’s graveyard. Those abilities will be put on the stack after the “legend rule” is applied."}, {"date": "2017-08-25", "text": "To activate Inalla’s last ability, you may tap any untapped Wizards you control, including ones you haven’t controlled continuously since the beginning of your most recent turn, such as Inalla itself. (Note that tapping the creature doesn’t use {T} [the tap symbol].)"}, {"date": "2017-08-25", "text": "Three eminence abilities are triggered abilities. That creature must be on the battlefield or in the command zone as the trigger event occurs and also as the triggered ability resolves. If the creature is in an appropriate zone as the trigger event occurs but leaves that zone, the ability won’t do anything as it resolves."}, {"date": "2017-08-25", "text": "Notably, if your commander is on the battlefield and its eminence ability triggers, but it’s put into the command zone before that ability resolves, that ability won’t do anything as it resolves. This is because an object that changes zones is considered a new object."}], "setCode": "OC17", "subtypes": ["Human", "Wizard"], "supertypes": ["Legendary"], "text": "Eminence — Whenever another nontoken Wizard enters the battlefield under your control, if Inalla, Archmage Ritualist is in the command zone or on the battlefield, you may pay {1}. If you do, create a token that's a copy of that Wizard. The token gains haste. Exile it at the beginning of the next end step.\nTap five untapped Wizards you control: Target player loses 7 life.", "toughness": "5", "type": "Legendary Creature — Human Wizard", "types": ["Creature"], "uuid": "42cbb2ee-1d2e-544d-90d4-cc2a7333c4ab"}, {"artist": "Jaime Jones", "availability": ["paper"], "borderColor": "black", "colorIdentity": ["B", "G", "R", "U", "W"], "colors": ["B", "G", "R", "U", "W"], "convertedManaCost": 9.0, "edhrecRank": 2019, "finishes": ["foil"], "foreignData": [], "frameVersion": "2015", "hasFoil": true, "hasNonFoil": false, "identifiers": {"mtgjsonV4Id": "1cb76f48-f562-5e20-8fa5-196179f2d8d4", "scryfallId": "a01f9a16-fc90-49b4-8f86-e6940e4b02cf", "scryfallIllustrationId": "2140b832-65cd-4eb7-9502-c98be1b6349e", "scryfallOracleId": "87b22b09-4f6d-4bc5-9cfc-663e4c7c6981", "tcgplayerProductId": "141738"}, "isOversized": true, "isReprint": true, "isStarter": true, "keywords": ["Eminence", "Flying"], "layout": "normal", "leadershipSkills": {"brawl": false, "commander": true, "oathbreaker": false}, "legalities": {"commander": "Legal", "duel": "Legal", "legacy": "Legal", "vintage": "Legal"}, "manaCost": "{4}{W}{U}{B}{R}{G}", "manaValue": 9.0, "name": "The Ur-Dragon", "number": "48", "power": "10", "printings": ["C17", "OC17", "PZ2", "SLD"], "purchaseUrls": {"tcgplayer": "https://mtgjson.com/links/eea0fc11b0533a31"}, "rarity": "mythic", "rulings": [{"date": "2017-08-25", "text": "You draw one card for each Dragon you controlled that attacked, even if some of them left the battlefield before The Ur-Dragon’s triggered ability resolves."}, {"date": "2017-08-25", "text": "You may only put one permanent card from your hand onto the battlefield, no matter how many Dragons you attacked with or how many players they attacked."}, {"date": "2017-08-25", "text": "If a Dragon you control enters the battlefield attacking, it won’t cause The Ur-Dragon’s last ability to trigger."}, {"date": "2017-08-25", "text": "The Ur-Dragon’s triggered ability resolves after all attackers have been chosen. You can’t attack with some Dragons, put a creature card with haste onto the battlefield, and then attack with that creature. Similarly, any “whenever a creature attacks” abilities of the permanent card you put onto the battlefield won’t trigger."}], "setCode": "OC17", "subtypes": ["Dragon", "Avatar"], "supertypes": ["Legendary"], "text": "Eminence — As long as The Ur-Dragon is in the command zone or on the battlefield, other Dragon spells you cast cost {1} less to cast.\nFlying\nWhenever one or more Dragons you control attack, draw that many cards, then you may put a permanent card from your hand onto the battlefield.", "toughness": "10", "type": "Legendary Creature — Dragon Avatar", "types": ["Creature"], "uuid": "915520ac-b637-5ed1-b4bb-f737f8745c16"}], "code": "OC17", "isFoilOnly": true, "isOnlineOnly": false, "keyruneCode": "C17", "name": "Commander 2017 Oversized", "parentCode": "C17", "releaseDate": "2017-08-25", "tokens": [], "totalSetSize": 4, "translations": {}, "type": "memorabilia"}
