{"cards": [{"artist": "Cynthia Sheppard", "availability": ["paper"], "borderColor": "black", "colorIdentity": ["B", "R"], "colors": ["B", "R"], "convertedManaCost": 3.0, "edhrecRank": 3015, "finishes": ["foil"], "flavorText": "\"We all hide a little madness behind our sophistication, do we not?\"", "foreignData": [], "frameEffects": ["legendary"], "frameVersion": "2015", "hasFoil": true, "hasNonFoil": false, "identifiers": {"mtgjsonV4Id": "68068e4d-41a4-501d-8b67-49cdbb2a54f2", "scryfallId": "64f1bc91-a96a-4472-ba19-e58582dfa662", "scryfallIllustrationId": "5fac2aed-1a6a-4a3f-80f5-08d232dfbbc3", "scryfallOracleId": "4dab6a96-4376-4aea-983d-406167993214"}, "isOversized": true, "isReprint": true, "isStarter": true, "keywords": ["Haste"], "layout": "normal", "leadershipSkills": {"brawl": false, "commander": true, "oathbreaker": false}, "legalities": {"commander": "Legal", "duel": "Legal", "legacy": "Legal", "vintage": "Legal"}, "manaCost": "{1}{B}{R}", "manaValue": 3.0, "name": "Anje Falkenrath", "number": "37", "power": "1", "printings": ["C19", "OC19"], "purchaseUrls": {}, "rarity": "mythic", "rulings": [{"date": "2019-08-23", "text": "If you discard a card with madness to pay the cost of Anje’s activated ability, you’ll draw a card last. You may untap Anje before or after you choose whether to cast the discarded card, but not after you’ve chosen to cast it but before that spell resolves."}], "setCode": "OC19", "subtypes": ["Vampire"], "supertypes": ["Legendary"], "text": "Haste\n{T}, Discard a card: Draw a card.\nWhenever you discard a card, if it has madness, untap Anje Falkenrath.", "toughness": "3", "type": "Legendary Creature — Vampire", "types": ["Creature"], "uuid": "1c420380-48e6-5b66-a8a0-c94692f8a3ad"}, {"artist": "Yongjae Choi", "availability": ["paper"], "borderColor": "black", "colorIdentity": ["G", "R", "W"], "colors": ["G", "R", "W"], "convertedManaCost": 5.0, "edhrecRank": 3656, "finishes": ["foil"], "foreignData": [], "frameEffects": ["legendary"], "frameVersion": "2015", "hasFoil": true, "hasNonFoil": false, "identifiers": {"mtgjsonV4Id": "b507fac4-a02f-5c2f-8db0-c608c44c0dd6", "scryfallId": "90fffd2b-257d-4e64-9fc7-02d68c75ddf5", "scryfallIllustrationId": "8390fbce-7d8c-420d-b9fb-3ca7e6034c61", "scryfallOracleId": "ce08fbfb-5d51-4dfc-80ae-87d5d9c7726f"}, "isOversized": true, "isReprint": true, "isStarter": true, "keywords": ["Populate"], "layout": "normal", "leadershipSkills": {"brawl": false, "commander": true, "oathbreaker": false}, "legalities": {"commander": "Legal", "duel": "Legal", "legacy": "Legal", "vintage": "Legal"}, "manaCost": "{2}{R}{G}{W}", "manaValue": 5.0, "name": "Ghired, Conclave Exile", "number": "42", "power": "2", "printings": ["C19", "OC19"], "purchaseUrls": {}, "rarity": "mythic", "rulings": [{"date": "2019-08-23", "text": "You choose which player or planeswalker the created token is attacking. It doesn’t have to be attacking the same player or planeswalker that Ghired is attacking."}, {"date": "2019-08-23", "text": "Although the token is an attacking creature, it was never declared as an attacking creature. This means that abilities that trigger whenever a creature attacks won’t trigger when it enters the battlefield attacking."}, {"date": "2019-08-23", "text": "Any effects that say that the token can’t attack (such as that of Doomed Artisan, or if you copy a token with defender) affect only the declaration of attackers. They won’t stop the token you populate from entering the battlefield attacking."}, {"date": "2019-08-23", "text": "In some rare cases, you might copy a creature token that isn’t normally a creature. This token enters the battlefield as a noncreature permanent. It will be tapped but it won’t be attacking."}], "setCode": "OC19", "subtypes": ["Human", "Shaman"], "supertypes": ["Legendary"], "text": "When Ghired, Conclave Exile enters the battlefield, create a 4/4 green Rhino creature token with trample.\nWhenever Ghired attacks, populate. The token enters the battlefield tapped and attacking. (To populate, create a token that's a copy of a creature token you control.)", "toughness": "5", "type": "Legendary Creature — Human Shaman", "types": ["Creature"], "uuid": "a067ef30-96f3-5bba-a426-1b92014fe634"}, {"artist": "Caio Monteiro", "availability": ["paper"], "borderColor": "black", "colorIdentity": ["B", "G", "U"], "colors": ["B", "G", "U"], "convertedManaCost": 4.0, "edhrecRank": 4328, "finishes": ["foil"], "flavorText": "\"The only constant in life is the unknown.\"", "foreignData": [], "frameEffects": ["legendary"], "frameVersion": "2015", "hasFoil": true, "hasNonFoil": false, "identifiers": {"mtgjsonV4Id": "a7780954-c5bc-5dae-a2e9-37fac93ef913", "scryfallId": "6f6c7757-bcde-4d1e-9bdc-2b650905b5d8", "scryfallIllustrationId": "2b3a004c-4888-49b6-b37d-f4e4ad4a545f", "scryfallOracleId": "4da13eb8-ca18-43f1-b54b-d3ddceb980d2"}, "isOversized": true, "isReprint": true, "isStarter": true, "layout": "normal", "leadershipSkills": {"brawl": false, "commander": true, "oathbreaker": false}, "legalities": {"commander": "Legal", "duel": "Legal", "legacy": "Legal", "vintage": "Legal"}, "manaCost": "{1}{B}{G}{U}", "manaValue": 4.0, "name": "Kadena, Slinking Sorcerer", "number": "45", "power": "3", "printings": ["C19", "OC19"], "purchaseUrls": {}, "rarity": "mythic", "rulings": [], "setCode": "OC19", "subtypes": ["Naga", "Wizard"], "supertypes": ["Legendary"], "text": "The first face-down creature spell you cast each turn costs {3} less to cast.\nWhenever a face-down creature enters the battlefield under your control, draw a card.", "toughness": "3", "type": "Legendary Creature — Naga Wizard", "types": ["Creature"], "uuid": "962ca9f4-b2c7-5821-9dc2-efdd4f37eddc"}, {"artist": "Zoltan Boros", "availability": ["paper"], "borderColor": "black", "colorIdentity": ["R", "U", "W"], "colors": ["R", "U", "W"], "convertedManaCost": 5.0, "edhrecRank": 6997, "finishes": ["foil"], "flavorText": "\"The best moments are worth reliving.\"", "foreignData": [], "frameEffects": ["legendary"], "frameVersion": "2015", "hasFoil": true, "hasNonFoil": false, "identifiers": {"mtgjsonV4Id": "4eb3f3a6-7e03-5dc7-9e2c-63443625ce0b", "scryfallId": "6dc24e27-90da-4e92-842a-bae8f0890207", "scryfallIllustrationId": "e79ddd88-2d95-4e09-bb9a-2774b0dfe80f", "scryfallOracleId": "869c9bc4-2b21-40c3-8b1c-c83269c856d0"}, "isOversized": true, "isReprint": true, "isStarter": true, "layout": "normal", "leadershipSkills": {"brawl": false, "commander": true, "oathbreaker": false}, "legalities": {"commander": "Legal", "duel": "Legal", "legacy": "Legal", "vintage": "Legal"}, "manaCost": "{2}{U}{R}{W}", "manaValue": 5.0, "name": "Sevinne, the Chronoclasm", "number": "49", "power": "2", "printings": ["C19", "OC19"], "purchaseUrls": {}, "rarity": "mythic", "rulings": [{"date": "2019-08-23", "text": "If you cast an instant or sorcery spell from your graveyard before Sevinne enters the battlefield during the same turn, its last ability can’t trigger that turn."}, {"date": "2019-08-23", "text": "Sevinne’s ability will copy any instant or sorcery spell, not just one with targets."}, {"date": "2019-08-23", "text": "A copy is created even if the spell that caused Sevinne’s ability to trigger has been countered by the time that ability resolves. The copy resolves before the original spell."}, {"date": "2019-08-23", "text": "The copy will have the same targets as the spell it’s copying unless you choose new ones. You may change any number of the targets, including all of them or none of them. The new targets must be legal."}, {"date": "2019-08-23", "text": "If the spell that’s copied is modal (that is, it says “Choose one —” or the like), the copy will have the same mode or modes. You can’t choose different ones."}, {"date": "2019-08-23", "text": "If the spell that’s copied has an X whose value was determined as it was cast, the copy has the same value of X."}, {"date": "2019-08-23", "text": "You can’t choose to pay any additional costs for the copy. However, effects based on any additional costs that were paid for the original spell are copied as though those same costs were paid for the copy too."}, {"date": "2019-08-23", "text": "The copy that Sevinne’s ability creates is created on the stack, so it’s not “cast.” Abilities that trigger when a player casts a spell won’t trigger. Any of that spell’s effects that apply only if it was cast from a graveyard won’t apply."}], "setCode": "OC19", "subtypes": ["Human", "Wizard"], "supertypes": ["Legendary"], "text": "Prevent all damage that would be dealt to Sevinne, the Chronoclasm.\nWhenever you cast your first instant or sorcery spell from your graveyard each turn, copy that spell. You may choose new targets for the copy.", "toughness": "2", "type": "Legendary Creature — Human Wizard", "types": ["Creature"], "uuid": "e72e793f-f1fd-59f1-9bf5-33d2996a84fc"}], "code": "OC19", "isFoilOnly": true, "isOnlineOnly": false, "keyruneCode": "C19", "name": "Commander 2019 Oversized", "parentCode": "C19", "releaseDate": "2019-08-31", "tokens": [], "totalSetSize": 4, "translations": {}, "type": "memorabilia"}
