{"cards": [{"artist": "Randy Vargas", "availability": ["paper"], "borderColor": "black", "colorIdentity": ["R", "U", "W"], "colors": ["R", "U", "W"], "convertedManaCost": 5.0, "edhrecRank": 3838, "finishes": ["nonfoil", "foil"], "flavorText": "A mother's love transcends species.", "foreignData": [], "frameEffects": ["legendary"], "frameVersion": "2015", "hasFoil": true, "hasNonFoil": true, "identifiers": {"mtgjsonV4Id": "53e7e3d1-ecc8-5b89-a4fd-83a0675dbbbe", "scryfallId": "018daf97-1cf3-4cc2-b797-ef3cd3a9a15f", "scryfallIllustrationId": "c446d6b6-dad9-4713-90e1-db942d56533c", "scryfallOracleId": "716a3bb8-04bd-41f5-a568-131f175e00a6"}, "isOversized": true, "isReprint": true, "isStarter": true, "layout": "normal", "leadershipSkills": {"brawl": false, "commander": true, "oathbreaker": false}, "legalities": {"commander": "Legal", "duel": "Legal", "legacy": "Legal", "vintage": "Legal"}, "manaCost": "{2}{U}{R}{W}", "manaValue": 5.0, "name": "Gavi, Nest Warden", "number": "7", "power": "2", "printings": ["C20", "OC20"], "purchaseUrls": {}, "rarity": "mythic", "rulings": [{"date": "2020-04-17", "text": "If a cycling cost includes {X} and you pay an alternative activation cost of {0} instead, X is 0."}, {"date": "2020-04-17", "text": "Gavi’s first ability considers the entire turn. If you cycle a card then have Gavi come under your control, you can’t pay {0} to cycle your second card."}, {"date": "2020-04-17", "text": "The triggered ability can trigger only once each turn. It doesn’t matter Gavi was on the battlefield when the first card was drawn. If it’s not on the battlefield when the second card is drawn, the ability can’t trigger at all that turn. It won’t trigger when the third or fourth card is drawn."}, {"date": "2020-04-17", "text": "If a spell or ability causes you to put cards into your hand without specifically using the word “draw,” it’s not a card drawn."}], "setCode": "OC20", "subtypes": ["Human", "Shaman"], "supertypes": ["Legendary"], "text": "You may pay {0} rather than pay the cycling cost of the first card you cycle each turn.\nWhenever you draw your second card each turn, create a 2/2 red and white Dinosaur Cat creature token.", "toughness": "5", "type": "Legendary Creature — Human Shaman", "types": ["Creature"], "uuid": "9513a4da-a2f3-5975-a79a-349bc628f4a9"}, {"artist": "Magali Villeneuve", "availability": ["paper"], "borderColor": "black", "colorIdentity": ["B", "R", "W"], "colors": ["B", "R", "W"], "convertedManaCost": 4.0, "edhrecRank": 3645, "finishes": ["nonfoil", "foil"], "flavorText": "\"Strength is what keeps us alive. Compassion is what keeps us human.\"", "foreignData": [], "frameEffects": ["legendary"], "frameVersion": "2015", "hasFoil": true, "hasNonFoil": true, "identifiers": {"mtgjsonV4Id": "06992f75-3625-5d9e-839f-87e1f83afbec", "scryfallId": "f08ec3bc-b5a4-408d-9a45-89fe61d372f2", "scryfallIllustrationId": "237beeae-2517-49c0-ae9d-61df888d3828", "scryfallOracleId": "b122bf99-b003-452a-a854-b25597ff7ca2"}, "isOversized": true, "isReprint": true, "isStarter": true, "layout": "normal", "leadershipSkills": {"brawl": false, "commander": true, "oathbreaker": false}, "legalities": {"commander": "Legal", "duel": "Legal", "legacy": "Legal", "vintage": "Legal"}, "manaCost": "{1}{R}{W}{B}", "manaValue": 4.0, "name": "Jirina Kudro", "number": "8", "power": "3", "printings": ["C20", "OC20"], "purchaseUrls": {}, "rarity": "mythic", "rulings": [{"date": "2020-04-17", "text": "If Jirina is your commander, the number of times you cast it includes the time you cast Jirina just before it entered the battlefield."}, {"date": "2020-04-17", "text": "Jirina’s last ability gives +2/+0 to all Humans you control other than Jirina, including the Human tokens created by its triggered ability."}], "setCode": "OC20", "subtypes": ["Human", "Soldier"], "supertypes": ["Legendary"], "text": "When Jirina Kudro enters the battlefield, create a 1/1 white Human Soldier creature token for each time you've cast a commander from the command zone this game.\nOther Humans you control get +2/+0.", "toughness": "3", "type": "Legendary Creature — Human Soldier", "types": ["Creature"], "uuid": "e2b9d313-0e7f-5764-afc8-425f4dc516f1"}, {"artist": "Nicholas Gregory", "availability": ["paper"], "borderColor": "black", "colorIdentity": ["G", "R", "U"], "colors": ["G", "R", "U"], "convertedManaCost": 4.0, "edhrecRank": 3061, "finishes": ["nonfoil", "foil"], "flavorText": "Its mood changes with the weather, and vice versa.", "foreignData": [], "frameEffects": ["legendary"], "frameVersion": "2015", "hasFoil": true, "hasNonFoil": true, "identifiers": {"mtgjsonV4Id": "d63b6ebe-f972-53c1-bea4-9fdbca5bb74b", "scryfallId": "979e237b-2b38-41c9-ab4d-3f3926dfdd82", "scryfallIllustrationId": "560608af-f383-438e-95fa-0664e3004f72", "scryfallOracleId": "b8501a37-23e4-4873-80cb-d1c0f6c95155"}, "isOversized": true, "isReprint": true, "isStarter": true, "layout": "normal", "leadershipSkills": {"brawl": false, "commander": true, "oathbreaker": false}, "legalities": {"commander": "Legal", "duel": "Legal", "legacy": "Legal", "vintage": "Legal"}, "manaCost": "{1}{G}{U}{R}", "manaValue": 4.0, "name": "Kalamax, the Stormsire", "number": "9", "power": "4", "printings": ["C20", "OC20"], "purchaseUrls": {}, "rarity": "mythic", "rulings": [{"date": "2020-04-17", "text": "If Kalamax becomes tapped as a cost to cast your first instant spell in a turn, its first ability triggers."}, {"date": "2020-04-17", "text": "Kalamax’s first ability considers the entire turn. If you cast an instant spell before Kalamax becomes tapped, its first ability won’t trigger when you cast your second."}, {"date": "2020-04-17", "text": "A copy is created even if the spell that caused Kalamax’s ability to trigger has been countered by the time that ability resolves. The copy resolves before the original spell."}, {"date": "2020-04-17", "text": "If the spell that’s copied is modal (that is, it says “Choose one —” or the like), the copy created by Kalamax’s first ability will have the same mode or modes. You can’t choose different ones."}, {"date": "2020-04-17", "text": "If the spell that’s copied has damage divided as it was cast, the division can’t be changed, although the targets receiving that damage still can. The same is true of spells that distribute counters."}, {"date": "2020-04-17", "text": "You can’t choose to pay any additional costs for the copy created by Kalamax’s first ability. However, effects based on any additional costs that were paid for the original spell are copied as though those same costs were paid for the copy too."}, {"date": "2020-04-17", "text": "The copies that Kalamax’s first ability creates are created on the stack, so they’re not “cast.” Abilities that trigger when a player casts a spell won’t trigger."}, {"date": "2020-04-17", "text": "An ability that triggers when a player copies a spell resolves before the copy. It resolves even if that spell is countered."}, {"date": "2020-04-17", "text": "If an effect copies an instant spell multiple times, Kalamax’s last ability triggers that many times."}, {"date": "2020-04-17", "text": "If an effect copies a card rather than a spell (such as that of God-Eternal Kefnet), this doesn’t cause Kalamax’s last ability to trigger."}], "setCode": "OC20", "subtypes": ["Elemental", "Dinosaur"], "supertypes": ["Legendary"], "text": "Whenever you cast your first instant spell each turn, if Kalamax, the Stormsire is tapped, copy that spell. You may choose new targets for the copy.\nWhenever you copy an instant spell, put a +1/+1 counter on Kalamax.", "toughness": "4", "type": "Legendary Creature — Elemental Dinosaur", "types": ["Creature"], "uuid": "7b81a8d9-503c-5209-8ae6-f7a63da5976e"}, {"artist": "Mathias Kollros", "availability": ["paper"], "borderColor": "black", "colorIdentity": ["B", "G", "W"], "colors": ["B", "G", "W"], "convertedManaCost": 5.0, "edhrecRank": 5285, "finishes": ["nonfoil", "foil"], "foreignData": [], "frameEffects": ["legendary"], "frameVersion": "2015", "hasFoil": true, "hasNonFoil": true, "identifiers": {"mtgjsonV4Id": "9aad3489-183d-5f3c-ba72-8ecbec2d8d34", "scryfallId": "942f64bc-3d5f-484e-880e-74c84cdc1e51", "scryfallIllustrationId": "cbb323ce-fa99-476a-a879-355bced50153", "scryfallOracleId": "730897a9-3ead-4990-9492-1a2040d8ccac"}, "isOversized": true, "isReprint": true, "isStarter": true, "layout": "normal", "leadershipSkills": {"brawl": false, "commander": true, "oathbreaker": false}, "legalities": {"commander": "Legal", "duel": "Legal", "legacy": "Legal", "vintage": "Legal"}, "manaCost": "{2}{W}{B}{G}", "manaValue": 5.0, "name": "Kathril, Aspect Warper", "number": "10", "power": "3", "printings": ["C20", "OC20"], "purchaseUrls": {}, "rarity": "mythic", "rulings": [{"date": "2020-04-17", "text": "For each applicable keyword, the appropriate counter may be put on any creature you control, including Kathril. The counters don’t need to all be put on the same creature."}, {"date": "2020-04-17", "text": "You check once for each keyword. If you have two creature cards with flying in your graveyard, you put just one flying counter on a creature you control, not two."}, {"date": "2020-04-17", "text": "Once Kathril’s ability begins resolving, no player may take other actions until it’s done and you’ve put +1/+1 counters on Kathril."}, {"date": "2020-06-23", "text": "If cards in your graveyard have multiple hexproof abilities (such as hexproof, hexproof from white, and hexproof from black), a counter of each variant kind will be put onto a creature."}], "setCode": "OC20", "subtypes": ["Nightmare", "Insect"], "supertypes": ["Legendary"], "text": "When Kathril, Aspect Warper enters the battlefield, put a flying counter on any creature you control if a creature card in your graveyard has flying. Repeat this process for first strike, double strike, deathtouch, hexproof, indestructible, lifelink, menace, reach, trample, and vigilance. Then put a +1/+1 counter on Kathril for each counter put on a creature this way.", "toughness": "3", "type": "Legendary Creature — Nightmare Insect", "types": ["Creature"], "uuid": "f8a8629c-599e-56b2-968d-6a4b794b2d53"}, {"artist": "Victor Adame Minguez", "availability": ["paper"], "borderColor": "black", "colorIdentity": ["B", "G", "U"], "colors": ["B", "G", "U"], "convertedManaCost": 6.0, "edhrecRank": 4065, "finishes": ["nonfoil", "foil"], "foreignData": [], "frameEffects": ["legendary"], "frameVersion": "2015", "hasFoil": true, "hasNonFoil": true, "identifiers": {"mtgjsonV4Id": "54669b25-975b-5fee-891d-a89c63691bf6", "scryfallId": "a2376fd1-26aa-4263-81b1-00daf21337fc", "scryfallIllustrationId": "b87bf406-9e89-4f10-9bf9-57bab019b52f", "scryfallOracleId": "c5054364-2a19-4b70-869b-94d48b7b12c0"}, "isOversized": true, "isReprint": true, "isStarter": true, "keywords": ["Mutate", "Trample"], "layout": "normal", "leadershipSkills": {"brawl": false, "commander": true, "oathbreaker": false}, "legalities": {"commander": "Legal", "duel": "Legal", "legacy": "Legal", "vintage": "Legal"}, "manaCost": "{3}{B}{G}{U}", "manaValue": 6.0, "name": "Otrimi, the Ever-Playful", "number": "12", "power": "6", "printings": ["C20", "OC20"], "purchaseUrls": {}, "rarity": "mythic", "rulings": [{"date": "2020-04-17", "text": "If Otrimi deals combat damage to a player at the same time that it’s dealt lethal damage, Otrimi (or any other creature card with mutate that was merged with it) can be the target of its triggered ability."}], "setCode": "OC20", "subtypes": ["Nightmare", "Beast"], "supertypes": ["Legendary"], "text": "Mutate {1}{B}{G}{U} (If you cast this spell for its mutate cost, put it over or under target non-Human creature you own. They mutate into the creature on top plus all abilities from under it.)\nTrample\nWhenever this creature deals combat damage to a player, return target creature card with mutate from your graveyard to your hand.", "toughness": "6", "type": "Legendary Creature — Nightmare Beast", "types": ["Creature"], "uuid": "01f28912-8db7-5440-9114-747d71cb3093"}], "code": "OC20", "isFoilOnly": false, "isOnlineOnly": false, "keyruneCode": "C20", "name": "Commander 2020 Oversized", "parentCode": "C20", "releaseDate": "2020-04-17", "tokens": [], "totalSetSize": 5, "translations": {}, "type": "memorabilia"}
