{"cards": [{"artist": "Simon Dominic", "availability": ["mtgo", "paper"], "borderColor": "black", "colorIdentity": ["B", "W"], "colors": ["B", "W"], "convertedManaCost": 3.0, "edhrecRank": 3518, "finishes": ["etched"], "foreignData": [], "frameEffects": ["legendary"], "frameVersion": "2015", "hasFoil": false, "hasNonFoil": false, "identifiers": {"mtgjsonV4Id": "1ec5d524-8622-5364-908d-3facd333b2ea", "scryfallId": "4efb5530-16ee-4ccd-a341-1fafdfe61bd8", "scryfallIllustrationId": "5a57eac5-625d-40d4-9f12-c8c3bf0fbf99", "scryfallOracleId": "d11e627b-8a48-411d-a261-2c9a02a758ba", "tcgplayerEtchedProductId": "237287", "tcgplayerProductId": "237287"}, "isOversized": true, "isReprint": true, "isStarter": true, "keywords": ["Flying"], "layout": "normal", "leadershipSkills": {"brawl": false, "commander": true, "oathbreaker": false}, "legalities": {"commander": "Legal", "duel": "Legal", "legacy": "Legal", "vintage": "Legal"}, "manaCost": "{1}{W}{B}", "manaValue": 3.0, "name": "Breena, the Demagogue", "number": "1", "power": "1", "printings": ["C21", "OC21", "PRM"], "purchaseUrls": {"tcgplayer": "https://mtgjson.com/links/c0933d480632cf8d", "tcgplayerEtched": "https://mtgjson.com/links/c0933d480632cf8d"}, "rarity": "mythic", "rulings": [{"date": "2021-04-16", "text": "If the attacking player is one of your opponents and has less life than the player being attacked, then the condition is satisfied."}, {"date": "2021-04-16", "text": "Breena’s triggered ability will trigger even if you control no creatures."}, {"date": "2021-04-16", "text": "You choose which creature to put +1/+1 counters on as the ability is resolving. Once you make the choice, no player may take actions until the counters are placed."}], "setCode": "OC21", "subtypes": ["Bird", "Warlock"], "supertypes": ["Legendary"], "text": "Flying\nWhenever a player attacks one of your opponents, if that opponent has more life than another of your opponents, that attacking player draws a card and you put two +1/+1 counters on a creature you control.", "toughness": "3", "type": "Legendary Creature — Bird Warlock", "types": ["Creature"], "uuid": "a1a93ea8-2f8f-5227-abf9-7e112b565975"}, {"artist": "Dmitry Burmak", "availability": ["mtgo", "paper"], "borderColor": "black", "colorIdentity": ["R", "U"], "colors": ["R", "U"], "convertedManaCost": 4.0, "edhrecRank": 6520, "finishes": ["etched"], "foreignData": [], "frameEffects": ["legendary"], "frameVersion": "2015", "hasFoil": false, "hasNonFoil": false, "identifiers": {"mtgjsonV4Id": "11655bb6-0273-5509-aa7f-d9fda6d62201", "scryfallId": "38400a08-4af1-415a-a9bd-8dc80fb771a0", "scryfallIllustrationId": "1e87f363-a2c4-4414-ae8c-cb193d1591aa", "scryfallOracleId": "02d529df-6299-4e8f-9794-70c8061efdc4", "tcgplayerEtchedProductId": "237288", "tcgplayerProductId": "237288"}, "isOversized": true, "isReprint": true, "isStarter": true, "keywords": ["Magecraft", "Scry"], "layout": "normal", "leadershipSkills": {"brawl": false, "commander": true, "oathbreaker": false}, "legalities": {"commander": "Legal", "duel": "Legal", "legacy": "Legal", "vintage": "Legal"}, "manaCost": "{2}{U}{R}", "manaValue": 4.0, "name": "Zaffai, Thunder Conductor", "number": "4", "power": "1", "printings": ["C21", "OC21", "PRM"], "purchaseUrls": {"tcgplayer": "https://mtgjson.com/links/9b5a75586d36b4a7", "tcgplayerEtched": "https://mtgjson.com/links/9b5a75586d36b4a7"}, "rarity": "mythic", "rulings": [{"date": "2021-04-16", "text": "“That spell’s mana value” refers to the spell that caused the ability to trigger, not the card you look at when you scry."}, {"date": "2021-04-16", "text": "If the instant or sorcery spell has {X} in its mana cost, X is the value chosen for X as the spell was cast."}, {"date": "2021-04-16", "text": "The wrong card name was inadvertently included in Zaffai’s printed rules text. The text above is correct and the full name of the card is Zaffai, Thunder Conductor."}, {"date": "2021-04-16", "text": "Each magecraft ability has a different effect, although they all have the same trigger condition, whenever you cast or copy an instant or sorcery spell."}, {"date": "2021-04-16", "text": "For example, if you control Archmage Emeritus and cast an instant or sorcery spell, Archmage Emeritus’s magecraft ability will trigger and you will draw a card."}, {"date": "2021-04-16", "text": "If an effect creates a copy of an instant or sorcery spell, this will also cause the magecraft ability to trigger."}, {"date": "2021-04-16", "text": "If an effect creates multiple copies of an instant or sorcery spell, magecraft abilities trigger once for each copy created by the effect."}, {"date": "2021-04-16", "text": "Some effects instruct you to copy an instant or sorcery card in a zone other than the stack. These copies do not cause magecraft abilities to trigger. However, most effects that do this also allow you to cast the copy, and casting the copy will cause magecraft abilities to trigger."}], "setCode": "OC21", "subtypes": ["Human", "Shaman"], "supertypes": ["Legendary"], "text": "Magecraft — Whenever you cast or copy an instant or sorcery spell, scry 1. If that spell's mana value is 5 or greater, create a 4/4 blue and red Elemental creature token. If that spell's mana value is 10 or greater, Zaffai, Thunder Conductor deals 10 damage to an opponent chosen at random.", "toughness": "4", "type": "Legendary Creature — Human Shaman", "types": ["Creature"], "uuid": "094171b2-6b50-52e7-a8c5-f13102661a1b"}, {"artist": "Jesper Ejsing", "availability": ["mtgo", "paper"], "borderColor": "black", "colorIdentity": ["B", "G"], "colors": ["B", "G"], "convertedManaCost": 3.0, "edhrecRank": 5882, "finishes": ["etched"], "foreignData": [], "frameEffects": ["legendary"], "frameVersion": "2015", "hasFoil": false, "hasNonFoil": false, "identifiers": {"mtgjsonV4Id": "218e4c06-3664-5aae-95f8-ae7ba5aacfc9", "scryfallId": "595811ff-3bec-4607-a242-50966772878e", "scryfallIllustrationId": "ad1f235b-2e19-4a01-894f-70f0f0054796", "scryfallOracleId": "94723d61-3e29-4180-91bc-df37c4086a66", "tcgplayerEtchedProductId": "237286", "tcgplayerProductId": "237286"}, "isOversized": true, "isReprint": true, "isStarter": true, "layout": "normal", "leadershipSkills": {"brawl": false, "commander": true, "oathbreaker": false}, "legalities": {"commander": "Legal", "duel": "Legal", "legacy": "Legal", "vintage": "Legal"}, "manaCost": "{1}{B}{G}", "manaValue": 3.0, "name": "Willowdusk, Essence Seer", "number": "6", "power": "3", "printings": ["C21", "OC21", "PRM"], "purchaseUrls": {"tcgplayer": "https://mtgjson.com/links/fdde15b57b7a9f2f", "tcgplayerEtched": "https://mtgjson.com/links/fdde15b57b7a9f2f"}, "rarity": "mythic", "rulings": [], "setCode": "OC21", "subtypes": ["Dryad", "Druid"], "supertypes": ["Legendary"], "text": "{1}, {T}: Choose another target creature. Put a number of +1/+1 counters on it equal to the amount of life you gained this turn or the amount of life you lost this turn, whichever is greater. Activate only as a sorcery.", "toughness": "3", "type": "Legendary Creature — Dryad Druid", "types": ["Creature"], "uuid": "ee84c0ad-7aa0-5b08-ae6c-2776434234bd"}, {"artist": "Victor Adame Minguez", "availability": ["mtgo", "paper"], "borderColor": "black", "colorIdentity": ["R", "W"], "colors": ["R", "W"], "convertedManaCost": 4.0, "edhrecRank": 3287, "finishes": ["etched"], "foreignData": [], "frameEffects": ["legendary"], "frameVersion": "2015", "hasFoil": false, "hasNonFoil": false, "identifiers": {"mtgjsonV4Id": "6daf3040-d183-564a-acd7-920a676aaf04", "scryfallId": "9c8dc5e3-90b3-4c22-8d87-870cc39fbb27", "scryfallIllustrationId": "d88cc97f-3ed2-42a7-adcd-03a331fdf5e4", "scryfallOracleId": "add020f8-a6ae-4ce1-8d4e-f48f3fd14767", "tcgplayerEtchedProductId": "237289", "tcgplayerProductId": "237289"}, "isOversized": true, "isReprint": true, "isStarter": true, "keywords": ["Vigilance"], "layout": "normal", "leadershipSkills": {"brawl": false, "commander": true, "oathbreaker": false}, "legalities": {"commander": "Legal", "duel": "Legal", "legacy": "Legal", "vintage": "Legal"}, "manaCost": "{2}{R}{W}", "manaValue": 4.0, "name": "Osgir, the Reconstructor", "number": "8", "power": "4", "printings": ["C21", "OC21", "PRM"], "purchaseUrls": {"tcgplayer": "https://mtgjson.com/links/922cdaf3a5bea0a1", "tcgplayerEtched": "https://mtgjson.com/links/922cdaf3a5bea0a1"}, "rarity": "mythic", "rulings": [], "setCode": "OC21", "subtypes": ["Giant", "Artificer"], "supertypes": ["Legendary"], "text": "Vigilance\n{1}, Sacrifice an artifact: Target creature you control gets +2/+0 until end of turn.\n{X}, {T}, Exile an artifact card with mana value X from your graveyard: Create two tokens that are copies of the exiled card. Activate only as a sorcery.", "toughness": "4", "type": "Legendary Creature — Giant Artificer", "types": ["Creature"], "uuid": "bcf2f96c-821e-5b2e-8a2d-5df7ab7e902a"}, {"artist": "Andrew Mar", "availability": ["mtgo", "paper"], "borderColor": "black", "colorIdentity": ["G", "U"], "colors": ["G", "U"], "convertedManaCost": 4.0, "edhrecRank": 2449, "finishes": ["etched"], "foreignData": [], "frameEffects": ["legendary"], "frameVersion": "2015", "hasFoil": false, "hasNonFoil": false, "identifiers": {"mtgjsonV4Id": "01b51f64-4d3d-5807-98b0-067303b590c6", "scryfallId": "7bbe5a69-1ab3-43de-be1c-b21cccbd3b06", "scryfallIllustrationId": "742ef131-2e55-40f9-960e-73298eaeaa51", "scryfallOracleId": "12a6cad9-eb42-43bd-9e68-aaf862cd83db", "tcgplayerEtchedProductId": "237290", "tcgplayerProductId": "237290"}, "isOversized": true, "isReprint": true, "isStarter": true, "keywords": ["Ward"], "layout": "normal", "leadershipSkills": {"brawl": false, "commander": true, "oathbreaker": false}, "legalities": {"commander": "Legal", "duel": "Legal", "legacy": "Legal", "vintage": "Legal"}, "manaCost": "{2}{G}{U}", "manaValue": 4.0, "name": "Adrix and Nev, Twincasters", "number": "9", "power": "2", "printings": ["C21", "OC21", "PRM"], "purchaseUrls": {"tcgplayer": "https://mtgjson.com/links/0345df3ec6441222", "tcgplayerEtched": "https://mtgjson.com/links/0345df3ec6441222"}, "rarity": "mythic", "rulings": [{"date": "2021-04-16", "text": "If a player casts a spell that targets multiple permanents their opponent controls with ward, each of those ward abilities will trigger. If that player doesn’t pay for all of them, the spell will be countered."}, {"date": "2021-06-18", "text": "Everything that is specified by the effect creating the original token or tokens will also be true about the additional token or tokens created by Adrix and Nev's replacement effect. For example, if an effect tells you to create a token \"tapped and attacking\" the additional tokens will also be tapped and attacking. Similarly, if an effect creates a token and puts counters on it (such as a Fractal token) the additional token will also get those counters."}], "setCode": "OC21", "subtypes": ["Merfolk", "Wizard"], "supertypes": ["Legendary"], "text": "Ward {2} (Whenever this creature becomes the target of a spell or ability an opponent controls, counter it unless that player pays {2}.)\nIf one or more tokens would be created under your control, twice that many of those tokens are created instead.", "toughness": "2", "type": "Legendary Creature — Merfolk Wizard", "types": ["Creature"], "uuid": "168e2b8b-61f7-5295-8182-a9a58e37712c"}], "code": "OC21", "isFoilOnly": true, "isNonFoilOnly": true, "isOnlineOnly": false, "keyruneCode": "C21", "mtgoCode": "OC21", "name": "Commander 2021 Display Commanders", "parentCode": "C21", "releaseDate": "2021-04-23", "tokens": [], "totalSetSize": 5, "translations": {}, "type": "memorabilia"}
