{"cards": [{"artist": "Todd Lockwood", "availability": ["paper"], "borderColor": "black", "colorIdentity": ["G"], "colors": ["G"], "convertedManaCost": 3.0, "edhrecRank": 314, "finishes": ["foil"], "flavorText": "\"I do not miss Jukai Forest. It is not my home. My home is Kamigawa, its people my family. Wherever I set my pack and rest my head, I am home.\"", "foreignData": [], "frameVersion": "2003", "hasFoil": true, "hasNonFoil": false, "identifiers": {"mtgjsonV4Id": "9ffa6fcc-8047-5f5e-b6cc-a0428cce2f2d", "scryfallId": "b96fc9e1-d0f0-4c91-a049-6fe685c15031", "scryfallIllustrationId": "f0608409-ba89-4c74-bab6-63cb2e64d7cd", "scryfallOracleId": "6c2c8bf3-9bf8-4a86-89d3-3bb36260dc51", "tcgplayerProductId": "94984"}, "isOversized": true, "isReprint": true, "isStarter": true, "layout": "normal", "leadershipSkills": {"brawl": false, "commander": true, "oathbreaker": false}, "legalities": {"brawl": "Legal", "commander": "Legal", "duel": "Legal", "gladiator": "Legal", "historic": "Legal", "historicbrawl": "Legal", "legacy": "Legal", "modern": "Legal", "pioneer": "Legal", "vintage": "Legal"}, "manaCost": "{2}{G}", "manaValue": 3.0, "name": "Azusa, Lost but Seeking", "number": "1", "power": "1", "printings": ["A25", "CHK", "J16", "M21", "OCM1", "PM21", "PRM"], "purchaseUrls": {"tcgplayer": "https://mtgjson.com/links/1d30922ad60c0005"}, "rarity": "rare", "rulings": [{"date": "2020-06-23", "text": "Azusa’s ability is cumulative with other effects that allow you to play additional lands, such as that of Song of Creation (from the Ikoria: Lair of Behemoths set)."}], "setCode": "OCM1", "subtypes": ["Human", "Monk"], "supertypes": ["Legendary"], "text": "You may play two additional lands on each of your turns.", "toughness": "2", "type": "Legendary Creature — Human Monk", "types": ["Creature"], "uuid": "4b4026c0-114f-55c2-a520-9eab77881ee6"}, {"artist": "Zoltan Boros & Gabor Szikszai", "availability": ["paper"], "borderColor": "black", "colorIdentity": ["R", "W"], "colors": ["R", "W"], "convertedManaCost": 4.0, "edhrecRank": 5283, "finishes": ["foil"], "foreignData": [], "frameVersion": "2003", "hasFoil": true, "hasNonFoil": false, "identifiers": {"mtgjsonV4Id": "155b2bec-c633-54f7-99a8-fec2f48b9d1d", "scryfallId": "120a5d4e-a72a-40a5-baf1-1651be838199", "scryfallIllustrationId": "740cf9fc-085b-4e31-8734-f54304d73ae3", "scryfallOracleId": "b816b3cc-ae4b-4fb7-8b1a-e01ab83459a3", "tcgplayerProductId": "94981"}, "isOversized": true, "isReprint": true, "isStarter": true, "keywords": ["Lifelink"], "layout": "normal", "leadershipSkills": {"brawl": false, "commander": true, "oathbreaker": false}, "legalities": {"commander": "Legal", "duel": "Legal", "legacy": "Legal", "modern": "Legal", "penny": "Legal", "vintage": "Legal"}, "manaCost": "{2}{R}{W}", "manaValue": 4.0, "name": "Brion Stoutarm", "number": "2", "power": "4", "printings": ["A25", "CMD", "LRW", "OCM1", "PRES", "PRM", "PS11"], "purchaseUrls": {"tcgplayer": "https://mtgjson.com/links/786713f735bd801d"}, "rarity": "rare", "rulings": [{"date": "2018-03-16", "text": "If Brion Stoutarm leaves the battlefield after its ability has been activated but before it resolves, the game uses its last known information to determine that it had lifelink and you’ll gain life for the damage it deals."}], "setCode": "OCM1", "subtypes": ["Giant", "Warrior"], "supertypes": ["Legendary"], "text": "Lifelink\n{R}, {T}, Sacrifice another creature: Brion Stoutarm deals damage equal to the sacrificed creature's power to target player or planeswalker.", "toughness": "4", "type": "Legendary Creature — Giant Warrior", "types": ["Creature"], "uuid": "f9ae7e91-621a-5a30-8b1c-344eb23100b8"}, {"artist": "Chris Rahn", "availability": ["paper"], "borderColor": "black", "colorIdentity": ["B", "G"], "colors": ["B", "G"], "convertedManaCost": 3.0, "edhrecRank": 4025, "finishes": ["foil"], "foreignData": [], "frameVersion": "2003", "hasFoil": true, "hasNonFoil": false, "identifiers": {"mtgjsonV4Id": "a9c88355-d3e5-52c6-b75b-2f1c223d13a4", "scryfallId": "4f7fb05c-8b59-478c-9298-6cf8bc376557", "scryfallIllustrationId": "72e8fda5-6a45-41ab-849c-a86bd643ed67", "scryfallOracleId": "cafacba9-195c-44ea-ba80-3e489274759c", "tcgplayerProductId": "94982"}, "isOversized": true, "isReprint": true, "isStarter": true, "keywords": ["Deathtouch", "First strike"], "layout": "normal", "leadershipSkills": {"brawl": false, "commander": true, "oathbreaker": false}, "legalities": {"commander": "Legal", "duel": "Legal", "legacy": "Legal", "modern": "Legal", "penny": "Legal", "vintage": "Legal"}, "manaCost": "{B}{G}{G}", "manaValue": 3.0, "name": "Glissa, the Traitor", "number": "3", "power": "3", "printings": ["MBS", "OCM1", "PMBS", "PRM", "V16"], "purchaseUrls": {"tcgplayer": "https://mtgjson.com/links/d14c8b5facf3c0c5"}, "rarity": "mythic", "rulings": [{"date": "2011-06-01", "text": "If an artifact you own and a creature an opponent controls go to the graveyard at the same time, you may choose that artifact card as the target of Glissa, the Traitor’s ability (even if they’re the same card: an artifact creature you own that an opponent controlled)."}], "setCode": "OCM1", "subtypes": ["Phyrexian", "Zombie", "Elf"], "supertypes": ["Legendary"], "text": "First strike, deathtouch\nWhenever a creature an opponent controls dies, you may return target artifact card from your graveyard to your hand.", "toughness": "3", "type": "Legendary Creature — Phyrexian Zombie Elf", "types": ["Creature"], "uuid": "7b4fde9c-d4c0-56fe-b3fe-b70947a462c4"}, {"artist": "Paolo Parente", "availability": ["paper"], "borderColor": "black", "colorIdentity": ["R"], "colors": ["R"], "convertedManaCost": 6.0, "edhrecRank": 1729, "finishes": ["foil"], "foreignData": [], "frameVersion": "2003", "hasFoil": true, "hasNonFoil": false, "identifiers": {"mtgjsonV4Id": "d2efaefc-3912-5dbb-9ae0-6d56d31214e3", "scryfallId": "1a0c2008-d4ea-4cd9-9ef9-488db5d08220", "scryfallIllustrationId": "d4a5cf47-0d88-4ec5-b26d-7974123dbfa3", "scryfallOracleId": "f890d51a-dc90-4179-8423-4738a72a527c", "tcgplayerProductId": "94983"}, "isOversized": true, "isReprint": true, "isStarter": true, "layout": "normal", "leadershipSkills": {"brawl": false, "commander": true, "oathbreaker": false}, "legalities": {"commander": "Legal", "duel": "Legal", "legacy": "Legal", "modern": "Legal", "penny": "Legal", "vintage": "Legal"}, "manaCost": "{5}{R}", "manaValue": 6.0, "name": "Godo, Bandit Warlord", "number": "4", "power": "3", "printings": ["2XM", "C16", "CHK", "OCM1"], "purchaseUrls": {"tcgplayer": "https://mtgjson.com/links/8b1f54474902e916"}, "rarity": "rare", "rulings": [{"date": "2004-12-01", "text": "Unlike other effects that grant additional combat phases, you don’t get an additional main phase with Godo, Bandit Warlord. The additional combat phase happens immediately after the first combat phase."}], "setCode": "OCM1", "subtypes": ["Human", "Barbarian"], "supertypes": ["Legendary"], "text": "When Godo, Bandit Warlord enters the battlefield, you may search your library for an Equipment card, put it onto the battlefield, then shuffle.\nWhenever Godo attacks for the first time each turn, untap it and all Samurai you control. After this phase, there is an additional combat phase.", "toughness": "3", "type": "Legendary Creature — Human Barbarian", "types": ["Creature"], "uuid": "9be49864-82d3-580f-ada1-f5528fb9825c"}, {"artist": "Peter Mohrbacher", "availability": ["paper"], "borderColor": "black", "colorIdentity": ["B", "U"], "colors": ["B", "U"], "convertedManaCost": 5.0, "edhrecRank": 3837, "finishes": ["foil"], "foreignData": [], "frameVersion": "2003", "hasFoil": true, "hasNonFoil": false, "identifiers": {"mtgjsonV4Id": "3ed14508-ad3c-5aec-8866-c0ea479fdfad", "scryfallId": "f3b7c90e-888c-4447-b4be-40b3a8c42a2d", "scryfallIllustrationId": "f78c32cb-6238-4402-9ce8-19fd993c0ca8", "scryfallOracleId": "a2aa2c8f-7058-4020-9881-663b104ea051", "tcgplayerProductId": "94980"}, "isOversized": true, "isReprint": true, "isStarter": true, "layout": "normal", "leadershipSkills": {"brawl": false, "commander": true, "oathbreaker": false}, "legalities": {"commander": "Legal", "duel": "Legal", "legacy": "Legal", "modern": "Legal", "penny": "Legal", "vintage": "Legal"}, "manaCost": "{3}{U}{B}", "manaValue": 5.0, "name": "Grimgrin, Corpse-Born", "number": "5", "power": "5", "printings": ["ISD", "OCM1"], "purchaseUrls": {"tcgplayer": "https://mtgjson.com/links/f5606945dfad1bb9"}, "rarity": "mythic", "rulings": [{"date": "2011-09-22", "text": "If the targeted creature is an illegal target by the time Grimgrin’s last ability resolves, the entire ability doesn’t resolve and none of its effects will occur. You won’t put a +1/+1 counter on Grimgrin."}, {"date": "2011-09-22", "text": "If the defending player controls no creatures when Grimgrin attacks, the last ability will be removed from the stack and have no effect."}, {"date": "2013-07-01", "text": "If Grimgrin’s last ability resolves, but the targeted creature isn’t destroyed (perhaps because it regenerated or has indestructible), you’ll still put a +1/+1 on Grimgrin."}], "setCode": "OCM1", "subtypes": ["Zombie", "Warrior"], "supertypes": ["Legendary"], "text": "Grimgrin, Corpse-Born enters the battlefield tapped and doesn't untap during your untap step.\nSacrifice another creature: Untap Grimgrin and put a +1/+1 counter on it.\nWhenever Grimgrin attacks, destroy target creature defending player controls, then put a +1/+1 counter on Grimgrin.", "toughness": "5", "type": "Legendary Creature — Zombie Warrior", "types": ["Creature"], "uuid": "78f0514c-d39c-5156-b2b7-798f61d9b3ff"}, {"artist": "Mark Zug", "availability": ["paper"], "borderColor": "black", "colorIdentity": [], "colors": [], "convertedManaCost": 5.0, "edhrecRank": 5336, "finishes": ["foil"], "foreignData": [], "frameVersion": "2003", "hasFoil": true, "hasNonFoil": false, "identifiers": {"mtgjsonV4Id": "9ca00a12-fc36-5f62-83d3-1ee6d0a36769", "scryfallId": "80685f47-43f3-4fb9-a7ec-5d073aae9cdb", "scryfallIllustrationId": "8e1b8e7a-e168-4071-89e4-e4eb51fa285e", "scryfallOracleId": "8a7c6391-020a-4d7a-8abb-702631bbee56", "tcgplayerProductId": "94976"}, "isOversized": true, "isReprint": true, "isReserved": true, "isStarter": true, "layout": "normal", "leadershipSkills": {"brawl": false, "commander": true, "oathbreaker": false}, "legalities": {"commander": "Legal", "duel": "Legal", "legacy": "Legal", "penny": "Legal", "premodern": "Legal", "vintage": "Legal"}, "manaCost": "{5}", "manaValue": 5.0, "name": "Karn, Silver Golem", "number": "6", "power": "4", "printings": ["OCM1", "PAL99", "PRM", "USG", "V10", "VMA", "WC99"], "purchaseUrls": {"tcgplayer": "https://mtgjson.com/links/24edd8da70338b64"}, "rarity": "rare", "rulings": [{"date": "2004-10-04", "text": "The blocking ability triggers only once no matter how many blockers are declared."}, {"date": "2008-08-01", "text": "A noncreature permanent that turns into a creature can attack, and its {T} abilities can be activated, only if its controller has continuously controlled that permanent since the beginning of their most recent turn. It doesn’t matter how long the permanent has been a creature."}], "setCode": "OCM1", "subtypes": ["Golem"], "supertypes": ["Legendary"], "text": "Whenever Karn, Silver Golem blocks or becomes blocked, it gets -4/+4 until end of turn.\n{1}: Target noncreature artifact becomes an artifact creature with power and toughness each equal to its mana value until end of turn.", "toughness": "4", "type": "Legendary Artifact Creature — Golem", "types": ["Artifact", "Creature"], "uuid": "5b0a9d07-fc17-5290-bca3-ec0d0d8d2e02"}, {"artist": "Dave Kendall", "availability": ["paper"], "borderColor": "black", "colorIdentity": ["B", "G", "R"], "colors": ["B", "G", "R"], "convertedManaCost": 7.0, "edhrecRank": 3960, "finishes": ["foil"], "foreignData": [], "frameVersion": "2003", "hasFoil": true, "hasNonFoil": false, "identifiers": {"mtgjsonV4Id": "1f81b5a2-2cd9-5780-af38-ff7adb5d2da3", "scryfallId": "d23a170e-e248-4df8-b56a-7f04f8f923ee", "scryfallIllustrationId": "f5509fe6-e675-43bc-9b20-7ae1fa89d5db", "scryfallOracleId": "242dfae4-504c-45d4-9a49-f7ab515fd23a", "tcgplayerProductId": "94977"}, "isOversized": true, "isReprint": true, "isStarter": true, "keywords": ["Flying", "Haste"], "layout": "normal", "leadershipSkills": {"brawl": false, "commander": true, "oathbreaker": false}, "legalities": {"commander": "Legal", "duel": "Legal", "legacy": "Legal", "modern": "Legal", "penny": "Legal", "vintage": "Legal"}, "manaCost": "{4}{B}{R}{G}", "manaValue": 7.0, "name": "Karrthus, Tyrant of Jund", "number": "7", "power": "7", "printings": ["2XM", "ARB", "FMB1", "OCM1"], "purchaseUrls": {"tcgplayer": "https://mtgjson.com/links/9414b1b7329b0747"}, "rarity": "mythic", "rulings": [{"date": "2009-05-01", "text": "The triggered ability’s control-change effect has no duration. Each Dragon you gain control of this way will remain under your control until the game ends, that permanent leaves the battlefield, or some other effect changes its controller."}, {"date": "2009-05-01", "text": "When the triggered ability resolves, you’ll gain control of all Dragons, including the Dragons you already control (such as Karrthus itself). Usually this will have no appreciable effect, though it will override any previous control-change abilities (such as if you had gained control of one of those Dragons only for the rest of the turn). Then you’ll untap all Dragons, including the ones you already controlled and Karrthus itself (if it had somehow managed to become tapped by then)."}], "setCode": "OCM1", "subtypes": ["Dragon"], "supertypes": ["Legendary"], "text": "Flying, haste\nWhen Karrthus, Tyrant of Jund enters the battlefield, gain control of all Dragons, then untap all Dragons.\nOther Dragon creatures you control have haste.", "toughness": "7", "type": "Legendary Creature — Dragon", "types": ["Creature"], "uuid": "015415f4-1735-528c-9190-fa0ef8dc0dfd"}, {"artist": "Jason Chan", "availability": ["paper"], "borderColor": "black", "colorIdentity": ["G", "R", "W"], "colors": ["G", "R", "W"], "convertedManaCost": 3.0, "edhrecRank": 6066, "finishes": ["foil"], "foreignData": [], "frameVersion": "2003", "hasFoil": true, "hasNonFoil": false, "identifiers": {"mtgjsonV4Id": "0ec55797-1d3a-5813-a5c6-39d3703cdce3", "scryfallId": "2793cd18-b15c-4f8b-9b3b-35967a59f897", "scryfallIllustrationId": "968ddd02-0942-41f4-8f2c-58ffb2ec2681", "scryfallOracleId": "7f546d54-584d-4bec-8fbb-1ea2f8ab277e"}, "isOversized": true, "isReprint": true, "isStarter": true, "layout": "normal", "leadershipSkills": {"brawl": false, "commander": true, "oathbreaker": false}, "legalities": {"commander": "Legal", "duel": "Legal", "legacy": "Legal", "modern": "Legal", "penny": "Legal", "vintage": "Legal"}, "manaCost": "{R}{G}{W}", "manaValue": 3.0, "name": "Mayael the Anima", "number": "8", "power": "2", "printings": ["ALA", "C13", "OC13", "OCM1"], "purchaseUrls": {}, "rarity": "mythic", "rulings": [], "setCode": "OCM1", "subtypes": ["Elf", "Shaman"], "supertypes": ["Legendary"], "text": "{3}{R}{G}{W}, {T}: Look at the top five cards of your library. You may put a creature card with power 5 or greater from among them onto the battlefield. Put the rest on the bottom of your library in any order.", "toughness": "3", "type": "Legendary Creature — Elf Shaman", "types": ["Creature"], "uuid": "d54582fa-a8c2-542a-a5ef-4cbbc8ea49ca"}, {"artist": "Ron Spencer", "availability": ["paper"], "borderColor": "black", "colorIdentity": ["B", "G", "R", "U", "W"], "colors": ["B", "G", "R", "U", "W"], "convertedManaCost": 5.0, "edhrecRank": 4399, "finishes": ["foil"], "flavorText": "Her children are ever part of her.", "foreignData": [], "frameVersion": "2003", "hasFoil": true, "hasNonFoil": false, "identifiers": {"mtgjsonV4Id": "45d38d83-e543-56f0-8593-5814d6581d00", "scryfallId": "ab68bd00-7151-4a6b-ad98-134ca02d7d59", "scryfallIllustrationId": "97f5100a-2a65-41cf-b199-ce6019f40181", "scryfallOracleId": "b8376cca-ea96-478a-8e98-c4482031300a"}, "isOversized": true, "isReprint": true, "isReserved": true, "isStarter": true, "layout": "normal", "leadershipSkills": {"brawl": false, "commander": true, "oathbreaker": false}, "legalities": {"commander": "Legal", "duel": "Legal", "legacy": "Legal", "penny": "Legal", "premodern": "Legal", "vintage": "Legal"}, "manaCost": "{W}{U}{B}{R}{G}", "manaValue": 5.0, "name": "Sliver Queen", "number": "9", "power": "7", "printings": ["OCM1", "PRM", "STH", "TPR"], "purchaseUrls": {}, "rarity": "rare", "rulings": [], "setCode": "OCM1", "subtypes": ["Sliver"], "supertypes": ["Legendary"], "text": "{2}: Create a 1/1 colorless Sliver creature token.", "toughness": "7", "type": "Legendary Creature — Sliver", "types": ["Creature"], "uuid": "19c30231-aeab-50b4-b5fa-9a24c20c3c54"}, {"artist": "Pete Venters", "availability": ["paper"], "borderColor": "black", "colorIdentity": ["B", "U", "W"], "colors": ["B", "U", "W"], "convertedManaCost": 4.0, "edhrecRank": 2108, "finishes": ["foil"], "flavorText": "Zur remained aloof from Terisiare's suffering, intent only on his own perfection.", "foreignData": [], "frameVersion": "2003", "hasFoil": true, "hasNonFoil": false, "identifiers": {"mtgjsonV4Id": "d04c1742-1bcc-5c00-8b73-c0731d58c881", "scryfallId": "a87d21ca-79f0-4d08-8441-625aac02fadf", "scryfallIllustrationId": "261da4b7-edd5-42be-8865-d32884f57498", "scryfallOracleId": "d7950018-d744-48a8-81aa-0d8384703f48", "tcgplayerProductId": "94979"}, "isOversized": true, "isReprint": true, "isStarter": true, "keywords": ["Flying"], "layout": "normal", "leadershipSkills": {"brawl": false, "commander": true, "oathbreaker": false}, "legalities": {"commander": "Legal", "duel": "Legal", "legacy": "Legal", "modern": "Legal", "penny": "Legal", "vintage": "Legal"}, "manaCost": "{1}{W}{U}{B}", "manaValue": 4.0, "name": "Zur the Enchanter", "number": "10", "power": "1", "printings": ["CMR", "CSP", "J16", "MM3", "OCM1", "PRM"], "purchaseUrls": {"tcgplayer": "https://mtgjson.com/links/fb476ed28a35d7ec"}, "rarity": "rare", "rulings": [{"date": "2020-11-10", "text": "If you put an Aura onto the battlefield without being cast, you choose what it will enchant as it enters the battlefield. An Aura put onto the battlefield this way doesn’t target anything (so it could be attached to an opponent’s permanent with hexproof, for example), but the Aura’s enchant ability restricts what it can be attached to. If the Aura can’t legally be attached to anything, it remains in your library."}], "setCode": "OCM1", "subtypes": ["Human", "Wizard"], "supertypes": ["Legendary"], "text": "Flying\nWhenever Zur the Enchanter attacks, you may search your library for an enchantment card with mana value 3 or less, put it onto the battlefield, then shuffle.", "toughness": "4", "type": "Legendary Creature — Human Wizard", "types": ["Creature"], "uuid": "f5a1b3ff-23f0-59b3-ade8-9c10d43a89c8"}], "code": "OCM1", "isFoilOnly": true, "isOnlineOnly": false, "keyruneCode": "CM1", "name": "Commander's Arsenal Oversized", "parentCode": "CM1", "releaseDate": "2012-11-02", "tokens": [], "totalSetSize": 10, "translations": {}, "type": "memorabilia"}
