{"cards": [{"artist": "Dan Scott", "availability": ["paper"], "borderColor": "black", "colorIdentity": ["G", "R", "U"], "colors": ["G", "R", "U"], "convertedManaCost": 6.0, "edhrecRank": 3566, "finishes": ["foil"], "foreignData": [], "frameVersion": "2003", "hasFoil": true, "hasNonFoil": false, "identifiers": {"mtgjsonV4Id": "e8acea6c-d193-597a-ba1c-50fae8949789", "scryfallId": "d04322ab-c688-451f-acc9-a45b3c912b38", "scryfallIllustrationId": "af9bb215-98dd-4ec6-b9d9-d75f4c518c0f", "scryfallOracleId": "9518ffbc-bb3d-4f48-a900-f5bad8302a87", "tcgplayerProductId": "70770"}, "isOversized": true, "isReprint": true, "isStarter": true, "keywords": ["Flying"], "layout": "normal", "leadershipSkills": {"brawl": false, "commander": true, "oathbreaker": false}, "legalities": {"commander": "Legal", "duel": "Legal", "legacy": "Legal", "modern": "Legal", "penny": "Legal", "vintage": "Legal"}, "manaCost": "{3}{G}{U}{R}", "manaValue": 6.0, "name": "Intet, the Dreamer", "number": "174", "power": "6", "printings": ["C17", "CMD", "OCMD", "PLC"], "purchaseUrls": {"tcgplayer": "https://mtgjson.com/links/e82b8b97ddd6fd04"}, "rarity": "rare", "rulings": [{"date": "2007-02-01", "text": "After Intet leaves the battlefield, if a card exiled this way is still exiled, you may still look at it. You won’t be able to play it, though."}, {"date": "2007-02-01", "text": "Once you play a card this way, it leaves the Exile zone and goes to the stack. You won’t be able to play it again."}], "setCode": "OCMD", "subtypes": ["Dragon"], "supertypes": ["Legendary"], "text": "Flying\nWhenever Intet, the Dreamer deals combat damage to a player, you may pay {2}{U}. If you do, exile the top card of your library face down. You may look at that card for as long as it remains exiled. You may play that card without paying its mana cost for as long as Intet remains on the battlefield.", "toughness": "6", "type": "Legendary Creature — Dragon", "types": ["Creature"], "uuid": "0d1efbf9-d1d7-5ef0-aa2e-e9a66b3dc99a"}, {"artist": "Peter Mohrbacher", "availability": ["paper"], "borderColor": "black", "colorIdentity": ["G", "R", "U"], "colors": ["G", "R", "U"], "convertedManaCost": 3.0, "edhrecRank": 2221, "finishes": ["foil"], "foreignData": [], "frameVersion": "2003", "hasFoil": true, "hasNonFoil": false, "identifiers": {"mtgjsonV4Id": "d3733ba3-8fcc-514a-a1de-854a7bce356e", "scryfallId": "5e03c1ab-dd9c-434a-9aa2-59a4d314579e", "scryfallIllustrationId": "99c11f64-4fda-41af-ad5b-29d4554de465", "scryfallOracleId": "725880b2-1675-414f-b61b-cf6533797dbf", "tcgplayerProductId": "70767"}, "isOversized": true, "isReprint": true, "isStarter": true, "keywords": ["Protection"], "layout": "normal", "leadershipSkills": {"brawl": false, "commander": true, "oathbreaker": false}, "legalities": {"commander": "Legal", "duel": "Legal", "legacy": "Legal", "vintage": "Legal"}, "manaCost": "{G}{U}{R}", "manaValue": 3.0, "name": "Animar, Soul of Elements", "number": "181", "power": "1", "printings": ["A25", "CMD", "MB1", "OCMD", "PZ1"], "purchaseUrls": {"tcgplayer": "https://mtgjson.com/links/b5ebb4b8963ffec8"}, "rarity": "mythic", "rulings": [{"date": "2018-03-16", "text": "Animar’s triggered ability triggers only when a creature spell is cast, after costs are paid. The counter put on Animar for a creature spell won’t affect the cost of that creature spell, only future ones."}, {"date": "2018-03-16", "text": "Animar’s triggered ability resolves before the creature spell that causes it to trigger. The ability will resolve even if that spell is countered."}, {"date": "2018-03-16", "text": "To determine the total cost of a creature spell, start with the mana cost or alternative cost you’re paying, add any cost increases, then apply any cost reductions. The mana value of the creature remains unchanged, no matter what the total cost to cast it was."}], "setCode": "OCMD", "subtypes": ["Elemental"], "supertypes": ["Legendary"], "text": "Protection from white and from black\nWhenever you cast a creature spell, put a +1/+1 counter on Animar, Soul of Elements.\nCreature spells you cast cost {1} less to cast for each +1/+1 counter on Animar.", "toughness": "1", "type": "Legendary Creature — Elemental", "types": ["Creature"], "uuid": "adddb03e-27ab-532e-9e4e-f5bc860a8bfc"}, {"artist": "Steve Argyle", "availability": ["paper"], "borderColor": "black", "colorIdentity": ["B", "G", "U"], "colors": ["B", "G", "U"], "convertedManaCost": 7.0, "edhrecRank": 5299, "finishes": ["foil"], "flavorText": "Ask your query and be on your way. Just don't look her in the eye.", "foreignData": [], "frameVersion": "2003", "hasFoil": true, "hasNonFoil": false, "identifiers": {"mtgjsonV4Id": "3ebc6e58-a22f-58d2-ae54-7987246be928", "scryfallId": "299e20e6-6670-4904-bc62-c51acc23ee9b", "scryfallIllustrationId": "a63a8a17-1272-4f86-bb63-3dde071e8790", "scryfallOracleId": "eb7ae3e8-0489-4f3a-8343-7e7ec2fe3f01", "tcgplayerProductId": "70768"}, "isOversized": true, "isReprint": true, "isStarter": true, "keywords": ["Deathtouch"], "layout": "normal", "leadershipSkills": {"brawl": false, "commander": true, "oathbreaker": false}, "legalities": {"commander": "Legal", "duel": "Legal", "legacy": "Legal", "vintage": "Legal"}, "manaCost": "{4}{B}{G}{U}", "manaValue": 7.0, "name": "Damia, Sage of Stone", "number": "191", "power": "4", "printings": ["CM2", "CMD", "OCMD"], "purchaseUrls": {"tcgplayer": "https://mtgjson.com/links/e0176b624ee9d3a8"}, "rarity": "mythic", "rulings": [{"date": "2011-09-22", "text": "The number of cards in your hand is checked at the beginning of your upkeep before you have the opportunity to cast spells and activate abilities. If you have seven or more cards in your hand at that time, Damia’s last ability won’t trigger."}, {"date": "2011-09-22", "text": "After the ability has triggered but before it resolves, you have the opportunity to cast spells and activate abilities."}, {"date": "2011-09-22", "text": "When Damia’s triggered ability tries to resolve, if you have seven or more cards in your hand, it will have no effect. If you have fewer than seven cards in your hand, you’ll determine the difference and draw that many cards."}, {"date": "2011-09-22", "text": "Effects can modify the number of cards you’ll draw. For example, if you have four cards in your hand and control Thought Reflection (“If you would draw a card, draw two cards instead.”), you’ll draw six cards."}], "setCode": "OCMD", "subtypes": ["Gorgon", "Wizard"], "supertypes": ["Legendary"], "text": "Deathtouch\nSkip your draw step.\nAt the beginning of your upkeep, if you have fewer than seven cards in hand, draw cards equal to the difference.", "toughness": "4", "type": "Legendary Creature — Gorgon Wizard", "types": ["Creature"], "uuid": "3e456a02-3582-58b8-9591-3539b808f0bb"}, {"artist": "James Paick", "availability": ["paper"], "borderColor": "black", "colorIdentity": ["B", "G", "W"], "colors": ["B", "G", "W"], "convertedManaCost": 5.0, "edhrecRank": 2935, "finishes": ["foil"], "foreignData": [], "frameVersion": "2003", "hasFoil": true, "hasNonFoil": false, "identifiers": {"mtgjsonV4Id": "93e8557e-33d6-5045-a4c5-7ed7a8028166", "scryfallId": "fe0a5552-76f6-46b6-9ac4-b5a09fa88afb", "scryfallIllustrationId": "76f85ba1-dac7-4833-9e57-851cd389f5be", "scryfallOracleId": "e579a72f-4933-40fe-9e57-96f8d65370bc", "tcgplayerProductId": "70769"}, "isOversized": true, "isReprint": true, "isStarter": true, "layout": "normal", "leadershipSkills": {"brawl": false, "commander": true, "oathbreaker": false}, "legalities": {"commander": "Legal", "duel": "Legal", "legacy": "Legal", "vintage": "Legal"}, "manaCost": "{2}{W}{B}{G}", "manaValue": 5.0, "name": "Ghave, Guru of Spores", "number": "200", "power": "0", "printings": ["C16", "CM2", "CMD", "OCMD", "PZ1"], "purchaseUrls": {"tcgplayer": "https://mtgjson.com/links/3bfa317c1f50d1a3"}, "rarity": "mythic", "rulings": [], "setCode": "OCMD", "subtypes": ["Fungus", "Shaman"], "supertypes": ["Legendary"], "text": "Ghave, Guru of Spores enters the battlefield with five +1/+1 counters on it.\n{1}, Remove a +1/+1 counter from a creature you control: Create a 1/1 green Saproling creature token.\n{1}, Sacrifice a creature: Put a +1/+1 counter on target creature.", "toughness": "0", "type": "Legendary Creature — Fungus Shaman", "types": ["Creature"], "uuid": "8e15d9b4-a7ce-5344-86b6-0c1fe118419d"}, {"artist": "Michael Komarck", "availability": ["paper"], "borderColor": "black", "colorIdentity": ["B", "R", "W"], "colors": ["B", "R", "W"], "convertedManaCost": 4.0, "edhrecRank": 2758, "finishes": ["foil"], "flavorText": "\"I'll have my revenge if I have to call on every force from above and below.\"", "foreignData": [], "frameVersion": "2003", "hasFoil": true, "hasNonFoil": false, "identifiers": {"mtgjsonV4Id": "adc328cc-b2e8-5eae-955f-4c371c53b5d4", "scryfallId": "279ed2e3-3f47-4db2-95f3-61f5e0acb938", "scryfallIllustrationId": "3525ad2c-4be9-4e94-8f42-297667a38d2e", "scryfallOracleId": "cb8d80c9-ed58-4f2d-aa8c-c383370c7f1a", "tcgplayerProductId": "70771"}, "isOversized": true, "isReprint": true, "isStarter": true, "keywords": ["Flying"], "layout": "normal", "leadershipSkills": {"brawl": false, "commander": true, "oathbreaker": false}, "legalities": {"commander": "Legal", "duel": "Legal", "legacy": "Legal", "vintage": "Legal"}, "manaCost": "{1}{R}{W}{B}", "manaValue": 4.0, "name": "Kaalia of the Vast", "number": "206", "power": "2", "printings": ["2XM", "CM1", "CMA", "CMD", "OCMD", "PRM", "PZ1"], "purchaseUrls": {"tcgplayer": "https://mtgjson.com/links/17a4c85abfa9a202"}, "rarity": "mythic", "rulings": [{"date": "2011-09-22", "text": "Kaalia’s ability doesn’t trigger if it attacks a planeswalker."}, {"date": "2011-09-22", "text": "The creature card is already tapped and attacking as it’s put onto the battlefield. Any abilities that trigger when a creature becomes tapped or when a creature attacks won’t trigger for that card."}, {"date": "2011-09-22", "text": "If the opponent Kaalia attacked is no longer in the game when its ability resolves, you may put an Angel, Demon, or Dragon creature card onto the battlefield tapped, but it won’t be attacking anyone and it won’t be an attacking creature."}], "setCode": "OCMD", "subtypes": ["Human", "Cleric"], "supertypes": ["Legendary"], "text": "Flying\nWhenever Kaalia of the Vast attacks an opponent, you may put an Angel, Demon, or Dragon creature card from your hand onto the battlefield tapped and attacking that opponent.", "toughness": "2", "type": "Legendary Creature — Human Cleric", "types": ["Creature"], "uuid": "deb78433-f189-5cfc-888d-34e70e990cd2"}, {"artist": "Todd Lockwood", "availability": ["paper"], "borderColor": "black", "colorIdentity": ["B", "G", "W"], "colors": ["B", "G", "W"], "convertedManaCost": 8.0, "edhrecRank": 4281, "finishes": ["foil"], "flavorText": "\"Death tried to uncrown me. But now I return, king of a greater realm.\"", "foreignData": [], "frameVersion": "2003", "hasFoil": true, "hasNonFoil": false, "identifiers": {"mtgjsonV4Id": "27451b67-fdfd-5dd9-8784-38783d813cf0", "scryfallId": "104e146a-6acd-4371-a91d-b47aba75a41e", "scryfallIllustrationId": "e0e67458-dc54-4289-b75a-25d47923b1c6", "scryfallOracleId": "304c194f-fa0b-42e5-93ca-8c587181d33c", "tcgplayerProductId": "70772"}, "isOversized": true, "isReprint": true, "isStarter": true, "layout": "normal", "leadershipSkills": {"brawl": false, "commander": true, "oathbreaker": false}, "legalities": {"commander": "Legal", "duel": "Legal", "legacy": "Legal", "penny": "Legal", "vintage": "Legal"}, "manaCost": "{5}{W}{B}{G}", "manaValue": 8.0, "name": "Karador, Ghost Chieftain", "number": "207", "power": "3", "printings": ["CMD", "CMR", "J14", "OCMD", "PRM"], "purchaseUrls": {"tcgplayer": "https://mtgjson.com/links/52c8204782c7f697"}, "rarity": "mythic", "rulings": [{"date": "2020-11-10", "text": "To determine the total cost of a spell, start with the mana cost or alternative cost you’re paying, add any cost increases (such as the commander tax), then apply any cost reductions (such as that of Karador). The converted mana cost of the spell is determined only by its mana cost, no matter what the total cost to cast the spell was."}, {"date": "2020-11-10", "text": "You must follow the normal timing permissions and restrictions of the spell you cast from your graveyard."}, {"date": "2020-11-10", "text": "You must pay the costs to cast that spell. If it has an alternative cost, you may cast it for that cost instead."}, {"date": "2020-11-10", "text": "Once you begin to cast the spell, losing control of Karador won’t affect the spell. You can finish casting it as normal."}, {"date": "2020-11-10", "text": "If multiple effects allow you to play a card from your graveyard, you must announce which permission you’re using as you begin to play the card."}, {"date": "2020-11-10", "text": "If you cast one creature spell from your graveyard and then have a new Karador come under your control in the same turn, you may cast another creature spell from your graveyard that turn."}, {"date": "2020-11-10", "text": "If a creature card is put into your graveyard during your main phase and the stack is empty, you have a chance to cast it before any player may attempt to remove that card from your graveyard."}], "setCode": "OCMD", "subtypes": ["Centaur", "Spirit"], "supertypes": ["Legendary"], "text": "This spell costs {1} less to cast for each creature card in your graveyard.\nDuring each of your turns, you may cast a creature spell from your graveyard.", "toughness": "4", "type": "Legendary Creature — Centaur Spirit", "types": ["Creature"], "uuid": "84925c07-94df-5d6c-8411-fbc3eee337ef"}, {"artist": "Svetlin Velinov", "availability": ["paper"], "borderColor": "black", "colorIdentity": ["B", "G", "U"], "colors": ["B", "G", "U"], "convertedManaCost": 5.0, "edhrecRank": 4710, "finishes": ["foil"], "foreignData": [], "frameVersion": "2003", "hasFoil": true, "hasNonFoil": false, "identifiers": {"mtgjsonV4Id": "f8d01751-3e89-5b25-99fe-ae4c58885ba3", "scryfallId": "28a5e269-cde0-4181-952c-8a53d1568c27", "scryfallIllustrationId": "72c5f471-fb0c-49b2-a954-4f8a9d4cb71f", "scryfallOracleId": "55123455-d435-46d4-b0cd-0c1614343be2", "tcgplayerProductId": "70779"}, "isOversized": true, "isReprint": true, "isStarter": true, "layout": "normal", "leadershipSkills": {"brawl": false, "commander": true, "oathbreaker": false}, "legalities": {"commander": "Legal", "duel": "Legal", "legacy": "Legal", "vintage": "Legal"}, "manaCost": "{2}{B}{G}{U}", "manaValue": 5.0, "name": "The Mimeoplasm", "number": "210", "power": "0", "printings": ["CM1", "CM2", "CMD", "OCMD", "PZ1", "SLD"], "purchaseUrls": {"tcgplayer": "https://mtgjson.com/links/e40a61a0bc5da2cd"}, "rarity": "mythic", "rulings": [{"date": "2011-09-22", "text": "The two creature cards may come from the same graveyard or different graveyards."}, {"date": "2011-09-22", "text": "You can’t choose to exile just one creature card."}, {"date": "2011-09-22", "text": "You choose which one The Mimeoplasm is copying and which one determines how many +1/+1 counters are placed on The Mimeoplasm as The Mimeoplasm enters the battlefield."}, {"date": "2011-09-22", "text": "Treat The Mimeoplasm as though it were the creature card it’s copying entering the battlefield. Any “As [this card] enters the battlefield,” “[This card] enters the battlefield with,” and “When [this card] enters the battlefield” abilities of that creature card will work."}, {"date": "2011-09-22", "text": "Specifically, if The Mimeoplasm enters the battlefield as a copy of a creature card that enters the battlefield with a number of +1/+1 counters, The Mimeoplasm will enter the battlefield with those +1/+1 counters and +1/+1 counters equal to the power of the other exiled card."}], "setCode": "OCMD", "subtypes": ["Ooze"], "supertypes": ["Legendary"], "text": "As The Mimeoplasm enters the battlefield, you may exile two creature cards from graveyards. If you do, it enters the battlefield as a copy of one of those cards with a number of additional +1/+1 counters on it equal to the power of the other card.", "toughness": "0", "type": "Legendary Creature — Ooze", "types": ["Creature"], "uuid": "62660eb2-98b5-507b-8ccd-9b9beba28589"}, {"artist": "Dan Dos Santos", "availability": ["paper"], "borderColor": "black", "colorIdentity": ["R", "U", "W"], "colors": ["R", "U", "W"], "convertedManaCost": 6.0, "edhrecRank": 7134, "finishes": ["foil"], "foreignData": [], "frameVersion": "2003", "hasFoil": true, "hasNonFoil": false, "identifiers": {"mtgjsonV4Id": "e4ae06d2-3d15-597b-ae56-05b090c6458a", "scryfallId": "073438f2-0897-4226-b42a-4fd26d8f4e71", "scryfallIllustrationId": "7f5a3f9d-ab06-4847-b0da-b0a4f2f109cb", "scryfallOracleId": "1c6d4322-1588-4fc2-a60a-5b5e724638c5", "tcgplayerProductId": "70773"}, "isOversized": true, "isReprint": true, "isStarter": true, "keywords": ["Flying"], "layout": "normal", "leadershipSkills": {"brawl": false, "commander": true, "oathbreaker": false}, "legalities": {"commander": "Legal", "duel": "Legal", "legacy": "Legal", "modern": "Legal", "penny": "Legal", "vintage": "Legal"}, "manaCost": "{3}{U}{R}{W}", "manaValue": 6.0, "name": "Numot, the Devastator", "number": "215", "power": "6", "printings": ["CMD", "OCMD", "PLC"], "purchaseUrls": {"tcgplayer": "https://mtgjson.com/links/185e54fb29aa288e"}, "rarity": "rare", "rulings": [{"date": "2007-02-01", "text": "You choose the targets when the ability is put on the stack, and you choose whether to pay when it resolves. You may choose zero targets. You can pay the mana even if you chose zero targets."}], "setCode": "OCMD", "subtypes": ["Dragon"], "supertypes": ["Legendary"], "text": "Flying\nWhenever Numot, the Devastator deals combat damage to a player, you may pay {2}{R}. If you do, destroy up to two target lands.", "toughness": "6", "type": "Legendary Creature — Dragon", "types": ["Creature"], "uuid": "4765a164-d4d5-52e9-a4e3-194554d6d379"}, {"artist": "Daren Bader", "availability": ["paper"], "borderColor": "black", "colorIdentity": ["B", "R", "W"], "colors": ["B", "R", "W"], "convertedManaCost": 6.0, "edhrecRank": 8317, "finishes": ["foil"], "foreignData": [], "frameVersion": "2003", "hasFoil": true, "hasNonFoil": false, "identifiers": {"mtgjsonV4Id": "d766766b-aa62-599e-8f2c-1813c682999b", "scryfallId": "4119ebed-d4d0-415c-81d5-bbe9134a1dec", "scryfallIllustrationId": "d3590a7a-bbf2-4639-a773-8438491a3bdb", "scryfallOracleId": "454b898f-b134-4d63-ae7b-1e736964cd48", "tcgplayerProductId": "70774"}, "isOversized": true, "isReprint": true, "isStarter": true, "keywords": ["Flying"], "layout": "normal", "leadershipSkills": {"brawl": false, "commander": true, "oathbreaker": false}, "legalities": {"commander": "Legal", "duel": "Legal", "legacy": "Legal", "modern": "Legal", "penny": "Legal", "vintage": "Legal"}, "manaCost": "{3}{R}{W}{B}", "manaValue": 6.0, "name": "Oros, the Avenger", "number": "216", "power": "6", "printings": ["CMA", "CMD", "OCMD", "PLC", "PPLC", "PRM"], "purchaseUrls": {"tcgplayer": "https://mtgjson.com/links/be484586467cf6cf"}, "rarity": "rare", "rulings": [], "setCode": "OCMD", "subtypes": ["Dragon"], "supertypes": ["Legendary"], "text": "Flying\nWhenever Oros, the Avenger deals combat damage to a player, you may pay {2}{W}. If you do, Oros deals 3 damage to each nonwhite creature.", "toughness": "6", "type": "Legendary Creature — Dragon", "types": ["Creature"], "uuid": "5662f43a-998e-55cc-9540-e36d0ff958eb"}, {"artist": "Izzy", "availability": ["paper"], "borderColor": "black", "colorIdentity": ["G", "R", "U"], "colors": ["G", "R", "U"], "convertedManaCost": 5.0, "edhrecRank": 3863, "finishes": ["foil"], "foreignData": [], "frameVersion": "2003", "hasFoil": true, "hasNonFoil": false, "identifiers": {"mtgjsonV4Id": "6f90c17d-6564-5cdc-8db9-022f8d4ec5f4", "scryfallId": "87d0ac34-a04d-426c-8392-6e12bdeb7760", "scryfallIllustrationId": "3adc962b-483d-4b31-8da2-4c1bfad74513", "scryfallOracleId": "f697c78d-7e4f-4320-bfc6-2a25e6d7dc94", "tcgplayerProductId": "70775"}, "isOversized": true, "isReprint": true, "isStarter": true, "layout": "normal", "leadershipSkills": {"brawl": false, "commander": true, "oathbreaker": false}, "legalities": {"commander": "Legal", "duel": "Legal", "legacy": "Legal", "vintage": "Legal"}, "manaCost": "{2}{G}{U}{R}", "manaValue": 5.0, "name": "Riku of Two Reflections", "number": "220", "power": "2", "printings": ["2XM", "CMD", "J14", "OCMD", "PRM"], "purchaseUrls": {"tcgplayer": "https://mtgjson.com/links/9c61729943fa7866"}, "rarity": "mythic", "rulings": [{"date": "2011-09-22", "text": "Each time the first ability triggers, you can pay {U}{R} only one time to get one copy of the spell. Each time the second ability triggers, you can pay {G}{U} only one time to get one token."}, {"date": "2011-09-22", "text": "If the spell that caused Riku’s first ability to trigger has left the stack by the time the ability resolves, you can still pay {U}{R}. If you do, you’ll copy the spell as it last existed on the stack."}, {"date": "2011-09-22", "text": "Riku’s first ability triggers whenever you cast any instant or sorcery spell, regardless of whether that spell has targets."}, {"date": "2011-09-22", "text": "If the copied spell has {X} in its mana cost, the value of X is copied."}, {"date": "2011-09-22", "text": "If the copied spell is modal (that is, it says “Choose one —” or the like), the copy has the same mode as the original spell. You can’t choose a different one."}, {"date": "2011-09-22", "text": "You can’t pay any additional costs for the copy. However, effects based on any additional costs paid for the original spell are copied as though those same costs were paid for the copy. Notably, if the original spell was kicked (or kicked a certain number of times), the copy will also be kicked (or kicked that many times)."}, {"date": "2011-09-22", "text": "If the creature that caused Riku’s second ability to trigger has already left the battlefield by the time the ability resolves, you can still pay {G}{U}. If you do, you’ll still put a token onto the battlefield. That token has the copiable values of the characteristics of that creature as it last existed on the battlefield."}, {"date": "2011-09-22", "text": "As the token is created, it checks the printed values of the creature it’s copying, as well as any copy effects that have been applied to it."}, {"date": "2011-09-22", "text": "The copiable values of the token’s characteristics are the same as the copiable values of the characteristics of the creature it’s copying."}, {"date": "2011-09-22", "text": "If the creature had {X} in its mana cost, X must be 0. Note this is different from an {X} found in the mana cost of a copied spell."}], "setCode": "OCMD", "subtypes": ["Human", "Wizard"], "supertypes": ["Legendary"], "text": "Whenever you cast an instant or sorcery spell, you may pay {U}{R}. If you do, copy that spell. You may choose new targets for the copy.\nWhenever another nontoken creature enters the battlefield under your control, you may pay {G}{U}. If you do, create a token that's a copy of that creature.", "toughness": "2", "type": "Legendary Creature — Human Wizard", "types": ["Creature"], "uuid": "2d063597-fa42-5841-84cb-31cb1f39df6b"}, {"artist": "Raymond Swanland", "availability": ["paper"], "borderColor": "black", "colorIdentity": ["R", "U", "W"], "colors": ["R", "U", "W"], "convertedManaCost": 4.0, "edhrecRank": 8125, "finishes": ["foil"], "flavorText": "Unfettered by allegiance, driven by war.", "foreignData": [], "frameVersion": "2003", "hasFoil": true, "hasNonFoil": false, "identifiers": {"mtgjsonV4Id": "fd1662ec-bc3c-5f75-8dee-0726da7a2f5c", "scryfallId": "ccafb9b7-c9f4-46e6-91a7-dc34849d8aca", "scryfallIllustrationId": "5dc69ac5-286a-4c4b-a3dd-7ec174820e79", "scryfallOracleId": "82d109ea-3421-46eb-9bbf-f7f28b548ea6", "tcgplayerProductId": "70776"}, "isOversized": true, "isReprint": true, "isStarter": true, "layout": "normal", "leadershipSkills": {"brawl": false, "commander": true, "oathbreaker": false}, "legalities": {"commander": "Legal", "duel": "Legal", "legacy": "Legal", "vintage": "Legal"}, "manaCost": "{1}{U}{R}{W}", "manaValue": 4.0, "name": "Ruhan of the Fomori", "number": "221", "power": "7", "printings": ["CMD", "OCMD"], "purchaseUrls": {"tcgplayer": "https://mtgjson.com/links/9bfd5ab8cca49b09"}, "rarity": "mythic", "rulings": [{"date": "2011-09-22", "text": "Ruhan must attack the chosen player if able, not a planeswalker controlled by the chosen player."}, {"date": "2011-09-22", "text": "If, during your declare attackers step, Ruhan is tapped, is affected by a spell or ability that says it can’t attack, or hasn’t been under your control continuously since your turn began (and doesn’t have haste), then it doesn’t attack. If there’s a cost associated with having Ruhan attack the chosen player, you aren’t forced to pay that cost, so it doesn’t have to attack that player in that case either."}, {"date": "2011-09-22", "text": "If Ruhan isn’t forced to attack the chosen player for one of the above reasons but can still attack, you may choose to have Ruhan attack another player, attack a planeswalker, or not attack at all."}, {"date": "2011-09-22", "text": "If your turn has multiple combat phases, Ruhan’s ability triggers at the beginning of each of them. Ignore any choices made during previous combat phases."}], "setCode": "OCMD", "subtypes": ["Giant", "Warrior"], "supertypes": ["Legendary"], "text": "At the beginning of combat on your turn, choose an opponent at random. Ruhan of the Fomori attacks that player this combat if able.", "toughness": "7", "type": "Legendary Creature — Giant Warrior", "types": ["Creature"], "uuid": "2a8c7039-e3f2-55ed-99d1-bae09b496840"}, {"artist": "Wayne Reynolds", "availability": ["paper"], "borderColor": "black", "colorIdentity": ["B", "R", "W"], "colors": ["B", "R", "W"], "convertedManaCost": 7.0, "edhrecRank": 5154, "finishes": ["foil"], "flavorText": "\"After death you face paradise, damnation, or Tariel.\"\n—Priest's teaching", "foreignData": [], "frameVersion": "2003", "hasFoil": true, "hasNonFoil": false, "identifiers": {"mtgjsonV4Id": "3c0598c3-71bd-531e-9c38-eb4eab8ebc29", "scryfallId": "71eee2fb-3a05-4865-b6a1-4befe9190a35", "scryfallIllustrationId": "f9b538cb-50fe-4718-a8fb-78a672587f58", "scryfallOracleId": "9c00b503-ae5e-4ce3-ad6a-92b541b2e3cd", "tcgplayerProductId": "70777"}, "isOversized": true, "isReprint": true, "isStarter": true, "keywords": ["Flying", "Vigilance"], "layout": "normal", "leadershipSkills": {"brawl": false, "commander": true, "oathbreaker": false}, "legalities": {"commander": "Legal", "duel": "Legal", "legacy": "Legal", "vintage": "Legal"}, "manaCost": "{4}{R}{W}{B}", "manaValue": 7.0, "name": "Tariel, Reckoner of Souls", "number": "229", "power": "4", "printings": ["CMA", "CMD", "OCMD", "V15"], "purchaseUrls": {"tcgplayer": "https://mtgjson.com/links/23e9c0c29d3b63d9"}, "rarity": "mythic", "rulings": [{"date": "2011-09-22", "text": "The only target of this ability is the opponent."}, {"date": "2011-09-22", "text": "The creature card is chosen at random from among creature cards in the target opponent’s graveyard as the ability resolves. Players can respond to the ability knowing the targeted player, but they won’t know which creature card is about to enter the battlefield."}], "setCode": "OCMD", "subtypes": ["Angel"], "supertypes": ["Legendary"], "text": "Flying, vigilance\n{T}: Choose a creature card at random from target opponent's graveyard. Put that card onto the battlefield under your control.", "toughness": "7", "type": "Legendary Creature — Angel", "types": ["Creature"], "uuid": "a0af6d22-1131-55ed-942f-4ee3abdc97ab"}, {"artist": "Zoltan Boros & Gabor Szikszai", "availability": ["paper"], "borderColor": "black", "colorIdentity": ["B", "G", "W"], "colors": ["B", "G", "W"], "convertedManaCost": 6.0, "edhrecRank": 2549, "finishes": ["foil"], "foreignData": [], "frameVersion": "2003", "hasFoil": true, "hasNonFoil": false, "identifiers": {"mtgjsonV4Id": "641e8b74-09cc-5a03-b856-6d40bf417c1c", "scryfallId": "32ba3102-c965-40e1-9d14-05642e66b34e", "scryfallIllustrationId": "7ad0bc9b-4b33-4fd2-b030-ec56dfba4550", "scryfallOracleId": "d41f0357-f1d6-45cc-b8ea-4efa41da1448", "tcgplayerProductId": "70778"}, "isOversized": true, "isReprint": true, "isStarter": true, "keywords": ["Flying"], "layout": "normal", "leadershipSkills": {"brawl": false, "commander": true, "oathbreaker": false}, "legalities": {"commander": "Legal", "duel": "Legal", "legacy": "Legal", "modern": "Legal", "penny": "Legal", "vintage": "Legal"}, "manaCost": "{3}{W}{B}{G}", "manaValue": 6.0, "name": "Teneb, the Harvester", "number": "230", "power": "6", "printings": ["C17", "CMD", "OCMD", "PLC"], "purchaseUrls": {"tcgplayer": "https://mtgjson.com/links/a2385a3bb9eeeff6"}, "rarity": "rare", "rulings": [{"date": "2007-02-01", "text": "You choose the target when the ability is put on the stack, and you choose whether to pay when it resolves."}], "setCode": "OCMD", "subtypes": ["Dragon"], "supertypes": ["Legendary"], "text": "Flying\nWhenever Teneb, the Harvester deals combat damage to a player, you may pay {2}{B}. If you do, put target creature card from a graveyard onto the battlefield under your control.", "toughness": "6", "type": "Legendary Creature — Dragon", "types": ["Creature"], "uuid": "36965d8a-cd92-5f76-8fb8-8055d64ef2a8"}, {"artist": "Mark Zug", "availability": ["paper"], "borderColor": "black", "colorIdentity": ["B", "G", "U"], "colors": ["B", "G", "U"], "convertedManaCost": 6.0, "edhrecRank": 7728, "finishes": ["foil"], "foreignData": [], "frameVersion": "2003", "hasFoil": true, "hasNonFoil": false, "identifiers": {"mtgjsonV4Id": "875c61cf-4e39-5655-b317-4d225376e37b", "scryfallId": "6f3b64a3-e02e-4f16-a862-9ac5b9c6430b", "scryfallIllustrationId": "46182be8-7027-471c-bf09-3dbe8e6acd91", "scryfallOracleId": "fda3c312-1a76-425c-8b23-0196452c4a5e", "tcgplayerProductId": "70780"}, "isOversized": true, "isReprint": true, "isStarter": true, "keywords": ["Flying"], "layout": "normal", "leadershipSkills": {"brawl": false, "commander": true, "oathbreaker": false}, "legalities": {"commander": "Legal", "duel": "Legal", "legacy": "Legal", "modern": "Legal", "penny": "Legal", "vintage": "Legal"}, "manaCost": "{3}{B}{G}{U}", "manaValue": 6.0, "name": "Vorosh, the Hunter", "number": "235", "power": "6", "printings": ["CM2", "CMD", "OCMD", "PLC"], "purchaseUrls": {"tcgplayer": "https://mtgjson.com/links/6da9dc3fa9aeb6cd"}, "rarity": "rare", "rulings": [], "setCode": "OCMD", "subtypes": ["Dragon"], "supertypes": ["Legendary"], "text": "Flying\nWhenever Vorosh, the Hunter deals combat damage to a player, you may pay {2}{G}. If you do, put six +1/+1 counters on Vorosh.", "toughness": "6", "type": "Legendary Creature — Dragon", "types": ["Creature"], "uuid": "8a26caad-c22d-5cf9-a919-7fee706ee626"}, {"artist": "Mark Zug", "availability": ["paper"], "borderColor": "black", "colorIdentity": ["R", "U", "W"], "colors": ["R", "U", "W"], "convertedManaCost": 4.0, "edhrecRank": 4693, "finishes": ["foil"], "foreignData": [], "frameVersion": "2003", "hasFoil": true, "hasNonFoil": false, "identifiers": {"mtgjsonV4Id": "24c6b328-735d-5638-92ce-c42608e0542a", "scryfallId": "342ccc77-ba91-48fc-9b34-2e15b9ae9467", "scryfallIllustrationId": "dec1264f-dd95-4b75-bfa7-d64949076565", "scryfallOracleId": "514179c0-a50b-4565-8e71-9dad256edd85", "tcgplayerProductId": "70781"}, "isOversized": true, "isReprint": true, "isStarter": true, "layout": "normal", "leadershipSkills": {"brawl": false, "commander": true, "oathbreaker": false}, "legalities": {"commander": "Legal", "duel": "Legal", "legacy": "Legal", "vintage": "Legal"}, "manaCost": "{1}{U}{R}{W}", "manaValue": 4.0, "name": "Zedruu the Greathearted", "number": "240", "power": "2", "printings": ["C16", "CMD", "CMR", "OCMD", "PRM", "PZ1"], "purchaseUrls": {"tcgplayer": "https://mtgjson.com/links/045dabdda2df4058"}, "rarity": "mythic", "rulings": [{"date": "2020-11-10", "text": "If either the opponent or the permanent you control becomes an illegal target by the time Zedruu’s last ability tries to resolve, the ability does nothing."}, {"date": "2020-11-10", "text": "If an opponent leaves the game, all permanents you gave to them courtesy of Zedruu will return to your control."}, {"date": "2020-11-10", "text": "If you leave the game, all permanents you own leave the game with you."}], "setCode": "OCMD", "subtypes": ["Minotaur", "Monk"], "supertypes": ["Legendary"], "text": "At the beginning of your upkeep, you gain X life and draw X cards, where X is the number of permanents you own that your opponents control.\n{U}{R}{W}: Target opponent gains control of target permanent you control.", "toughness": "4", "type": "Legendary Creature — Minotaur Monk", "types": ["Creature"], "uuid": "03a93b2a-f095-5165-9484-cc6724febcf5"}], "code": "OCMD", "isFoilOnly": true, "isOnlineOnly": false, "keyruneCode": "CMD", "name": "Commander 2011 Oversized", "parentCode": "CMD", "releaseDate": "2011-06-17", "tokens": [], "totalSetSize": 15, "translations": {}, "type": "memorabilia"}
