{"cards": [{"artist": "Matt Stewart", "availability": ["paper"], "borderColor": "black", "colorIdentity": ["U"], "colors": ["U"], "convertedManaCost": 5.0, "edhrecRank": 139, "finishes": ["nonfoil"], "flavorText": "2011 Legacy Championship Winner", "foreignData": [], "frameVersion": "2003", "hasFoil": false, "hasNonFoil": true, "identifiers": {"mtgjsonV4Id": "d41aa2f4-cbde-556c-a336-0ba0959ec8a0", "scryfallId": "a9b7de61-d201-4e75-b0c8-36816f0f418b", "scryfallIllustrationId": "ae3c6e7c-458f-41a5-aec2-f6d4ba1fee93", "scryfallOracleId": "956381ba-6d37-4a8a-846c-bad79222dbee"}, "isOversized": true, "isReprint": true, "isStarter": true, "layout": "normal", "legalities": {"commander": "Legal", "duel": "Legal", "legacy": "Legal", "premodern": "Banned", "vintage": "Legal"}, "manaCost": "{3}{U}{U}", "manaValue": 5.0, "name": "Force of Will", "number": "2011", "originalReleaseDate": "2011-08-06", "printings": ["2XM", "ALL", "EMA", "J14", "ME1", "MP2", "OLGC", "PRM", "VMA", "WC97"], "purchaseUrls": {}, "rarity": "rare", "rulings": [{"date": "2016-06-08", "text": "If another effect causes Force of Will to cost more, you must pay that additional cost even if you pay its alternative cost."}], "setCode": "OLGC", "subtypes": [], "supertypes": [], "text": "You may pay 1 life and exile a blue card from your hand rather than pay this spell's mana cost.\nCounter target spell.", "type": "Instant", "types": ["Instant"], "uuid": "1bec3212-c4c7-5b1d-bcd5-028406224f3d"}, {"artist": "Chris Rahn", "availability": ["paper"], "borderColor": "black", "colorIdentity": ["U"], "colors": ["U"], "convertedManaCost": 1.0, "edhrecRank": 33, "finishes": ["nonfoil"], "flavorText": "2012 Legacy Championship Winner", "foreignData": [], "frameVersion": "2003", "hasFoil": false, "hasNonFoil": true, "identifiers": {"mtgjsonV4Id": "f9850171-356f-5e30-a188-6093e4750a6b", "scryfallId": "82a5c5d4-1a3e-4a3c-bf77-1099836e2f04", "scryfallIllustrationId": "d80dde0d-b7ad-4091-941a-41130f905056", "scryfallOracleId": "36cd2364-d113-47d1-b2c4-b088d9eb88dd"}, "isOversized": true, "isReprint": true, "isStarter": true, "layout": "normal", "legalities": {"commander": "Legal", "duel": "Legal", "gladiator": "Legal", "historic": "Banned", "historicbrawl": "Legal", "legacy": "Legal", "pauper": "Legal", "paupercommander": "Legal", "premodern": "Banned", "vintage": "Restricted"}, "manaCost": "{U}", "manaValue": 1.0, "name": "Brainstorm", "number": "2012", "originalReleaseDate": "2012-08-19", "printings": ["2XM", "5ED", "A25", "AFC", "BTD", "C15", "C18", "C21", "CMD", "CNS", "CST", "DDJ", "EMA", "F04", "ICE", "MB1", "ME2", "MMQ", "OLGC", "PLIST", "PRM", "PZ1", "SLD", "SS1", "STA", "VMA", "WC00"], "purchaseUrls": {}, "rarity": "rare", "rulings": [{"date": "2018-03-16", "text": "You draw three cards and put two cards back all while Brainstorm is resolving. Nothing can happen between the two, and no player may choose to take actions."}], "setCode": "OLGC", "subtypes": [], "supertypes": [], "text": "Draw three cards, then put two cards from your hand on top of your library in any order.", "type": "Instant", "types": ["Instant"], "uuid": "134abd6d-ce3b-51f8-b990-a7b39b809f2b"}, {"artist": "Steven Belledin", "availability": ["paper"], "borderColor": "black", "colorIdentity": [], "colors": [], "convertedManaCost": 0.0, "edhrecRank": 623, "finishes": ["nonfoil"], "flavorText": "2013 Legacy Championship Winner", "foreignData": [], "frameVersion": "2003", "hasFoil": false, "hasNonFoil": true, "identifiers": {"mtgjsonV4Id": "e41f861c-778b-5046-aef1-20d656d58af4", "scryfallId": "fd8d3e8a-856d-4c3f-a72f-ec5ea1c2f55d", "scryfallIllustrationId": "eaa94264-a554-4203-bd95-550bec51e33a", "scryfallOracleId": "09a70ae8-3859-4a09-901d-dce063fa3b5f"}, "isOversized": true, "isReprint": true, "isStarter": true, "layout": "normal", "legalities": {"commander": "Legal", "duel": "Banned", "legacy": "Legal", "premodern": "Legal", "vintage": "Legal"}, "manaValue": 0.0, "name": "Wasteland", "number": "2013", "originalReleaseDate": "2013-11-03", "printings": ["EMA", "EXP", "G10", "J15", "MPR", "OLGC", "PRM", "SLD", "TMP", "TPR", "WC98", "WC99", "ZNE"], "purchaseUrls": {}, "rarity": "uncommon", "rulings": [], "setCode": "OLGC", "subtypes": [], "supertypes": [], "text": "{T}: Add {C}.\n{T}, Sacrifice Wasteland: Destroy target nonbasic land.", "type": "Land", "types": ["Land"], "uuid": "d0a0b261-1f1e-5b1d-94f3-4923548e56ed"}, {"artist": "Filip Burburan", "availability": ["paper"], "borderColor": "black", "colorIdentity": ["G"], "colors": [], "convertedManaCost": 0.0, "edhrecRank": 466, "finishes": ["nonfoil"], "flavorText": "2014 Legacy Championship Winner", "foreignData": [], "frameVersion": "2015", "hasFoil": false, "hasNonFoil": true, "identifiers": {"mtgjsonV4Id": "3807c9db-a4bd-5d85-80bf-34b63a8b9e4c", "scryfallId": "3faf2c71-8591-4005-a93f-08441e3bba49", "scryfallIllustrationId": "5f3d5aa5-eb11-44d2-97e0-b5d8cfe1abab", "scryfallOracleId": "7c427c3d-ecd8-45ef-bebd-8f10f4a311db"}, "isOversized": true, "isReprint": true, "isReserved": true, "isStarter": true, "layout": "normal", "legalities": {"commander": "Legal", "duel": "Banned", "legacy": "Legal", "premodern": "Legal", "vintage": "Legal"}, "manaValue": 0.0, "name": "Gaea's Cradle", "number": "2014", "originalReleaseDate": "2014-10-25", "printings": ["JGP", "OLGC", "PRM", "USG", "WC99"], "purchaseUrls": {}, "rarity": "mythic", "rulings": [], "setCode": "OLGC", "subtypes": [], "supertypes": ["Legendary"], "text": "{T}: Add {G} for each creature you control.", "type": "Legendary Land", "types": ["Land"], "uuid": "20d109d1-96f1-5050-9e96-3476f7dfc5a9"}, {"artist": "Raoul Vitale", "availability": ["paper"], "borderColor": "black", "colorIdentity": ["U", "W"], "colors": [], "convertedManaCost": 0.0, "edhrecRank": 438, "finishes": ["nonfoil"], "flavorText": "2015 Legacy Championship Winner", "foreignData": [], "frameVersion": "2015", "hasFoil": false, "hasNonFoil": true, "identifiers": {"mtgjsonV4Id": "960c307f-598a-53a2-83f8-001ec3bf1e89", "scryfallId": "8ef5d61d-2648-4cbc-8083-3f3c6b362825", "scryfallIllustrationId": "77fbc256-cd5c-4060-85a6-cbc247fb3cda", "scryfallOracleId": "02418479-9455-417f-a6a1-004356faff37"}, "isOversized": true, "isReprint": true, "isReserved": true, "isStarter": true, "layout": "normal", "legalities": {"commander": "Legal", "duel": "Legal", "legacy": "Legal", "vintage": "Legal"}, "manaValue": 0.0, "name": "Tundra", "number": "2015", "originalReleaseDate": "2015-08-22", "printings": ["2ED", "3ED", "CED", "CEI", "FBB", "LEA", "LEB", "ME2", "ME4", "OLGC", "PRM", "SUM", "VMA"], "purchaseUrls": {}, "rarity": "mythic", "rulings": [{"date": "2008-10-01", "text": "This has the mana abilities associated with both of its basic land types."}, {"date": "2008-10-01", "text": "This has basic land types, but it isn’t a basic land. Things that affect basic lands don’t affect it. Things that affect basic land types do."}], "setCode": "OLGC", "subtypes": ["Plains", "Island"], "supertypes": [], "text": "({T}: Add {W} or {U}.)", "type": "Land — Plains Island", "types": ["Land"], "uuid": "7a6eaf78-ad04-5e89-8a1d-809891c24755"}, {"artist": "Filip Burburan", "availability": ["paper"], "borderColor": "black", "colorIdentity": ["B", "U"], "colors": [], "convertedManaCost": 0.0, "edhrecRank": 359, "finishes": ["nonfoil"], "flavorText": "2016 European Legacy Champion", "foreignData": [], "frameVersion": "2015", "hasFoil": false, "hasNonFoil": true, "identifiers": {"mtgjsonV4Id": "7bbc3d32-8db7-587c-a214-889a7387ef12", "scryfallId": "962719f7-ff8e-480b-985e-bd53a111793b", "scryfallIllustrationId": "76e98b9d-a6cd-4361-adb6-7b3f598583b1", "scryfallOracleId": "4b22be3a-8ce1-47d1-b82e-6c3ccfb0548b"}, "isOversized": true, "isReprint": true, "isReserved": true, "isStarter": true, "layout": "normal", "legalities": {"commander": "Legal", "duel": "Legal", "legacy": "Legal", "vintage": "Legal"}, "manaValue": 0.0, "name": "Underground Sea", "number": "2016EU", "originalReleaseDate": "2016-10-22", "printings": ["2ED", "3ED", "CED", "CEI", "FBB", "LEA", "LEB", "ME2", "ME4", "OLGC", "PRM", "SUM", "VMA"], "purchaseUrls": {}, "rarity": "mythic", "rulings": [{"date": "2008-10-01", "text": "This has the mana abilities associated with both of its basic land types."}, {"date": "2008-10-01", "text": "This has basic land types, but it isn’t a basic land. Things that affect basic lands don’t affect it. Things that affect basic land types do."}], "setCode": "OLGC", "subtypes": ["Island", "Swamp"], "supertypes": [], "text": "({T}: Add {U} or {B}.)", "type": "Land — Island Swamp", "types": ["Land"], "uuid": "7ead5d2f-835a-51e6-bf98-4ef3f48615d1"}, {"artist": "Filip Burburan", "availability": ["paper"], "borderColor": "black", "colorIdentity": ["B", "R"], "colors": [], "convertedManaCost": 0.0, "edhrecRank": 429, "finishes": ["nonfoil"], "flavorText": "2016 North American Legacy Champion", "foreignData": [], "frameVersion": "2015", "hasFoil": false, "hasNonFoil": true, "identifiers": {"mtgjsonV4Id": "9b63b103-e084-5b62-8f66-85fd21b96c98", "scryfallId": "644aba21-1fa7-4483-b9bf-56c5fe4d8975", "scryfallIllustrationId": "4d54317c-4bee-467f-bbfb-48dd5ceb1ed8", "scryfallOracleId": "13ff3222-91cb-4796-a34e-899ed817694c"}, "isOversized": true, "isReprint": true, "isReserved": true, "isStarter": true, "layout": "normal", "legalities": {"commander": "Legal", "duel": "Legal", "legacy": "Legal", "vintage": "Legal"}, "manaValue": 0.0, "name": "Badlands", "number": "2016NA", "originalReleaseDate": "2016-10-29", "printings": ["2ED", "3ED", "CED", "CEI", "FBB", "LEA", "LEB", "ME2", "ME4", "OLGC", "PRM", "SUM", "VMA"], "purchaseUrls": {}, "rarity": "mythic", "rulings": [{"date": "2004-10-04", "text": "Land type changing effects that change a dual land’s land type will remove the old land types completely. Text-changing effects that just change one of the two land types will leave the other type unaffected."}, {"date": "2004-10-04", "text": "This card is a Mountain and a Swamp even while in the graveyard, library, or any other zone."}, {"date": "2008-10-01", "text": "This has the mana abilities associated with both of its basic land types."}, {"date": "2008-10-01", "text": "This has basic land types, but it isn’t a basic land. Things that affect basic lands don’t affect it. Things that affect basic land types do."}], "setCode": "OLGC", "subtypes": ["Swamp", "Mountain"], "supertypes": [], "text": "({T}: Add {B} or {R}.)", "type": "Land — Swamp Mountain", "types": ["Land"], "uuid": "180a1c25-6e50-5473-b0d4-fa8cd1475b17"}, {"artist": "Mark Poole", "availability": ["paper"], "borderColor": "black", "colorIdentity": ["G", "R"], "colors": [], "convertedManaCost": 0.0, "edhrecRank": 474, "finishes": ["nonfoil"], "flavorText": "2017 European Legacy Champion", "foreignData": [], "frameVersion": "2015", "hasFoil": false, "hasNonFoil": true, "identifiers": {"mtgjsonV4Id": "757c7b8e-9da1-509c-b1a4-8d6e4a8574df", "scryfallId": "453e1bf8-e570-4b9b-8f41-5f4f31ae3b0e", "scryfallIllustrationId": "2f43fbc0-0ae8-46e4-ba71-79b463257499", "scryfallOracleId": "22e3cf1d-3559-4ce1-954c-8dc815342979"}, "isOversized": true, "isReprint": true, "isReserved": true, "isStarter": true, "layout": "normal", "legalities": {"commander": "Legal", "duel": "Legal", "legacy": "Legal", "vintage": "Legal"}, "manaValue": 0.0, "name": "Taiga", "number": "2017EU", "originalReleaseDate": "2017-03-31", "printings": ["2ED", "3ED", "CED", "CEI", "FBB", "LEA", "LEB", "ME2", "ME4", "OLGC", "PRM", "SUM", "VMA"], "purchaseUrls": {}, "rarity": "mythic", "rulings": [{"date": "2008-10-01", "text": "This has the mana abilities associated with both of its basic land types."}, {"date": "2008-10-01", "text": "This has basic land types, but it isn’t a basic land. Things that affect basic lands don’t affect it. Things that affect basic land types do."}], "setCode": "OLGC", "subtypes": ["Mountain", "Forest"], "supertypes": [], "text": "({T}: Add {R} or {G}.)", "type": "Land — Mountain Forest", "types": ["Land"], "uuid": "07b720c0-37fc-51de-91b7-e6c51535f233"}, {"artist": "Mark Poole", "availability": ["paper"], "borderColor": "black", "colorIdentity": ["G", "W"], "colors": [], "convertedManaCost": 0.0, "edhrecRank": 461, "finishes": ["nonfoil"], "flavorText": "2017 North American Legacy Champion", "foreignData": [], "frameVersion": "2015", "hasFoil": false, "hasNonFoil": true, "identifiers": {"mtgjsonV4Id": "10503346-859c-523b-927c-9995df010e98", "scryfallId": "931184cf-0b9a-49d5-8234-a25b90dbaedb", "scryfallIllustrationId": "dc10a356-ec06-4ebd-b551-62fee2b692f4", "scryfallOracleId": "703243f0-8cb3-420f-958f-5fd4bde30293"}, "isOversized": true, "isReprint": true, "isReserved": true, "isStarter": true, "layout": "normal", "legalities": {"commander": "Legal", "duel": "Legal", "legacy": "Legal", "vintage": "Legal"}, "manaValue": 0.0, "name": "Savannah", "number": "2017NA", "originalReleaseDate": "2018-05-04", "printings": ["2ED", "3ED", "CED", "CEI", "FBB", "LEA", "LEB", "ME2", "ME4", "OLGC", "PRM", "SUM", "VMA"], "purchaseUrls": {}, "rarity": "mythic", "rulings": [{"date": "2008-10-01", "text": "This has the mana abilities associated with both of its basic land types."}, {"date": "2008-10-01", "text": "This has basic land types, but it isn’t a basic land. Things that affect basic lands don’t affect it. Things that affect basic land types do."}], "setCode": "OLGC", "subtypes": ["Forest", "Plains"], "supertypes": [], "text": "({T}: Add {G} or {W}.)", "type": "Land — Forest Plains", "types": ["Land"], "uuid": "cfd50fb6-caac-5ba9-b6b5-d5bb01f478b5"}, {"artist": "Mark Poole", "availability": ["paper"], "borderColor": "black", "colorIdentity": ["B", "W"], "colors": [], "convertedManaCost": 0.0, "edhrecRank": 441, "finishes": ["nonfoil"], "flavorText": "2018 Europe Legacy Champion", "foreignData": [], "frameVersion": "2015", "hasFoil": false, "hasNonFoil": true, "identifiers": {"mtgjsonV4Id": "c44687d7-5d21-5b79-9162-6d63e41fddf3", "scryfallId": "d1428846-e0da-4b62-b0e9-25efe846cc33", "scryfallIllustrationId": "97249d9a-1310-4422-8914-5c7996fce772", "scryfallOracleId": "c8d95ca8-7d12-4072-aeaf-e20f248c7e39"}, "isOversized": true, "isReprint": true, "isReserved": true, "isStarter": true, "layout": "normal", "legalities": {"commander": "Legal", "duel": "Legal", "legacy": "Legal", "vintage": "Legal"}, "manaValue": 0.0, "name": "Scrubland", "number": "2018", "originalReleaseDate": "2017-10-19", "printings": ["2ED", "3ED", "CED", "CEI", "FBB", "LEA", "LEB", "ME3", "ME4", "OLGC", "PRM", "SUM", "VMA"], "purchaseUrls": {}, "rarity": "mythic", "rulings": [{"date": "2008-10-01", "text": "This has the mana abilities associated with both of its basic land types."}, {"date": "2008-10-01", "text": "This has basic land types, but it isn’t a basic land. Things that affect basic lands don’t affect it. Things that affect basic land types do."}], "setCode": "OLGC", "subtypes": ["Plains", "Swamp"], "supertypes": [], "text": "({T}: Add {W} or {B}.)", "type": "Land — Plains Swamp", "types": ["Land"], "uuid": "fb95e080-c21f-54aa-a240-6ff27131343a"}, {"artist": "Mark Poole", "availability": ["paper"], "borderColor": "black", "colorIdentity": ["R", "W"], "colors": [], "convertedManaCost": 0.0, "edhrecRank": 510, "finishes": ["nonfoil"], "flavorText": "2018 Asia Legacy Champion", "foreignData": [], "frameVersion": "2015", "hasFoil": false, "hasNonFoil": true, "identifiers": {"mtgjsonV4Id": "f5a780a7-272e-5a98-b389-482db32ae8de", "scryfallId": "0829af6e-7dd9-4bce-bf14-1c5d509556cb", "scryfallIllustrationId": "96a73489-755d-4a2d-ab3a-d02634e658aa", "scryfallOracleId": "c7a15ca4-085f-4d92-8387-c3711c04c8fa"}, "isOversized": true, "isReprint": true, "isReserved": true, "isStarter": true, "layout": "normal", "legalities": {"commander": "Legal", "duel": "Legal", "legacy": "Legal", "vintage": "Legal"}, "manaValue": 0.0, "name": "Plateau", "number": "2018A", "originalReleaseDate": "2018-08-19", "printings": ["2ED", "3ED", "CED", "CEI", "FBB", "LEA", "LEB", "ME3", "ME4", "OLGC", "PRM", "SUM", "VMA"], "purchaseUrls": {}, "rarity": "mythic", "rulings": [{"date": "2008-10-01", "text": "This has the mana abilities associated with both of its basic land types."}, {"date": "2008-10-01", "text": "This has basic land types, but it isn’t a basic land. Things that affect basic lands don’t affect it. Things that affect basic land types do."}], "setCode": "OLGC", "subtypes": ["Mountain", "Plains"], "supertypes": [], "text": "({T}: Add {R} or {W}.)", "type": "Land — Mountain Plains", "types": ["Land"], "uuid": "bcc622d8-3849-5dec-9b24-73a771956d6b"}, {"artist": "Mark Poole", "availability": ["paper"], "borderColor": "black", "colorIdentity": ["R", "U"], "colors": [], "convertedManaCost": 0.0, "edhrecRank": 422, "finishes": ["nonfoil"], "flavorText": "2018 North America Legacy Championship", "foreignData": [], "frameVersion": "2015", "hasFoil": false, "hasNonFoil": true, "identifiers": {"mtgjsonV4Id": "32f82519-2ec0-5677-9e30-89ecd12e2325", "scryfallId": "154ce456-38d2-4195-93b7-302e11c006e2", "scryfallIllustrationId": "a723d92d-0877-4396-9743-5683efbd12eb", "scryfallOracleId": "c718911c-c955-4eb9-9e16-be4bd49a4e4e"}, "isOversized": true, "isReprint": true, "isReserved": true, "isStarter": true, "layout": "normal", "legalities": {"commander": "Legal", "duel": "Legal", "legacy": "Legal", "vintage": "Legal"}, "manaValue": 0.0, "name": "Volcanic Island", "number": "2018NA", "originalReleaseDate": "2018-11-04", "printings": ["2ED", "3ED", "CED", "CEI", "FBB", "LEB", "ME3", "ME4", "OLGC", "PRM", "SUM", "VMA"], "purchaseUrls": {}, "rarity": "mythic", "rulings": [{"date": "2008-10-01", "text": "This has the mana abilities associated with both of its basic land types."}, {"date": "2008-10-01", "text": "This has basic land types, but it isn’t a basic land. Things that affect basic lands don’t affect it. Things that affect basic land types do."}], "setCode": "OLGC", "subtypes": ["Island", "Mountain"], "supertypes": [], "text": "({T}: Add {U} or {R}.)", "type": "Land — Island Mountain", "types": ["Land"], "uuid": "032d7f09-cb7e-525c-8229-7a325a940316"}, {"artist": "Mark Poole", "availability": ["paper"], "borderColor": "black", "colorIdentity": ["G", "U"], "colors": [], "convertedManaCost": 0.0, "edhrecRank": 348, "finishes": ["nonfoil"], "flavorText": "2019 Europe Legacy Champion", "foreignData": [], "frameVersion": "2015", "hasFoil": false, "hasNonFoil": true, "identifiers": {"mtgjsonV4Id": "19b2e5c6-9598-514a-9f25-e94461d0b93d", "scryfallId": "2674e6d9-51b9-405c-ab01-75474abcf690", "scryfallIllustrationId": "55cb2490-6d02-4798-a951-b9da62efd65b", "scryfallOracleId": "74b7fe23-5d3a-4092-8d78-7c0eba8f6f73"}, "isOversized": true, "isReprint": true, "isReserved": true, "isStarter": true, "layout": "normal", "legalities": {"commander": "Legal", "duel": "Legal", "gladiator": "Legal", "legacy": "Legal", "vintage": "Legal"}, "manaValue": 0.0, "name": "Tropical Island", "number": "2019", "originalReleaseDate": "2019-12-21", "printings": ["2ED", "3ED", "CED", "CEI", "FBB", "J21", "LEA", "LEB", "ME3", "ME4", "OLGC", "PRM", "SUM", "VMA"], "purchaseUrls": {}, "rarity": "mythic", "rulings": [{"date": "2008-10-01", "text": "This has the mana abilities associated with both of its basic land types."}, {"date": "2008-10-01", "text": "This has basic land types, but it isn’t a basic land. Things that affect basic lands don’t affect it. Things that affect basic land types do."}], "setCode": "OLGC", "subtypes": ["Forest", "Island"], "supertypes": [], "text": "({T}: Add {G} or {U}.)", "type": "Land — Forest Island", "types": ["Land"], "uuid": "b2d870f3-255e-54b5-84e0-b21408a2c62f"}, {"artist": "Raoul Vitale", "availability": ["paper"], "borderColor": "black", "colorIdentity": ["B", "G"], "colors": [], "convertedManaCost": 0.0, "edhrecRank": 371, "finishes": ["nonfoil", "foil"], "flavorText": "2019 Asia Legacy Champion", "foreignData": [], "frameVersion": "2015", "hasFoil": true, "hasNonFoil": true, "identifiers": {"mtgjsonV4Id": "2997f975-0160-5cd9-8234-42ecbb08b70e", "scryfallId": "771ab45c-1a14-4ea1-b35a-1cb00a0fc5ff", "scryfallIllustrationId": "be6d5752-0e4b-481a-927e-33c40cefaa4e", "scryfallOracleId": "b76d1ae6-ad1d-4bac-b4c3-2e03e0e84d9b"}, "isOversized": true, "isReprint": true, "isReserved": true, "isStarter": true, "layout": "normal", "legalities": {"commander": "Legal", "duel": "Legal", "legacy": "Legal", "vintage": "Legal"}, "manaValue": 0.0, "name": "Bayou", "number": "2019A", "originalReleaseDate": "2019-08-18", "printings": ["2ED", "3ED", "CED", "CEI", "FBB", "LEA", "LEB", "ME3", "ME4", "OLGC", "PRM", "SUM", "VMA"], "purchaseUrls": {}, "rarity": "mythic", "rulings": [{"date": "2008-10-01", "text": "This has the mana abilities associated with both of its basic land types."}, {"date": "2008-10-01", "text": "This has basic land types, but it isn’t a basic land. Things that affect basic lands don’t affect it. Things that affect basic land types do."}], "setCode": "OLGC", "subtypes": ["Swamp", "Forest"], "supertypes": [], "text": "({T}: Add {B} or {G}.)", "type": "Land — Swamp Forest", "types": ["Land"], "uuid": "1ccf0283-06b8-529b-b6f3-028dca4d3017"}, {"artist": "Ralph Horsley", "availability": ["paper"], "borderColor": "black", "colorIdentity": [], "colors": [], "convertedManaCost": 0.0, "edhrecRank": 3391, "finishes": ["nonfoil"], "flavorText": "2019 North America Legacy Champion", "foreignData": [], "frameVersion": "2015", "hasFoil": false, "hasNonFoil": true, "identifiers": {"mtgjsonV4Id": "4f896398-dd5d-52e5-a9d8-9c2bdf6f1eed", "scryfallId": "4c19926a-7792-4e0f-8418-a44f0cf5eeea", "scryfallIllustrationId": "0053204d-2571-4244-9194-bc2bf5441153", "scryfallOracleId": "f161111d-9747-47b3-bb10-3c8bded32e21"}, "isOversized": true, "isReprint": true, "isReserved": true, "isStarter": true, "layout": "normal", "legalities": {"commander": "Legal", "duel": "Legal", "legacy": "Legal", "premodern": "Legal", "vintage": "Legal"}, "manaValue": 0.0, "name": "City of Traitors", "number": "2019NA", "originalReleaseDate": "2019-11-03", "printings": ["EXO", "OLGC", "TPR", "WC99"], "purchaseUrls": {}, "rarity": "mythic", "rulings": [{"date": "2004-10-04", "text": "City of Traitors does not trigger on lands that are put onto the battlefield without playing them."}, {"date": "2004-10-04", "text": "City of Traitors does not trigger on itself being played."}], "setCode": "OLGC", "subtypes": [], "supertypes": [], "text": "When you play another land, sacrifice City of Traitors.\n{T}: Add {C}{C}.", "type": "Land", "types": ["Land"], "uuid": "930c7162-9f0c-58cc-a51d-5b8948661cf8"}, {"artist": "Rob Alexander", "availability": ["paper"], "borderColor": "black", "colorIdentity": ["W"], "colors": [], "convertedManaCost": 0.0, "finishes": ["nonfoil"], "flavorText": "2020 Legacy Champion", "foreignData": [], "frameEffects": ["legendary"], "frameVersion": "2015", "hasFoil": false, "hasNonFoil": true, "identifiers": {"mtgjsonV4Id": "fadeee5c-9419-595e-9e0b-a7f462a4f97d", "scryfallId": "b68c652e-9413-456e-b875-bf9a0ca801a8", "scryfallIllustrationId": "340c71ce-cef3-49bb-a771-b4da0e017487", "scryfallOracleId": "59119143-c0fa-49dd-adf0-e2fd3029c48b"}, "isOversized": true, "isReprint": true, "isStarter": true, "layout": "normal", "legalities": {"commander": "Banned", "duel": "Banned", "legacy": "Legal", "vintage": "Legal"}, "manaValue": 0.0, "name": "Karakas", "number": "2020A", "originalReleaseDate": "2020-10-16", "printings": ["EMA", "J12", "LEG", "ME3", "OLGC", "PRM", "PUMA", "TD0", "UMA"], "purchaseUrls": {}, "rarity": "mythic", "rulings": [], "setCode": "OLGC", "subtypes": [], "supertypes": ["Legendary"], "text": "{T}: Add {W}.\n{T}: Return target legendary creature to its owner's hand.", "type": "Legendary Land", "types": ["Land"], "uuid": "db574022-3a52-5132-9df2-dd8a7722e93b"}, {"artist": "Chris Seaman", "availability": ["paper"], "borderColor": "black", "colorIdentity": [], "colors": [], "convertedManaCost": 0.0, "edhrecRank": 6894, "finishes": ["nonfoil"], "flavorText": "2020 Legacy Champion", "foreignData": [], "frameVersion": "2015", "hasFoil": false, "hasNonFoil": true, "identifiers": {"mtgjsonV4Id": "6d36b1bb-c238-58f0-bca5-c6aed3243752", "scryfallId": "75876b45-4fc8-41b4-bc87-19c5a1d7e315", "scryfallIllustrationId": "071f9ebd-9a22-4a9f-b10b-5d4c7adffa66", "scryfallOracleId": "f3e8dc56-2810-474e-a6a7-9c3555f94ae9"}, "isOversized": true, "isReprint": true, "isStarter": true, "layout": "normal", "legalities": {"commander": "Legal", "duel": "Legal", "legacy": "Legal", "premodern": "Legal", "vintage": "Legal"}, "manaValue": 0.0, "name": "Rishadan Port", "number": "2020B", "originalReleaseDate": "2020-10-16", "printings": ["A25", "J15", "MMQ", "OLGC", "PRM", "WC00", "WC01"], "purchaseUrls": {}, "rarity": "mythic", "rulings": [{"date": "2018-03-16", "text": "Once you announce that you’re casting a spell or activating an ability, no player may take other actions until the spell or ability has been paid for. Notably, players can’t try to tap your lands to stop you from paying."}], "setCode": "OLGC", "subtypes": [], "supertypes": [], "text": "{T}: Add {C}.\n{1}, {T}: Tap target land.", "type": "Land", "types": ["Land"], "uuid": "6f9fa177-20ab-5882-91e2-0cbf9a6c9277"}, {"artist": "Milivoj Ćeran", "availability": ["paper"], "borderColor": "black", "colorIdentity": [], "colors": [], "convertedManaCost": 0.0, "edhrecRank": 446, "finishes": ["nonfoil"], "flavorText": "2020 Legacy Champion", "foreignData": [], "frameVersion": "2015", "hasFoil": false, "hasNonFoil": true, "identifiers": {"mtgjsonV4Id": "eb118764-22dc-593b-9ac3-d07c6afe997c", "scryfallId": "f8a7e4ce-b7a1-4476-89c7-74825ba31382", "scryfallIllustrationId": "c7c54277-44ef-4938-bf4c-f887ef014651", "scryfallOracleId": "38a12bd7-4394-44a8-91a0-6a4ff7fa4f71"}, "isOversized": true, "isReprint": true, "isStarter": true, "layout": "normal", "legalities": {"commander": "Legal", "duel": "Legal", "legacy": "Legal", "vintage": "Legal"}, "manaValue": 0.0, "name": "Maze of Ith", "number": "2020C", "originalReleaseDate": "2020-10-16", "printings": ["2XM", "DRK", "EMA", "G09", "ME4", "OLGC", "PRM", "V12"], "purchaseUrls": {}, "rarity": "mythic", "rulings": [{"date": "2016-06-08", "text": "Maze of Ith can target an untapped attacking creature. It will still prevent damage in that case."}, {"date": "2016-06-08", "text": "The creature isn’t removed from combat; it just has its damage prevented. It’s still an attacking creature until the combat phase is complete."}, {"date": "2016-06-08", "text": "You can activate Maze of Ith’s ability targeting an attacking creature you control during the combat damage step or the end of combat step. It’ll be untapped and the damage it had already dealt won’t be undone."}], "setCode": "OLGC", "subtypes": [], "supertypes": [], "text": "{T}: Untap target attacking creature. Prevent all combat damage that would be dealt to and dealt by that creature this turn.", "type": "Land", "types": ["Land"], "uuid": "75422013-1379-515c-88b3-da7249435eb3"}], "code": "OLGC", "isFoilOnly": false, "isOnlineOnly": false, "keyruneCode": "PMEI", "name": "Legacy Championship", "releaseDate": "2011-01-01", "tokens": [], "totalSetSize": 18, "translations": {}, "type": "memorabilia"}
